{
	"Version":"1.3",
	"list":[
		{
			"id":"1",
			"color":{
						"R":"255",
						"G":"0",
						"B":"0"
					},
			"title":"พื้นที่ Living Area",
			"list":[
				{
					"id":"1-1",
					"title":"งานพื้น",
					"list":[
						{
							"id":"1-1-1",
							"title":"พื้นไม้ยวบ"
						},
						{
							"id":"1-1-2",
							"title":"พื้นไม้บวม"
						},
						{
							"id":"1-1-3",
							"title":"พื้นไม้ขึ้นรา"
						},
						{
							"id":"1-1-4",
							"title":"พื้นไม้มีสีเพี้ยน , และสีแตกต่างกับแผ่นข้างเคียงชัดเจน"
						},
						{
							"id":"1-1-5",
							"title":"พื้นไม้มีรอยขีดข่วน หรือ ตำหนิที่เกิดจากวัสดุ"
						},
						{
							"id":"1-1-6",
							"title":"พื้นไม้มีคราบกาวที่เกิดจากงานของวอลล์เปเปอร์"
						},
						{
							"id":"1-1-7",
							"title":"เก็บงานรอยต่อบัวพื้นหน้าตัดตรง และรอยต่อเข้ามุม"
						},
						{
							"id":"1-1-8",
							"title":"เก็บงานซิลิโคนตามแนวการจบงานของผนังและพื้น"
						},
						{
							"id":"1-1-9",
							"title":"เก็บงานธรณีประตู"
						}
					]
				},
				{
					"id":"1-2",
					"title":"งานผนัง",
					"list":[
						{
							"id":"1-2-1",
							"title":"ผนังเกิดรอยร้าวจากงานโครงสร้าง"
						},
						{
							"id":"1-2-2",
							"title":"ผนังไม้ไต้ติ่ง ฉาก และระนาบ"
						},
						{
							"id":"1-2-3",
							"title":"สีวอลล์เปเปอร์เพี้ยนชัดเจน"
						},
						{
							"id":"1-2-4",
							"title":"รอยต่อแผ่นวอลล์เปเปอร์ไม่เรียบเนียนเห็นชัดเจน"
						},
						{
							"id":"1-2-5",
							"title":"รอยต่อบริเวณแนวผนังกับฝ้าเพดานเลื้อยไม่ได้ฉาก"
						},
						{
							"id":"1-2-6",
							"title":"รอยต่อบริเวณแนวผนังกับอลูมิเนียมไม่เรียบร้อย"
						},
						{
							"id":"1-2-7",
							"title":"งานวอลล์เปเปอร์ติดตั้งไม่เรียบ"
						},
						{
							"id":"1-2-8",
							"title":"งานวอลล์เปเปอร์มีเชื้อรา"
						},
						{
							"id":"1-2-9",
							"title":"วอลล์เปเปอร์มีตำหนิ หรือมีรอยขาด "
						},
						{
							"id":"1-2-10",
							"title":"มีคราบกาวเลอะผนังวอลล์เปเปอร์"
						},
						{
							"id":"1-2-11",
							"title":"เก็บงานซิลิโคนตามแนวรอยต่อวอลล์เปเปอร์ไม่เรียบร้อย"
						}
					]
				},
				{
					"id":"1-3",
					"title":"งานฝ้าเพดาน",
					"list":[
						{
							"id":"1-3-1",
							"title":"สีฝ้าเพดานไม่เรียบเนียบสม่ำเสมอ"
						},
						{
							"id":"1-3-2",
							"title":"สีฝ้าเพดานเป็นรอยด่าง"
						},
						{
							"id":"1-3-3",
							"title":"สีฝ้าเพดานเลอะอุปกรณ์งานระบบ"
						},
						{
							"id":"1-3-4",
							"title":"สีฝ้าเพดานเป็นแนวคลื่น"
						},
						{
							"id":"1-3-5",
							"title":"มีคราบกาวของงานวอลล์เปเปอร์เลอะตามแนวฝ้ากับผนัง"
						},
						{
							"id":"1-3-6",
							"title":"รอยต่อแผ่นฝ้าเพดานไม่ได้ฉากตามมุมห้อง"
						},
						{
							"id":"1-3-7",
							"title":"แนวฝ้าเพดานแอ่นไม่ได้ระนาบ"
						}
					]
				},
				{
					"id":"1-4",
					"title":"งานกระจก - หน้าต่างอลูมิเนียม",
					"list":[
						{
							"id":"1-4-1",
							"title":"กระจกของประตูหน้าต่างอลูมิเนียมเป็นรอยขีดข่วน"
						},
						{
							"id":"1-4-2",
							"title":"กระจกของประตูหน้าต่างอลูมิเนียมเลอะคราบกาว"
						},
						{
							"id":"1-4-3",
							"title":"ยางรองขอบกระจกติดตั้งไม่แน่น"
						},
						{
							"id":"1-4-4",
							"title":"เฟรมอลูมิเนียมบุบ"
						},
						{
							"id":"1-4-5",
							"title":"บานหน้าต่าง หรือประตูล็อคยาก"
						},
						{
							"id":"1-4-6",
							"title":"เฟรมอลูมิเนียมมีรอยขีดข่วน"
						},
						{
							"id":"1-4-7",
							"title":"ยางรองขอบอลูมิเนียมไม่แน่น"
						},
						{
							"id":"1-4-8",
							"title":"บานกระจกหน้าต่าง หรือประตูเลื่อนยาก"
						},
						{
							"id":"1-4-9",
							"title":"ขอบอลูมิเนียมเลอะคราบกาวงานวอลล์เปเปอร์"
						},
						{
							"id":"1-4-10",
							"title":"เก็บงานยางหรืองานซิลิโคนรอบอลูมิเนียมไม่เรียบร้อย"
						},
						{
							"id":"1-4-11",
							"title":"เก็บรอยต่อเฟรมอลูมิเนียม"
						}
					]
				},
				{
					"id":"1-5",
					"title":"งานประตู",
					"list":[
						{
							"id":"1-5-1",
							"title":"เก็บงานบานประตูบิ่น บิดผิดรูป"
						},
						{
							"id":"1-5-2",
							"title":"เก็บงานตรงบานพับประตู"
						},
						{
							"id":"1-5-3",
							"title":"เก็บงานสี บริเวณสันบาน และวงกบประตู"
						},
						{
							"id":"1-5-4",
							"title":"ประตู เปิด-ปิด หลายจังหวะ"
						},
						{
							"id":"1-5-5",
							"title":"ระบบการเปิด-ปิดประตูมีปัณหา"
						},
						{
							"id":"1-5-6",
							"title":"เก็บรอยต่อซับวงกบ"
						},
						{
							"id":"1-5-7",
							"title":"อุปกรณ์ล็อคไม่สมบูรณ์"
						}
					]
				},
				{
					"id":"1-6",
					"title":"งานระบบ",
					"list":[
						{
							"id":"1-6-1",
							"title":"สวิตซ์ไฟฟ้า/ดวงโคม มีปัญหาเรื่องการเปิด-ปิด"
						},
						{
							"id":"1-6-2",
							"title":"การติดตั้งสวิตซ์/ดวงโคม เบี้ยวเอียง"
						},
						{
							"id":"1-6-3",
							"title":"สวิตซ์/ดวงโคมเกิดตำหนิ"
						},
						{
							"id":"1-6-4",
							"title":"เต้ารับไฟฟ้ามีปัญหาเรื่องไฟไม่ครบวงจร"
						},
						{
							"id":"1-6-5",
							"title":"เต้ารับโทรศัพท์มีปัญหาเรื่องสัญญาณการโทรเข้า-ออก"
						},
						{
							"id":"1-6-6",
							"title":"เต้ารับโทรทัศน์มีปัญหาเรื่องการรับสัญญาณภาพและเสียง"
						},
						{
							"id":"1-6-7",
							"title":"เครื่องปรับอากาศมีปัญหาเรื่องการเปิด-ปิด"
						},
						{
							"id":"1-6-8",
							"title":"เครื่องปรับอากาศมีปัญหาเรื่องการติดตั้งและอุณหภูมิไม่เย็น"
						},
						{
							"id":"1-6-9",
							"title":"ตำหนิของวัสดุรวมทั้งความสะอาดทั้งหมด"
						}
					]
				},
				{
					"id":"1-7",
					"title":"งานเฟอร์นิเจอร์และชุดครัว",
					"list":[
						{
							"id":"1-7-1",
							"title":"เก็บงานสีหน้าบานของตู้เสื้อผ้า , ตู้ชุดครัว หรือตู้รองเท้า"
						},
						{
							"id":"1-7-2",
							"title":"เก็บงานรอยขีดข่วนบริเวณตู้เสื้อผ้า , ตู้ชุดครัว หรือตู้รองเท้า"
						},
						{
							"id":"1-7-3",
							"title":"ปรับหน้าบานของตู้เสื้อผ้า , ตู้ชุดครัว หรือตู้รองเท้า"
						},
						{
							"id":"1-7-4",
							"title":"แก้ไขขอบมุมหน้าบานของตู้เสื้อผ้า , ตู้ชุดครัว หรือตู้รองเท้าบิ่น"
						},
						{
							"id":"1-7-5",
							"title":"เก็บงานซิลิโคนตามแนวรอยต่อของตู้เสื้อผ้า , ตู้ชุดครัว หรือตู้รองเท้า"
						},
						{
							"id":"1-7-6",
							"title":"เก็บรอยขีดข่วนตามชั้นวาง Shelve DVD"
						},
						{
							"id":"1-7-7",
							"title":"ชุดวาง DVD ไม่ได้ดิ่งและระนาบ"
						},
						{
							"id":"1-7-8",
							"title":"เก็บงานรอยต่อของชั้นวางของเหนือทีวี กับวอลล์เปเปอร์"
						},
						{
							"id":"1-7-9",
							"title":"เก็บงานสีของวัสดุชั้นวางของเหนือทีวี"
						},
						{
							"id":"1-7-10",
							"title":"เก็บงานซิลิโคนตามแนวรอยต่อของชั้นวางของเหนือทีวีกับผนัง"
						},
						{
							"id":"1-7-11",
							"title":"เก็บงานสีหน้าบานบริเวณโต๊ะเครื่องแป้ง และตู้ใต้อ่างล้างหน้า"
						},
						{
							"id":"1-7-12",
							"title":"เก็บงานรอยขีดข่วนบริเวณโต๊ะเครื่องแป้ง และตู้ใต้อ่างล้างหน้า"
						},
						{
							"id":"1-7-13",
							"title":"แก้ไขงานปรับหน้าบานบริเวณโต๊ะเครื่องแป้ง และตู้ใต้อ้างล่างหน้าบิ่น"
						},
						{
							"id":"1-7-14",
							"title":"ติดตั้งเฟอร์นิเจอร์และชุดครัวไม่ได้ดิ่ง , ฉาก และระนาบ"
						},
						{
							"id":"1-7-15",
							"title":"เก็บงานซิลิโคนตามแนวรอยต่อของโต๊ะเครื่องแป้ง และตู้ใต้อ่างล้างหน้า"
						}
					]
				}
			]
		},
		{
			"id":"2",
			"color":{
						"R":"101",
						"G":"200",
						"B":"5"
					},
			"title":"พื้นที่ห้องนอน 1 Bed, 2 Bed และห้อง Maid",
			"list":[
				{
					"id":"2-1",
					"title":"งานพื้น",
					"list":[
						{
							"id":"2-1-1",
							"title":"พื้นกระเบื้องบิ่น"
						},
						{
							"id":"2-1-2",
							"title":"พื้นกระเบื้องร่อน"
						},
						{
							"id":"2-1-3",
							"title":"พื้นกระเบื้องบิดตัวหรือโก่งตัวมากกว่าค่าที่ยอมให้ตาม Spec. ผู้ผลิต"
						},
						{
							"id":"2-1-4",
							"title":"พื้นกระเบื้องมีรอยต่อแผ่นกระเดิด"
						},
						{
							"id":"2-1-5",
							"title":"พื้นกระเบื้องมีรอยต่อแผ่นกระเดิด"
						},
						{
							"id":"2-1-6",
							"title":"พื้นกระเบื้องมีรอยต่อไม่เรียบสม่ำเสมอ"
						},
						{
							"id":"2-1-7",
							"title":"พื้นกระเบื้องปูไม่ได้ฉาก ดิ่ง และระนาบ"
						},
						{
							"id":"2-1-8",
							"title":"พื้นกระเบื้องมีตำหนิจากวัสดุ"
						},
						{
							"id":"2-1-9",
							"title":"พื้นกระเบื้องปูผิดลวดลาย ผิด Pattern"
						},
						{
							"id":"2-1-10",
							"title":"พื้นไม้มีรอยต่อระหว่างแผ่นไม่เสมอแนบชิดกัน"
						},
						{
							"id":"2-1-11",
							"title":"พื้นไม้ยวบ"
						},
						{
							"id":"2-1-12",
							"title":"พื้นไม้บวม"
						},
						{
							"id":"2-1-13",
							"title":"พื้นไม้ขึ้นรา"
						},
						{
							"id":"2-1-14",
							"title":"พื้นไม้มีสีเพี้ยน , และสีแตกต่างกับแผ่นข้างเคียงชัดเจน"
						},
						{
							"id":"2-1-15",
							"title":"พื้นไม้มีรอยขีดข่วน หรือ ตำหนิที่เกิดจากวัสดุ"
						},
						{
							"id":"2-1-16",
							"title":"เก็บงานรอยต่อบัวพื้นหน้าตัดตรง และรอยต่อเข้ามุม"
						},
						{
							"id":"2-1-17",
							"title":"เก็บงานซิลิโคนตามแนวการจบงานของผนังและพื้น"
						},
						{
							"id":"2-1-18",
							"title":"เก็บงานธรณีประตู"
						}
					]
				},
				{
					"id":"2-2",
					"title":"งานผนัง",
					"list":[
						{
							"id":"2-2-1",
							"title":"ผนังเกิดรอยร้าวจากงานโครงสร้าง"
						},
						{
							"id":"2-2-2",
							"title":"ผนังไม่ได้ดิ่ง ฉาก และระนาบ"
						},
						{
							"id":"2-2-3",
							"title":"รอยต่อบริเวณแนวผนังกับฝ้าเพดานเลื้อยไม่ได้ฉาก"
						},
						{
							"id":"2-2-4",
							"title":"รอยต่อบริเวณแนวผนังกับอลูมิเนียมไม่เรียบร้อย"
						}
					]
				},
				{
					"id":"2-3",
					"title":"งานฝ้าเพดาน",
					"list":[
						{
							"id":"2-3-1",
							"title":"สีฝ้าเพดานไม่เรียบเนียนสม่ำเสมอ"
						},
						{
							"id":"2-3-2",
							"title":"สีฝ้าเพดานเป็นรอยด่าง"
						},
						{
							"id":"2-3-3",
							"title":"สีฝ้าเพดานเลอะอุปกรณ์งานระบบ"
						},
						{
							"id":"2-3-4",
							"title":"สีฝ้าเพดานเป็นแนวคลื่น"
						},
						{
							"id":"2-3-5",
							"title":"รอยต่อแผ่นฝ้าเพดานไม่ได้ฉากตามมุมห้อง"
						},
						{
							"id":"2-3-6",
							"title":"แนวฝ้าเพดานแอ่นไม่ได้ระนาบ"
						}
					]
				},
				{
					"id":"2-4",
					"title":"งานกระจก - หน้าต่างอลูมิเนียม",
					"list":[
						{
							"id":"2-4-1",
							"title":"กระจกของประตูหน้าต่างอลูมิเนียมเป็นรอยขีดข่วน"
						},
						{
							"id":"2-4-2",
							"title":"กระจกของประตูหน้าต่างอลูมิเนียมเลอะคราบกาว"
						},
						{
							"id":"2-4-3",
							"title":"ยางรองขอบกระจกติดตั้งไม่แน่น"
						},
						{
							"id":"2-4-4",
							"title":"เฟรมอลูมิเนียมบุบ"
						},
						{
							"id":"2-4-5",
							"title":"บานหน้าต่าง หรือประตูล็อคยาก"
						},
						{
							"id":"2-4-6",
							"title":"เฟรมอลูมิเนียมมีรอยขีดข่วน"
						},
						{
							"id":"2-4-7",
							"title":"ยางรองขอบอลูมิเนียมไม่แน่น"
						},
						{
							"id":"2-4-8",
							"title":"บานกระจกหน้าต่าง หรือประตูเลื่อนยาก"
						},
						{
							"id":"2-4-9",
							"title":"เก็บงานยางหรืองานซิลิโคนรอบอลูมิเนียมไม่เรียบร้อย"
						},
						{
							"id":"2-4-10",
							"title":"เก็บรอบต่อเฟรมอลูมิเนียม"
						}
					]
				},
				{
					"id":"2-5",
					"title":"งานประตู",
					"list":[
						{
							"id":"2-5-1",
							"title":"เก็บงานบานประตูบิ่น บิดผิดรูป"
						},
						{
							"id":"2-5-2",
							"title":"เก็บงานตรงบานพับประตู"
						},
						{
							"id":"2-5-3",
							"title":"เก็บงานสี บริเวณสันบาน และวงกบประตู"
						},
						{
							"id":"2-5-4",
							"title":"ประตู เปิด-ปิด หลายจังหวะ"
						},
						{
							"id":"2-5-5",
							"title":"ระบบการเปิด-ปิดประตูมีปัญหา"
						},
						{
							"id":"2-5-6",
							"title":"เก็บรอยต่อซับวงกบ"
						},
						{
							"id":"2-5-7",
							"title":"อุปกรณ์ล็อคไม่สมบูรณ์"
						}
					]
				},
				{
					"id":"2-6",
					"title":"งานระบบ",
					"list":[
						{
							"id":"2-6-1",
							"title":"สวิตซ์ไฟฟ้า/ดวงโคม มีปัญหาเรื่องการเปิด-ปิด"
						},
						{
							"id":"2-6-2",
							"title":"การติดตั้งสวิตซ์/ดวงโคม เบี้ยวเอียง"
						},
						{
							"id":"2-6-3",
							"title":"สวิตซ์/ดวงโคมเกิดตำหนิ"
						},
						{
							"id":"2-6-4",
							"title":"เต้ารับไฟฟ้ามีปัญหาเรื่องไฟมีไม่ครบวงจร"
						},
						{
							"id":"2-6-5",
							"title":"เต้ารับโทรศัพท์มีปัญหาเรื่องสัญญาณการโทรเข้า-ออก"
						},
						{
							"id":"2-6-6",
							"title":"เต้ารับโทรทัศน์มีปัญหาเรื่องการรับสัญญาณภาพและเสียง"
						},
						{
							"id":"2-6-7",
							"title":"เครื่องปรับอากาศมีปัญหาเรื่องการเปิด-ปิด"
						},
						{
							"id":"2-6-8",
							"title":"เครื่องปรับอากาศมีปัญหาเรื่องการติดตั้งและอุณหภูมิไม่เย็น"
						},
						{
							"id":"2-6-9",
							"title":"ตำหนิของวัสดุรวมทั้งความสะอาดทั้งหมด"
						}
					]
				}
			]
		},
		{
			"id":"3",
			"color":{
						"R":"20",
						"G":"111",
						"B":"255"
					},
			"title":"พื้นที่ห้องน้ำ",
			"list":[
				{
					"id":"3-1",
					"title":"งานพื้นห้องน้ำ",
					"list":[
						{
							"id":"3-1-1",
							"title":"พื้นกระเบื้องบิ่น"
						},
						{
							"id":"3-1-2",
							"title":"พื้นกระเบื้องร่อน"
						},
						{
							"id":"3-1-3",
							"title":"พื้นกระเบื้องบิดตัวหรือโก่งตัวมากกว่าค่าที่ยอมให้ตาม Spec. ผู้ผลิต"
						},
						{
							"id":"3-1-4",
							"title":"พื้นกระเบื้องมีสีเพี้ยนชัดเจน"
						},
						{
							"id":"3-1-5",
							"title":"พื้นกระเบื้องมีรอยต่อแผ่นกระเดิด"
						},
						{
							"id":"3-1-6",
							"title":"พื้นกระเบื้องมีรอยต่อไม่เรียบสม่ำเสมอ"
						},
						{
							"id":"3-1-7",
							"title":"พื้นกระเบื้องปูไม่ได้ฉาก ดิ่ง และระนาบ"
						},
						{
							"id":"3-1-8",
							"title":"พื้นกระเบื้องมีตำหนิจากวัสดุ"
						},
						{
							"id":"3-1-9",
							"title":"พื้นกระเบื้องปูผิดลวดลาย ผิด Pattern"
						},
						{
							"id":"3-1-10",
							"title":"พื้นหินบิ่น"
						},
						{
							"id":"3-1-11",
							"title":"พื้นหินแตก"
						},
						{
							"id":"3-1-12",
							"title":"พื้นหินมีตำหนิจากวัสดุ"
						},
						{
							"id":"3-1-13",
							"title":"พื้นหินมีรอยร้าว"
						},
						{
							"id":"3-1-14",
							"title":"พื้นหินมีสีเพี้ยนไม่สม่ำเสมอระหว่างแผ่น"
						},
						{
							"id":"3-1-15",
							"title":"พื้นหินมีรอยเปื้อนเข้าไปในเนื้อหิน"
						},
						{
							"id":"3-1-16",
							"title":"พื้นหินปูผิดลวดลาย ผิด Pattern"
						},
						{
							"id":"3-1-17",
							"title":"พื้นหินปูไม่ได้ฉาก ดิ่ง และระนาบ"
						},
						{
							"id":"3-1-18",
							"title":"เก็บงานซิลิโคนตามแนวการจบงานของผนังและพื้น"
						},
						{
							"id":"3-1-19",
							"title":"ยาแนวสีไม่เรียบ และเก็บงานยาแนวไม่สม่ำเสมอตลอดทั้งเส้น"
						},
						{
							"id":"3-1-20",
							"title":"พื้นไม่ Slope ทำให้มีน้ำขังตามแผ่นกระเบิ้อง หรือแผ่นหิน"
						},
						{
							"id":"3-1-21",
							"title":"ปูหิน หรือ กระเบื้องไม่ได้ระนาบตามแนว Slope"
						},
						{
							"id":"3-1-22",
							"title":"มีน้ำขังในตำแหน่ง Floor Drain"
						},
						{
							"id":"3-1-23",
							"title":"อุปกรณ์ตะแกรงกันกลิ่นไม่ครบ"
						},
						{
							"id":"3-1-24",
							"title":"ฝา Floor Drain และผิวกระเบื้องหรือ หินไม่เสมอกัน"
						}
					]
				},
				{
					"id":"3-2",
					"title":"งานผนังห้องน้ำ",
					"list":[
						{
							"id":"3-2-1",
							"title":"ผนังกระเบื้องบิ่น"
						},
						{
							"id":"3-2-2",
							"title":"ผนังกระเบื้องร่อน"
						},
						{
							"id":"3-2-3",
							"title":"ผนังกระเบื้องบิดตัวหรือโก่งตัวมากกว่าค่าที่ยอมให้ตาม Spec. ผู้ผลิต"
						},
						{
							"id":"3-2-4",
							"title":"ผนังกระเบื้องมีสีเพี้ยนชัดเจน"
						},
						{
							"id":"3-2-5",
							"title":"ผนังกระเบื้องมีรอยต่อแผ่นกระเดิด"
						},
						{
							"id":"3-2-6",
							"title":"ผนังกระเบื้องมีรอยต่อไม่เรียบสม่ำเสมอ"
						},
						{
							"id":"3-2-7",
							"title":"ผนังกระเบื้องปูไม่ได้ฉาก ดิ่ง และระนาบ"
						},
						{
							"id":"3-2-8",
							"title":"ผนังกระเบื้องมีตำหนิจากวัสดุ"
						},
						{
							"id":"3-2-9",
							"title":"ผนังกระเบื้องปูผิดลวดลาย ผิด Pattern"
						},
						{
							"id":"3-2-10",
							"title":"ผนังหินบิ่น"
						},
						{
							"id":"3-2-11",
							"title":"ผนังหินแตก"
						},
						{
							"id":"3-2-12",
							"title":"ผนังหินมีตำหนิจากวัสดุ"
						},
						{
							"id":"3-2-13",
							"title":"ผนังหินมีรอยร้าว"
						},
						{
							"id":"3-2-14",
							"title":"ผนังหินมีสีเพี้ยนไม่สม่ำเสมอระหว่างแผ่น"
						},
						{
							"id":"3-2-15",
							"title":"ผนังหินมีรอยเปื้อนเข้าไปในเนื้อหิน"
						},
						{
							"id":"3-2-16",
							"title":"ผนังหินปูผิดลวดลาย ผิด Pattern"
						},
						{
							"id":"3-2-17",
							"title":"ผนังหินปูไม่ได้ฉาก ดิ่ง และระนาบ"
						},
						{
							"id":"3-2-18",
							"title":"ยาแนวสีไม่เรียบ และเก็บงานยาแนวไม่สม่ำเสมอตลอดทั้งเส้น"
						}
					]
				},
				{
					"id":"3-3",
					"title":"งานฝ้าเพดานในห้องน้ำ",
					"list":[
						{
							"id":"3-3-1",
							"title":"สีฝ้าเพดานไม่เรียบเนียนสม่ำเสมอ"
						},
						{
							"id":"3-3-2",
							"title":"สีฝ้าเพดานเป็นรอยด่าง"
						},
						{
							"id":"3-3-3",
							"title":"สีฝ้าเพดานเลอะอุปกรณ์งานระบบ"
						},
						{
							"id":"3-3-4",
							"title":"สีฝ้าเพดานเป็นแนวคลื่น"
						},
						{
							"id":"3-3-5",
							"title":"รอยต่อแผ่นฝ้าเพดานไม่ได้ฉากตามมุมห้อง"
						},
						{
							"id":"3-3-6",
							"title":"แนวฝ้าเพดานแอ่นไม่ได้ระนาบ"
						}
					]
				},
				{
					"id":"3-4",
					"title":"งานประตูห้องน้ำ",
					"list":[
						{
							"id":"3-4-1",
							"title":"เก็บงานบานประตูบิ่น บิดผิดรูป"
						},
						{
							"id":"3-4-2",
							"title":"เก็บงานตรงบานพับประตู"
						},
						{
							"id":"3-4-3",
							"title":"เก็บงานธรณีประตู"
						},
						{
							"id":"3-4-4",
							"title":"เก็บงานสี บริเวณสันบาน และวงกบประตู"
						},
						{
							"id":"3-4-5",
							"title":"ประตู เปิด-ปิด หลายจังหวะ"
						},
						{
							"id":"3-4-6",
							"title":"ระบบการเปิด-ปิดประตูมีปัญหา"
						}
					]
				},
				{
					"id":"3-5",
					"title":"งานเฟอร์นิเจอร์ในห้องน้ำ",
					"list":[
						{
							"id":"3-5-1",
							"title":"เก็บงานสีหน้าบานบริเวณตู้ใต้อ่างล้างหน้า"
						},
						{
							"id":"3-5-2",
							"title":"เก็บงานรอยขีดข่วนบริเวณตู้ใต้อ่างล้างหน้า"
						},
						{
							"id":"3-5-3",
							"title":"แก้ไขงานปรับหน้าบานบริเวณตู้ใต้อ้างล่างหน้าบิ่น"
						},
						{
							"id":"3-5-4",
							"title":"ติดตั้งเฟอร์นิเจอร์ไม่ได้ดิ่ง , ฉาก และระนาบ"
						},
						{
							"id":"3-5-5",
							"title":"เก็บงานซิลิโคนตามแนวรอยต่อของตู้ใต้อ่างล้างหน้า และกระจกเงา"
						}
					]
				},
				{
					"id":"3-6",
					"title":"งานวัสดุอุปกรณ์ในห้องน้ำ",
					"list":[
						{
							"id":"3-6-1",
							"title":"น้ำจากก๊อกอ่างล้างหน้าไหลช้า"
						},
						{
							"id":"3-6-2",
							"title":"เครื่องทำน้ำร้อนมีปัญหาจากการใช้งาน , ตำหนิที่เกิดจากวัสดุ หรือการติดตั้งไม่เรียบร้อย"
						},
						{
							"id":"3-6-3",
							"title":"ท่อน้ำทิ้งใต้อ่างล้างหน้ารั่ว"
						},
						{
							"id":"3-6-4",
							"title":"เก็บงานซิลิโคนตามรอยต่อท่อใต้อ่างล้างหน้า"
						},
						{
							"id":"3-6-5",
							"title":"Top หินอ่างล้างหน้าบิ่นแตก มุมไม่เสมอกัน , มีตำหนิ หรือมีรอยขีดข่วน"
						},
						{
							"id":"3-6-6",
							"title":"ทดสอบการใช้งานชักโครกแล้วมีน้ำไหลช้า"
						},
						{
							"id":"3-6-7",
							"title":"ยาแนวรอบฐานชักโครกกับพื้นไม่เรียบร้อย"
						},
						{
							"id":"3-6-8",
							"title":"อ่างอาบน้ำมีตำหนิ"
						},
						{
							"id":"3-6-9",
							"title":"ติดตั้งอ่างอาบน้ำไม่เรียบร้อย"
						},
						{
							"id":"3-6-10",
							"title":"สายชีดชำระไม่แน่น"
						},
						{
							"id":"3-6-11",
							"title":"หัวจ่ายน้ำฝักบัวอุดตัน"
						},
						{
							"id":"3-6-12",
							"title":"ฝักบัวติดตั้งไม่แน่น"
						},
						{
							"id":"3-6-13",
							"title":"Shower Screen มีรอยขีดข่วน หรือมีตำหนิ"
						},
						{
							"id":"3-6-14",
							"title":"รอยต่อของ Shower Screen กับผนังไม่เรียบร้อย"
						},
						{
							"id":"3-6-15",
							"title":"บานพับ Shower Screen ไม่แน่น"
						},
						{
							"id":"3-6-16",
							"title":"ประตูเปิด-ปิดบริเวณ Shower Screen ไม่สนิท"
						},
						{
							"id":"3-6-17",
							"title":"กระจกเงาในห้องน้ำเป็นรอยขีดข่วน หรือวัสดุมีตำหนิ"
						},
						{
							"id":"3-6-18",
							"title":"ราวแขวนผ้าติดตั้งเอียงไม่ได้ระนาบ"
						},
						{
							"id":"3-6-19",
							"title":"ที่ใส่กระดาษชำระติดตั้งเอียง หรือไม่เรียบร้อย"
						}
					]
				},
				{
					"id":"3-7",
					"title":"งานระบบในห้องน้ำ",
					"list":[
						{
							"id":"3-7-1",
							"title":"สวิตซ์ไฟฟ้า/ดวงโคม มีปัญหาเรื่องการเปิด-ปิด"
						},
						{
							"id":"3-7-2",
							"title":"การติดตั้งสวิตซ์/ดวงโคม เบี้ยวเอียง"
						},
						{
							"id":"3-7-3",
							"title":"สวิตซ์/ดวงโคมเกิดตำหนิ"
						},
						{
							"id":"3-7-4",
							"title":"เต้ารับไฟฟ้ามีปัญหาเรื่องไฟมีไม่ครบวงจร"
						},
						{
							"id":"3-7-5",
							"title":"ตำหนิของวัสดุรวมทั้งความสะอาดทั้งหมด"
						}
					]
				}
			]
		},
		{
			"id":"4",
			"color":{
						"R":"128",
						"G":"129",
						"B":"130"
					},
			"title":"พื้นที่ส่วนระเบียง",
			"list":[
				{
					"id":"4-1",
					"title":"งานพื้น",
					"list":[
						{
							"id":"4-1-1",
							"title":"พื้นกระเบื้องบิ่น"
						},
						{
							"id":"4-1-2",
							"title":"พื้นกระเบื้องร่อน"
						},
						{
							"id":"4-1-3",
							"title":"พื้นกระเบื้องบิดตัวหรือโก่งตัวมากกว่าค่าที่ยอมให้ตาม Spec. ผู้ผลิต"
						},
						{
							"id":"4-1-4",
							"title":"พื้นกระเบื้องมีสีเพี้ยนชัดเจน"
						},
						{
							"id":"4-1-5",
							"title":"พื้นกระเบื้องมีรอยต่อแผ่นกระเดิด"
						},
						{
							"id":"4-1-6",
							"title":"พื้นกระเบื้องมีรอยต่อไม่เรียบสม่ำเสมอ"
						},
						{
							"id":"4-1-7",
							"title":"พื้นกระเบื้องปูไม่ได้ฉาก ดิ่ง และระนาบ"
						},
						{
							"id":"4-1-8",
							"title":"พื้นกระเบื้องมีตำหนิจากวัสดุ"
						},
						{
							"id":"4-1-9",
							"title":"พื้นกระเบื้องปูผิดลวดลาย ผิด Pattern"
						},
						{
							"id":"4-1-10",
							"title":"ปูกระเบื้องไม่ได้ระนาบตามแนว Slope"
						},
						{
							"id":"4-1-11",
							"title":"มีน้ำขังในตำแหน่ง Floor Drain"
						},
						{
							"id":"4-1-12",
							"title":"อุปกรณ์ตะแกรงกันกลิ่นไม่ครบ"
						},
						{
							"id":"4-1-13",
							"title":"ฝา Floor Drain และผิวกระเบื้องไม่เสมอกัน"
						}

					]
				},
				{
					"id":"4-2",
					"title":"งานผนังระเบียง และราวกันตก",
					"list":[
						{
							"id":"4-2-1",
							"title":"ผนังเกิดรอยร้าวจากงานโครงสร้าง"
						},
						{
							"id":"4-2-2",
							"title":"ผนังไม่ได้ดิ่ง ฉาก และระนาบ"
						},
						{
							"id":"4-2-3",
							"title":"สีผนังไม่เรียบเนียนสม่ำเสมอ"
						},
						{
							"id":"4-2-4",
							"title":"สีผนังเป็นรอยด่าง"
						},
						{
							"id":"4-2-5",
							"title":"ราวกันตกระเบียงติดตั้งไม่ได้ดิ่ง ฉาก และมุม"
						},
						{
							"id":"4-2-6",
							"title":"เก็บงานสีระแนงบัง CDU"
						},
						{
							"id":"4-2-7",
							"title":"วัสดุแผงระแนงบัง CDU ติดตั้ง หรือยึดไม่แน่น"
						},
						{
							"id":"4-2-8",
							"title":"เก็บงานรอยต่อ Fin กับ แผงระแนงบัง CDU และงานซิลิโคน"
						}
					]
				},
				{
					"id":"4-3",
					"title":"งานฝ้าเพดาน",
					"list":[
						{
							"id":"4-3-1",
							"title":"สีฝ้าเพดานไม่เรียบเนียนสม่ำเสมอ"
						},
						{
							"id":"4-3-2",
							"title":"สีฝ้าเพดานเป็นรอยด่าง"
						},
						{
							"id":"4-3-3",
							"title":"สีฝ้าเพดานเลอะอุปกรณ์งานระบบ"
						},
						{
							"id":"4-3-4",
							"title":"สีฝ้าเพดานเป็นแนวคลื่น"
						},
						{
							"id":"4-3-5",
							"title":"รอยต่อแผ่นฝ้าเพดานไม่ได้ฉากตามมุมผนัง"
						},
						{
							"id":"4-3-6",
							"title":"แนวฝ้าเพดานแอ่นไม่ได้ระนาบ"
						}
					]
				},
				{
					"id":"4-4",
					"title":"งานระบบ",
					"list":[
						{
							"id":"4-4-1",
							"title":"สวิตซ์ไฟฟ้า/ดวงโคม มีปัญหาเรื่องการเปิด-ปิด"
						},
						{
							"id":"4-4-2",
							"title":"การติดตั้งสวิตซ์/ดวงโคม เบี้ยวเอียง"
						},
						{
							"id":"4-4-3",
							"title":"สวิตซ์/ดวงโคมเกิดตำหนิ"
						},
						{
							"id":"4-4-4",
							"title":"เก็บงานบริเวณ CDU"
						},
						{
							"id":"4-4-5",
							"title":"ตำหนิของวัสดุรวมทั้งความสะอาดทั้งหมด"
						}
					]
				}
			]
		},
		{
			"id":"5",
			"color":{
						"R":"168",
						"G":"0",
						"B":"186"
					},
			"title":"สระว่ายน้ำ และระเบียงสระว่ายน้ำ",
			"list":[
				{
					"id":"5-1",
					"title":"งานพื้นสระว่ายน้ำและระเบียงสระว่ายน้ำ",
					"list":[
						{
							"id":"5-1-1",
							"title":"พื้นกระเบื้องบิ่น"
						},
						{
							"id":"5-1-2",
							"title":"พื้นกระเบื้องร่อน"
						},
						{
							"id":"5-1-3",
							"title":"พื้นกระเบื้องมีสีเพี้ยนชัดเจน"
						},
						{
							"id":"5-1-4",
							"title":"พื้นกระเบื้องมีรอยต่อแผ่นกระเดิด"
						},
						{
							"id":"5-1-5",
							"title":"พื้นกระเบื้องมีรอยต่อไม่เรียบสม่ำเสมอ"
						},
						{
							"id":"5-1-6",
							"title":"พื้นกระเบื้องปูไม่ได้ฉาก ดิ่ง และระนาบ"
						},
						{
							"id":"5-1-7",
							"title":"พื้นกระเบื้องมีตำหนิจากวัสดุ"
						},
						{
							"id":"5-1-8",
							"title":"พื้นกระเบื้องปูผิดลวดลาย ผิด Pattern"
						},
						{
							"id":"5-1-9",
							"title":"ปูกระเบื้องไม่ได้ระนาบตามแนว Slope"
						}
					]
				},
				{
					"id":"5-2",
					"title":"งานผนังสระว่ายน้ำ",
					"list":[
						{
							"id":"5-2-1",
							"title":"ผนังกระเบื้องบิ่น"
						},
						{
							"id":"5-2-2",
							"title":"ผนังกระเบื้องร่อน"
						},
						{
							"id":"5-2-3",
							"title":"ผนังกระเบื้องบิดตัวหรือโก่งตัวมากกว่าค่าที่ยอมให้ตาม Spec. ผู้ผลิต"
						},
						{
							"id":"5-2-4",
							"title":"ผนังกระเบื้องมีสีเพี้ยนชัดเจน"
						},
						{
							"id":"5-2-5",
							"title":"ผนังกระเบื้องมีรอยต่อแผ่นกระเดิด"
						},
						{
							"id":"5-2-6",
							"title":"ผนังกระเบื้องมีรอยต่อไม่เรียบสม่ำเสมอ"
						},
						{
							"id":"5-2-7",
							"title":"ผนังกระเบื้องปูไม่ได้ฉาก ดิ่ง และระนาบ"
						},
						{
							"id":"5-2-8",
							"title":"ผนังกระเบื้องมีตำหนิจากวัสดุ"
						},
						{
							"id":"5-2-9",
							"title":"ผนังกระเบื้องปูผิดลวดลาย ผิด Pattern"
						}
					]
				}
			]
		}
	]
}
