-- phpMyAdmin SQL Dump
-- version 4.4.14
-- http://www.phpmyadmin.net
--
-- Host: localhost
-- Generation Time: Jul 30, 2016 at 12:23 PM
-- Server version: 5.6.26
-- PHP Version: 5.6.12

SET SQL_MODE = "NO_AUTO_VALUE_ON_ZERO";
SET time_zone = "+00:00";


/*!40101 SET @OLD_CHARACTER_SET_CLIENT=@@CHARACTER_SET_CLIENT */;
/*!40101 SET @OLD_CHARACTER_SET_RESULTS=@@CHARACTER_SET_RESULTS */;
/*!40101 SET @OLD_COLLATION_CONNECTION=@@COLLATION_CONNECTION */;
/*!40101 SET NAMES utf8mb4 */;

--
-- Database: `condo_common`
--

-- --------------------------------------------------------

--
-- Table structure for table `log_assign_project`
--

CREATE TABLE IF NOT EXISTS `log_assign_project` (
  `assign_id` int(11) DEFAULT NULL,
  `assign_user_id` int(11) DEFAULT NULL,
  `assign_project_id` int(11) DEFAULT NULL,
  `assign_sts_active` varchar(5) DEFAULT 'on',
  `assign_update_by` int(11) DEFAULT NULL,
  `assign_update` timestamp NULL DEFAULT CURRENT_TIMESTAMP
) ENGINE=MyISAM DEFAULT CHARSET=utf8;

--
-- Dumping data for table `log_assign_project`
--

INSERT INTO `log_assign_project` (`assign_id`, `assign_user_id`, `assign_project_id`, `assign_sts_active`, `assign_update_by`, `assign_update`) VALUES
(44, 34, 2, 'on', 0, '2016-03-29 09:34:29');

-- --------------------------------------------------------

--
-- Table structure for table `log_authentication`
--

CREATE TABLE IF NOT EXISTS `log_authentication` (
  `at_ip` varchar(20) NOT NULL DEFAULT '',
  `at_user_id` int(11) NOT NULL,
  `at_agent` text NOT NULL,
  `at_timestamp` timestamp NOT NULL DEFAULT CURRENT_TIMESTAMP ON UPDATE CURRENT_TIMESTAMP
) ENGINE=InnoDB DEFAULT CHARSET=utf8;

--
-- Dumping data for table `log_authentication`
--

INSERT INTO `log_authentication` (`at_ip`, `at_user_id`, `at_agent`, `at_timestamp`) VALUES
('::1', 0, 'Mozilla/5.0 (Windows NT 10.0; WOW64) AppleWebKit/537.36 (KHTML, like Gecko) Chrome/50.0.2661.94 Safari/537.36', '2016-05-19 05:08:51'),
('::1', 0, 'Mozilla/5.0 (Windows NT 10.0; WOW64) AppleWebKit/537.36 (KHTML, like Gecko) Chrome/50.0.2661.94 Safari/537.36', '2016-05-19 05:08:52'),
('::1', 0, 'Mozilla/5.0 (Windows NT 10.0; WOW64) AppleWebKit/537.36 (KHTML, like Gecko) Chrome/50.0.2661.94 Safari/537.36', '2016-05-19 05:08:52'),
('::1', 0, 'Mozilla/5.0 (Windows NT 10.0; WOW64) AppleWebKit/537.36 (KHTML, like Gecko) Chrome/50.0.2661.94 Safari/537.36', '2016-05-19 05:08:54'),
('::1', 0, 'Mozilla/5.0 (Windows NT 10.0; WOW64) AppleWebKit/537.36 (KHTML, like Gecko) Chrome/50.0.2661.94 Safari/537.36', '2016-05-19 05:09:23'),
('::1', 0, 'Mozilla/5.0 (Windows NT 10.0; WOW64) AppleWebKit/537.36 (KHTML, like Gecko) Chrome/50.0.2661.94 Safari/537.36', '2016-05-19 05:09:27'),
('::1', 0, 'Mozilla/5.0 (Windows NT 10.0; WOW64) AppleWebKit/537.36 (KHTML, like Gecko) Chrome/50.0.2661.94 Safari/537.36', '2016-05-19 05:09:39'),
('::1', 0, 'Mozilla/5.0 (Windows NT 10.0; WOW64) AppleWebKit/537.36 (KHTML, like Gecko) Chrome/50.0.2661.94 Safari/537.36', '2016-05-19 05:09:39'),
('::1', 0, 'Mozilla/5.0 (Windows NT 10.0; WOW64) AppleWebKit/537.36 (KHTML, like Gecko) Chrome/50.0.2661.94 Safari/537.36', '2016-05-19 05:10:31'),
('::1', 0, 'Mozilla/5.0 (Windows NT 10.0; WOW64) AppleWebKit/537.36 (KHTML, like Gecko) Chrome/50.0.2661.94 Safari/537.36', '2016-05-19 05:10:37'),
('::1', 0, 'Mozilla/5.0 (Windows NT 10.0; WOW64) AppleWebKit/537.36 (KHTML, like Gecko) Chrome/50.0.2661.94 Safari/537.36', '2016-05-19 06:07:35'),
('::1', 0, 'Mozilla/5.0 (Windows NT 10.0; WOW64) AppleWebKit/537.36 (KHTML, like Gecko) Chrome/50.0.2661.94 Safari/537.36', '2016-05-19 06:07:36'),
('::1', 0, 'Mozilla/5.0 (Windows NT 10.0; WOW64) AppleWebKit/537.36 (KHTML, like Gecko) Chrome/50.0.2661.94 Safari/537.36', '2016-05-19 09:31:00'),
('::1', 0, 'Mozilla/5.0 (Windows NT 10.0; WOW64) AppleWebKit/537.36 (KHTML, like Gecko) Chrome/50.0.2661.94 Safari/537.36', '2016-05-19 09:31:08'),
('::1', 0, 'Mozilla/5.0 (Windows NT 10.0; WOW64) AppleWebKit/537.36 (KHTML, like Gecko) Chrome/50.0.2661.94 Safari/537.36', '2016-05-19 09:32:07'),
('::1', 0, 'Mozilla/5.0 (Windows NT 10.0; WOW64) AppleWebKit/537.36 (KHTML, like Gecko) Chrome/50.0.2661.94 Safari/537.36', '2016-05-19 09:32:12'),
('::1', 0, 'Mozilla/5.0 (Windows NT 10.0; WOW64) AppleWebKit/537.36 (KHTML, like Gecko) Chrome/50.0.2661.94 Safari/537.36', '2016-05-19 09:32:17'),
('::1', 0, 'Mozilla/5.0 (Windows NT 10.0; WOW64) AppleWebKit/537.36 (KHTML, like Gecko) Chrome/50.0.2661.94 Safari/537.36', '2016-05-19 09:32:21'),
('::1', 0, 'Mozilla/5.0 (Windows NT 10.0; WOW64) AppleWebKit/537.36 (KHTML, like Gecko) Chrome/50.0.2661.94 Safari/537.36', '2016-05-19 09:32:45'),
('::1', 0, 'Mozilla/5.0 (Windows NT 10.0; WOW64) AppleWebKit/537.36 (KHTML, like Gecko) Chrome/50.0.2661.94 Safari/537.36', '2016-05-19 09:58:16'),
('::1', 0, 'Mozilla/5.0 (Windows NT 10.0; WOW64) AppleWebKit/537.36 (KHTML, like Gecko) Chrome/50.0.2661.102 Safari/537.36', '2016-05-19 10:04:23'),
('::1', 0, 'Mozilla/5.0 (Windows NT 10.0; WOW64) AppleWebKit/537.36 (KHTML, like Gecko) Chrome/50.0.2661.102 Safari/537.36', '2016-05-19 10:04:29'),
('::1', 0, 'Mozilla/5.0 (Windows NT 10.0; WOW64) AppleWebKit/537.36 (KHTML, like Gecko) Chrome/50.0.2661.102 Safari/537.36', '2016-05-19 10:04:33'),
('::1', 0, 'Mozilla/5.0 (Windows NT 10.0; WOW64) AppleWebKit/537.36 (KHTML, like Gecko) Chrome/50.0.2661.102 Safari/537.36', '2016-05-19 10:08:14'),
('::1', 0, 'Mozilla/5.0 (Windows NT 10.0; WOW64) AppleWebKit/537.36 (KHTML, like Gecko) Chrome/50.0.2661.102 Safari/537.36', '2016-05-19 10:09:48'),
('::1', 0, 'Mozilla/5.0 (Windows NT 10.0; WOW64) AppleWebKit/537.36 (KHTML, like Gecko) Chrome/50.0.2661.102 Safari/537.36', '2016-05-19 10:16:06'),
('::1', 0, 'Mozilla/5.0 (Windows NT 10.0; WOW64) AppleWebKit/537.36 (KHTML, like Gecko) Chrome/50.0.2661.102 Safari/537.36', '2016-05-20 13:22:16'),
('::1', 0, 'Mozilla/5.0 (Windows NT 10.0; WOW64) AppleWebKit/537.36 (KHTML, like Gecko) Chrome/50.0.2661.102 Safari/537.36', '2016-05-20 13:22:18'),
('::1', 0, 'Mozilla/5.0 (Windows NT 10.0; WOW64) AppleWebKit/537.36 (KHTML, like Gecko) Chrome/50.0.2661.102 Safari/537.36', '2016-05-21 05:26:58'),
('::1', 0, 'Mozilla/5.0 (Windows NT 10.0; WOW64) AppleWebKit/537.36 (KHTML, like Gecko) Chrome/50.0.2661.102 Safari/537.36', '2016-05-21 05:27:00'),
('::1', 0, 'Mozilla/5.0 (Windows NT 10.0; WOW64) AppleWebKit/537.36 (KHTML, like Gecko) Chrome/50.0.2661.102 Safari/537.36', '2016-05-21 05:27:35'),
('::1', 0, 'Mozilla/5.0 (Windows NT 10.0; WOW64) AppleWebKit/537.36 (KHTML, like Gecko) Chrome/50.0.2661.102 Safari/537.36', '2016-05-21 12:32:01'),
('::1', 0, 'Mozilla/5.0 (Windows NT 10.0; WOW64) AppleWebKit/537.36 (KHTML, like Gecko) Chrome/50.0.2661.102 Safari/537.36', '2016-05-21 12:32:05'),
('::1', 0, 'Mozilla/5.0 (Windows NT 10.0; WOW64) AppleWebKit/537.36 (KHTML, like Gecko) Chrome/50.0.2661.102 Safari/537.36', '2016-05-21 12:35:37'),
('::1', 0, 'Mozilla/5.0 (Windows NT 10.0; WOW64) AppleWebKit/537.36 (KHTML, like Gecko) Chrome/50.0.2661.102 Safari/537.36', '2016-05-21 12:35:39'),
('::1', 0, 'Mozilla/5.0 (Windows NT 10.0; WOW64) AppleWebKit/537.36 (KHTML, like Gecko) Chrome/50.0.2661.102 Safari/537.36', '2016-05-21 12:37:17'),
('::1', 0, 'Mozilla/5.0 (Windows NT 10.0; WOW64) AppleWebKit/537.36 (KHTML, like Gecko) Chrome/50.0.2661.102 Safari/537.36', '2016-05-21 12:37:18'),
('::1', 0, 'Mozilla/5.0 (Windows NT 10.0; WOW64) AppleWebKit/537.36 (KHTML, like Gecko) Chrome/50.0.2661.102 Safari/537.36', '2016-05-21 12:37:42'),
('::1', 0, 'Mozilla/5.0 (Windows NT 10.0; WOW64) AppleWebKit/537.36 (KHTML, like Gecko) Chrome/50.0.2661.102 Safari/537.36', '2016-05-21 12:39:22'),
('::1', 0, 'Mozilla/5.0 (Windows NT 10.0; WOW64) AppleWebKit/537.36 (KHTML, like Gecko) Chrome/50.0.2661.102 Safari/537.36', '2016-05-21 12:39:42'),
('::1', 0, 'Mozilla/5.0 (Windows NT 10.0; WOW64) AppleWebKit/537.36 (KHTML, like Gecko) Chrome/50.0.2661.102 Safari/537.36', '2016-05-21 13:57:16'),
('::1', 37, 'Mozilla/5.0 (Windows NT 10.0; WOW64) AppleWebKit/537.36 (KHTML, like Gecko) Chrome/50.0.2661.102 Safari/537.36', '2016-05-22 14:31:28'),
('::1', 0, 'Mozilla/5.0 (Windows NT 10.0; WOW64) AppleWebKit/537.36 (KHTML, like Gecko) Chrome/50.0.2661.102 Safari/537.36', '2016-05-23 02:07:16'),
('::1', 0, 'Mozilla/5.0 (Windows NT 10.0; WOW64) AppleWebKit/537.36 (KHTML, like Gecko) Chrome/50.0.2661.102 Safari/537.36', '2016-05-23 02:35:26'),
('::1', 37, 'Mozilla/5.0 (Windows NT 10.0; WOW64) AppleWebKit/537.36 (KHTML, like Gecko) Chrome/50.0.2661.102 Safari/537.36', '2016-05-23 03:05:10'),
('::1', 0, 'Mozilla/5.0 (Windows NT 10.0; WOW64) AppleWebKit/537.36 (KHTML, like Gecko) Chrome/50.0.2661.102 Safari/537.36', '2016-05-23 06:42:22'),
('::1', 0, 'Mozilla/5.0 (Windows NT 10.0; WOW64) AppleWebKit/537.36 (KHTML, like Gecko) Chrome/50.0.2661.102 Safari/537.36', '2016-05-23 06:42:27'),
('::1', 37, 'Mozilla/5.0 (Windows NT 10.0; WOW64) AppleWebKit/537.36 (KHTML, like Gecko) Chrome/50.0.2661.102 Safari/537.36', '2016-05-23 06:43:42'),
('::1', 37, 'Mozilla/5.0 (Windows NT 10.0; WOW64) AppleWebKit/537.36 (KHTML, like Gecko) Chrome/50.0.2661.102 Safari/537.36', '2016-05-24 03:20:25'),
('::1', 37, 'Mozilla/5.0 (Windows NT 10.0; WOW64) AppleWebKit/537.36 (KHTML, like Gecko) Chrome/50.0.2661.102 Safari/537.36', '2016-05-26 02:28:40'),
('::1', 37, 'Mozilla/5.0 (Windows NT 10.0; WOW64) AppleWebKit/537.36 (KHTML, like Gecko) Chrome/50.0.2661.102 Safari/537.36', '2016-05-27 03:31:42'),
('::1', 37, 'Mozilla/5.0 (Windows NT 10.0; WOW64) AppleWebKit/537.36 (KHTML, like Gecko) Chrome/50.0.2661.102 Safari/537.36', '2016-05-27 07:46:11'),
('::1', 37, 'Mozilla/5.0 (Windows NT 10.0; WOW64) AppleWebKit/537.36 (KHTML, like Gecko) Chrome/50.0.2661.102 Safari/537.36', '2016-05-27 08:28:29'),
('::1', 37, 'Mozilla/5.0 (Windows NT 10.0; WOW64) AppleWebKit/537.36 (KHTML, like Gecko) Chrome/50.0.2661.102 Safari/537.36', '2016-05-30 02:50:51'),
('::1', 37, 'Mozilla/5.0 (Windows NT 10.0; WOW64) AppleWebKit/537.36 (KHTML, like Gecko) Chrome/50.0.2661.102 Safari/537.36', '2016-05-30 09:39:56'),
('::1', 37, 'Mozilla/5.0 (Windows NT 10.0; WOW64) AppleWebKit/537.36 (KHTML, like Gecko) Chrome/50.0.2661.102 Safari/537.36', '2016-05-31 02:22:05'),
('::1', 37, 'Mozilla/5.0 (Windows NT 10.0; WOW64) AppleWebKit/537.36 (KHTML, like Gecko) Chrome/50.0.2661.102 Safari/537.36', '2016-06-01 02:32:37'),
('::1', 37, 'Mozilla/5.0 (Windows NT 10.0; WOW64) AppleWebKit/537.36 (KHTML, like Gecko) Chrome/50.0.2661.102 Safari/537.36', '2016-06-02 02:33:08'),
('::1', 37, 'Mozilla/5.0 (Windows NT 10.0; WOW64) AppleWebKit/537.36 (KHTML, like Gecko) Chrome/50.0.2661.102 Safari/537.36', '2016-06-03 02:11:35'),
('::1', 37, 'Mozilla/5.0 (Windows NT 10.0; WOW64) AppleWebKit/537.36 (KHTML, like Gecko) Chrome/50.0.2661.102 Safari/537.36', '2016-06-06 02:15:47'),
('::1', 37, 'Mozilla/5.0 (Windows NT 10.0; WOW64) AppleWebKit/537.36 (KHTML, like Gecko) Chrome/50.0.2661.102 Safari/537.36', '2016-06-07 02:23:22'),
('::1', 0, 'Mozilla/5.0 (Windows NT 10.0; WOW64) AppleWebKit/537.36 (KHTML, like Gecko) Chrome/50.0.2661.102 Safari/537.36', '2016-06-07 03:07:40'),
('::1', 37, 'Mozilla/5.0 (Windows NT 10.0; WOW64; rv:46.0) Gecko/20100101 Firefox/46.0', '2016-06-07 09:09:50'),
('::1', 0, 'Mozilla/5.0 (Windows NT 10.0; Win64; x64) AppleWebKit/537.36 (KHTML, like Gecko) Chrome/46.0.2486.0 Safari/537.36 Edge/1', '2016-06-07 09:11:24'),
('::1', 37, 'Mozilla/5.0 (Windows NT 10.0; WOW64) AppleWebKit/537.36 (KHTML, like Gecko) Chrome/50.0.2661.102 Safari/537.36', '2016-06-08 02:06:07'),
('::1', 0, 'Mozilla/5.0 (Windows NT 10.0; WOW64) AppleWebKit/537.36 (KHTML, like Gecko) Chrome/50.0.2661.102 Safari/537.36', '2016-06-09 02:36:40'),
('127.0.0.1', 0, 'Mozilla/5.0 (Macintosh; Intel Mac OS X 10_11_4) AppleWebKit/601.5.17 (KHTML, like Gecko) Version/9.1 Safari/601.5.17', '2016-06-15 16:31:18'),
('127.0.0.1', 5, 'Mozilla/5.0 (Macintosh; Intel Mac OS X 10_11_4) AppleWebKit/601.5.17 (KHTML, like Gecko) Version/9.1 Safari/601.5.17', '2016-06-15 16:31:42'),
('127.0.0.1', 0, 'Mozilla/5.0 (Macintosh; Intel Mac OS X 10_11_4) AppleWebKit/601.5.17 (KHTML, like Gecko) Version/9.1 Safari/601.5.17', '2016-06-15 16:32:58'),
('127.0.0.1', 0, 'Mozilla/5.0 (Macintosh; Intel Mac OS X 10_11_4) AppleWebKit/601.5.17 (KHTML, like Gecko) Version/9.1 Safari/601.5.17', '2016-06-25 05:50:40'),
('127.0.0.1', 0, 'Mozilla/5.0 (Macintosh; Intel Mac OS X 10_11_4) AppleWebKit/601.5.17 (KHTML, like Gecko) Version/9.1 Safari/601.5.17', '2016-06-25 09:17:26'),
('127.0.0.1', 0, 'Mozilla/5.0 (Macintosh; Intel Mac OS X 10_11_4) AppleWebKit/537.36 (KHTML, like Gecko) Chrome/51.0.2704.103 Safari/537.3', '2016-06-25 09:39:23'),
('127.0.0.1', 0, 'Mozilla/5.0 (Macintosh; Intel Mac OS X 10_11_4) AppleWebKit/601.5.17 (KHTML, like Gecko) Version/9.1 Safari/601.5.17', '2016-06-26 03:59:50'),
('127.0.0.1', 0, 'Mozilla/5.0 (Macintosh; Intel Mac OS X 10_11_4) AppleWebKit/537.36 (KHTML, like Gecko) Chrome/51.0.2704.103 Safari/537.3', '2016-06-26 05:04:06'),
('127.0.0.1', 0, 'Mozilla/5.0 (Macintosh; Intel Mac OS X 10_11_4) AppleWebKit/601.5.17 (KHTML, like Gecko) Version/9.1 Safari/601.5.17', '2016-06-26 14:35:49'),
('127.0.0.1', 0, 'Mozilla/5.0 (Macintosh; Intel Mac OS X 10_11_4) AppleWebKit/601.5.17 (KHTML, like Gecko) Version/9.1 Safari/601.5.17', '2016-06-28 13:00:07'),
('127.0.0.1', 0, 'Mozilla/5.0 (Macintosh; Intel Mac OS X 10_11_4) AppleWebKit/601.5.17 (KHTML, like Gecko) Version/9.1 Safari/601.5.17', '2016-06-30 17:20:51'),
('127.0.0.1', 0, 'Mozilla/5.0 (Macintosh; Intel Mac OS X 10_11_4) AppleWebKit/601.5.17 (KHTML, like Gecko) Version/9.1 Safari/601.5.17', '2016-07-01 05:50:35'),
('127.0.0.1', 0, 'Mozilla/5.0 (Macintosh; Intel Mac OS X 10_11_4) AppleWebKit/601.5.17 (KHTML, like Gecko) Version/9.1 Safari/601.5.17', '2016-07-01 16:46:51'),
('127.0.0.1', 0, 'Mozilla/5.0 (Macintosh; Intel Mac OS X 10_11_4) AppleWebKit/601.5.17 (KHTML, like Gecko) Version/9.1 Safari/601.5.17', '2016-07-02 05:33:09'),
('127.0.0.1', 0, 'Mozilla/5.0 (Macintosh; Intel Mac OS X 10_11_4) AppleWebKit/601.5.17 (KHTML, like Gecko) Version/9.1 Safari/601.5.17', '2016-07-02 14:42:36'),
('127.0.0.1', 0, 'Mozilla/5.0 (Macintosh; Intel Mac OS X 10_11_4) AppleWebKit/601.5.17 (KHTML, like Gecko) Version/9.1 Safari/601.5.17', '2016-07-03 05:10:41'),
('127.0.0.1', 0, 'Mozilla/5.0 (Macintosh; Intel Mac OS X 10_11_4) AppleWebKit/601.5.17 (KHTML, like Gecko) Version/9.1 Safari/601.5.17', '2016-07-03 11:01:54'),
('127.0.0.1', 0, 'Mozilla/5.0 (Macintosh; Intel Mac OS X 10_11_4) AppleWebKit/601.5.17 (KHTML, like Gecko) Version/9.1 Safari/601.5.17', '2016-07-05 16:02:36'),
('127.0.0.1', 0, 'Mozilla/5.0 (Macintosh; Intel Mac OS X 10_11_4) AppleWebKit/601.5.17 (KHTML, like Gecko) Version/9.1 Safari/601.5.17', '2016-07-06 16:21:30'),
('127.0.0.1', 0, 'Mozilla/5.0 (Macintosh; Intel Mac OS X 10_11_4) AppleWebKit/601.5.17 (KHTML, like Gecko) Version/9.1 Safari/601.5.17', '2016-07-08 17:34:07'),
('127.0.0.1', 0, 'Mozilla/5.0 (Macintosh; Intel Mac OS X 10_11_4) AppleWebKit/601.5.17 (KHTML, like Gecko) Version/9.1 Safari/601.5.17', '2016-07-09 14:00:48'),
('127.0.0.1', 0, 'Mozilla/5.0 (Macintosh; Intel Mac OS X 10_11_4) AppleWebKit/601.5.17 (KHTML, like Gecko) Version/9.1 Safari/601.5.17', '2016-07-09 15:28:25'),
('127.0.0.1', 0, 'Mozilla/5.0 (Macintosh; Intel Mac OS X 10_11_4) AppleWebKit/601.5.17 (KHTML, like Gecko) Version/9.1 Safari/601.5.17', '2016-07-18 13:23:24'),
('127.0.0.1', 0, 'Mozilla/5.0 (Macintosh; Intel Mac OS X 10_11_4) AppleWebKit/601.5.17 (KHTML, like Gecko) Version/9.1 Safari/601.5.17', '2016-07-19 13:48:20'),
('127.0.0.1', 0, 'Mozilla/5.0 (Macintosh; Intel Mac OS X 10_11_4) AppleWebKit/601.5.17 (KHTML, like Gecko) Version/9.1 Safari/601.5.17', '2016-07-29 16:53:26'),
('127.0.0.1', 0, 'Mozilla/5.0 (Macintosh; Intel Mac OS X 10_11_4) AppleWebKit/601.5.17 (KHTML, like Gecko) Version/9.1 Safari/601.5.17', '2016-07-30 07:35:31');

-- --------------------------------------------------------

--
-- Table structure for table `log_authorized_user`
--

CREATE TABLE IF NOT EXISTS `log_authorized_user` (
  `au_id` int(11) NOT NULL DEFAULT '0',
  `au_document` varchar(100) NOT NULL,
  `au_user_id` int(11) NOT NULL,
  `au_update_by` int(11) NOT NULL,
  `au_update` timestamp NOT NULL DEFAULT CURRENT_TIMESTAMP
) ENGINE=MyISAM DEFAULT CHARSET=utf8;

--
-- Dumping data for table `log_authorized_user`
--

INSERT INTO `log_authorized_user` (`au_id`, `au_document`, `au_user_id`, `au_update_by`, `au_update`) VALUES
(0, '123', 2, 0, '2016-03-29 09:35:57'),
(0, '123', 1, 0, '2016-03-29 09:36:37');

-- --------------------------------------------------------

--
-- Table structure for table `log_customer`
--

CREATE TABLE IF NOT EXISTS `log_customer` (
  `cus_id` int(11) DEFAULT NULL,
  `cus_pers_id` int(11) DEFAULT NULL,
  `cus_addr_id` int(11) DEFAULT NULL,
  `cus_addr_cur_id` int(11) DEFAULT NULL,
  `cus_addr_lastest` int(11) DEFAULT NULL,
  `cus_con_id` int(11) DEFAULT NULL,
  `cus_work_id` int(11) DEFAULT NULL,
  `cus_stages_id` int(11) DEFAULT NULL,
  `cus_budget` varchar(11) DEFAULT NULL,
  `cus_visit_type` varchar(30) DEFAULT NULL,
  `cus_media_type` varchar(30) DEFAULT '',
  `cus_flag` varchar(5) DEFAULT 'leads',
  `cus_created_by` varchar(11) DEFAULT NULL,
  `cus_created_date` text,
  `cus_customer_date` timestamp NULL DEFAULT NULL,
  `cus_sts_active` varchar(3) DEFAULT 'on',
  `cus_remark` text,
  `cus_addr_default` int(11) DEFAULT '1',
  `cus_update_by` int(11) DEFAULT NULL,
  `cus_update` timestamp NULL DEFAULT CURRENT_TIMESTAMP
) ENGINE=MyISAM DEFAULT CHARSET=utf8;

--
-- Dumping data for table `log_customer`
--

INSERT INTO `log_customer` (`cus_id`, `cus_pers_id`, `cus_addr_id`, `cus_addr_cur_id`, `cus_addr_lastest`, `cus_con_id`, `cus_work_id`, `cus_stages_id`, `cus_budget`, `cus_visit_type`, `cus_media_type`, `cus_flag`, `cus_created_by`, `cus_created_date`, `cus_customer_date`, `cus_sts_active`, `cus_remark`, `cus_addr_default`, `cus_update_by`, `cus_update`) VALUES
(1, 1, 1, 1, NULL, 1, 1, 1, NULL, '', NULL, 'leads', '0', '2016-05-19 17:19:17', NULL, 'on', NULL, 1, 0, '2016-05-19 10:19:17'),
(NULL, NULL, NULL, NULL, NULL, NULL, NULL, NULL, NULL, NULL, NULL, NULL, NULL, NULL, NULL, 'on', NULL, 1, 37, '2016-05-26 02:32:46'),
(NULL, NULL, NULL, NULL, NULL, NULL, NULL, NULL, NULL, NULL, NULL, NULL, NULL, NULL, NULL, 'on', NULL, 1, 37, '2016-05-26 02:53:03'),
(NULL, NULL, NULL, NULL, NULL, NULL, NULL, NULL, NULL, NULL, NULL, NULL, NULL, NULL, NULL, 'on', NULL, 1, 37, '2016-05-26 02:56:30'),
(NULL, NULL, NULL, NULL, NULL, NULL, NULL, NULL, NULL, NULL, NULL, NULL, NULL, NULL, NULL, 'on', NULL, 1, 37, '2016-05-26 02:59:02'),
(NULL, NULL, NULL, NULL, NULL, NULL, NULL, NULL, NULL, NULL, NULL, NULL, NULL, NULL, NULL, 'on', NULL, 1, 37, '2016-05-26 02:59:43'),
(1, 1, 1, 1, NULL, 1, 1, 1, NULL, '', NULL, 'leads', '0', '2016-05-19 17:19:17', NULL, 'on', NULL, 1, 37, '2016-05-27 03:43:22'),
(1, 1, 1, 1, NULL, 1, 1, 1, NULL, '', NULL, 'leads', '37', '2016-05-31 16:19:24', NULL, 'on', NULL, 1, 37, '2016-05-31 09:19:24'),
(3, 3, 3, 3, NULL, 3, 3, 1, NULL, '', NULL, 'leads', '37', '2016-05-31 16:41:36', NULL, 'on', NULL, 1, 37, '2016-05-31 09:41:36'),
(4, 4, 4, 4, NULL, 4, 4, 1, NULL, '', ',', 'leads', '37', '2016-06-01 10:47:01', NULL, 'on', NULL, 1, 37, '2016-06-01 03:47:01'),
(5, 5, 5, 5, NULL, 5, 5, 1, NULL, '', '', 'leads', '37', '2016-06-01 10:52:13', NULL, 'on', NULL, 1, 37, '2016-06-01 03:52:13'),
(10, 10, 10, 10, NULL, 10, 10, 1, 'ต่ำกว่า 2.0', '1', '1,2,4', 'leads', '37', '2016-06-08 11:29:08', NULL, 'on', NULL, 1, 37, '2016-06-08 04:34:30'),
(10, 10, 10, 10, NULL, 10, 10, 1, 'ต่ำกว่า 2.0', '1', '1,2,4', 'leads', '37', '2016-06-08 11:29:08', NULL, 'on', NULL, 1, 37, '2016-06-08 04:37:12'),
(10, 10, 10, 10, NULL, 10, 10, 1, 'ต่ำกว่า 2.0', '1', '1,2,4', 'leads', '37', '2016-06-08 11:29:08', NULL, 'on', NULL, 1, 37, '2016-06-08 04:37:33'),
(10, 10, 10, 10, NULL, 10, 10, 1, '2.01-2.5 MB', '1', '1,2,4', 'leads', '37', '2016-06-08 11:29:08', NULL, 'on', NULL, 1, 37, '2016-06-08 06:58:51'),
(10, 10, 10, 10, NULL, 10, 10, 1, 'สูงกว่า 4.0', '1', '1,2,4', 'leads', '37', '2016-06-08 11:29:08', NULL, 'on', NULL, 1, 37, '2016-06-08 06:59:00'),
(10, 10, 10, 10, NULL, 10, 10, 1, 'สูงกว่า 4.0', '1', '1,2,4', 'leads', '37', '2016-06-08 11:29:08', NULL, 'on', NULL, 1, 37, '2016-06-08 06:59:10'),
(10, 10, 10, 10, NULL, 10, 10, 1, '3.51-4.0 MB', '1', '1,2,4', 'leads', '37', '2016-06-08 11:29:08', NULL, 'on', NULL, 1, 37, '2016-06-08 06:59:16'),
(10, 10, 10, 10, NULL, 10, 10, 1, 'สูงกว่า 4.0', '1', '1,2,4', 'leads', '37', '2016-06-08 11:29:08', NULL, 'on', NULL, 1, 37, '2016-06-08 06:59:27'),
(10, 10, 10, 10, NULL, 10, 10, 1, 'สูงกว่า 4.0', '1', '1,2,4', 'leads', '37', '2016-06-08 11:29:08', NULL, 'on', NULL, 1, 37, '2016-06-08 07:13:14'),
(10, 10, 10, 10, NULL, 10, 10, 1, 'สูงกว่า 4.0', '1', '1,2,4', 'leads', '37', '2016-06-08 11:29:08', NULL, 'on', NULL, 1, 37, '2016-06-08 07:26:37'),
(10, 10, 10, 10, NULL, 10, 10, 1, '2.01-2.5 MB', '1', '1,2,4', 'leads', '37', '2016-06-08 11:29:08', NULL, 'on', NULL, 1, 37, '2016-06-08 07:26:45'),
(10, 10, 10, 10, NULL, 10, 10, 1, 'ต่ำกว่า 2.0', '1', '1,2,4', 'leads', '37', '2016-06-08 11:29:08', NULL, 'on', NULL, 1, 37, '2016-06-08 07:27:09'),
(10, 10, 10, 10, NULL, 10, 10, 1, 'สูงกว่า 4.0', '1', '1,2,4', 'leads', '37', '2016-06-08 11:29:08', NULL, 'on', NULL, 1, 37, '2016-06-08 07:44:48'),
(10, 10, 10, 10, NULL, 10, 10, 1, 'สูงกว่า 4.0', '1', '1,2,4', 'leads', '37', '2016-06-08 11:29:08', NULL, 'on', NULL, 1, 37, '2016-06-08 07:47:24'),
(10, 10, 10, 10, NULL, 10, 10, 1, '2.01-2.5 MB', '1', '1,2,4', 'leads', '37', '2016-06-08 11:29:08', NULL, 'on', NULL, 1, 37, '2016-06-08 07:47:35'),
(10, 10, 10, 10, NULL, 10, 10, 1, 'สูงกว่า 4.0', '1', '1,2,4', 'leads', '37', '2016-06-08 11:29:08', NULL, 'on', NULL, 1, 37, '2016-06-08 07:47:54'),
(10, 10, 10, 10, NULL, 10, 10, 1, 'สูงกว่า 4.0', '1', '1,2,4', 'leads', '37', '2016-06-08 11:29:08', NULL, 'on', NULL, 1, 37, '2016-06-08 07:50:13'),
(10, 10, 10, 10, NULL, 10, 10, 1, '> 4.0 MB', '1', '1,2,4', 'leads', '37', '2016-06-08 11:29:08', NULL, 'on', NULL, 1, 37, '2016-06-08 07:52:35'),
(10, 10, 10, 10, NULL, 10, 10, 1, '< 2.0 MB', '1', '1,2,4', 'leads', '37', '2016-06-08 11:29:08', NULL, 'on', NULL, 1, 37, '2016-06-08 07:52:45'),
(10, 10, 10, 10, NULL, 10, 10, 1, '3.51-4.0 MB', '1', '1,2,4', 'leads', '37', '2016-06-08 11:29:08', NULL, 'on', NULL, 1, 37, '2016-06-08 07:52:51'),
(10, 10, 10, 10, NULL, 10, 10, 1, '> 4.0 MB', '1', '1,2,4', 'leads', '37', '2016-06-08 11:29:08', NULL, 'on', NULL, 1, 37, '2016-06-08 07:52:58'),
(10, 10, 10, 10, NULL, 10, 10, 1, '< 2.0 MB', '1', '1,2,4', 'leads', '37', '2016-06-08 11:29:08', NULL, 'on', NULL, 1, 37, '2016-06-08 07:53:38'),
(10, 10, 10, 10, NULL, 10, 10, 1, '> 4.0 MB', '1', '1,2,4', 'leads', '37', '2016-06-08 11:29:08', NULL, 'on', NULL, 1, 37, '2016-06-08 07:53:46'),
(10, 10, 10, 10, NULL, 10, 10, 1, '< 2.0 MB', '1', '1,2,4', 'leads', '37', '2016-06-08 11:29:08', NULL, 'on', NULL, 1, 37, '2016-06-08 07:53:52'),
(10, 10, 10, 10, NULL, 10, 10, 1, '2.01-2.5 MB', '1', '1,2,4', 'leads', '37', '2016-06-08 11:29:08', NULL, 'on', NULL, 1, 37, '2016-06-08 07:53:58'),
(10, 10, 10, 10, NULL, 10, 10, 1, '< 2.0 MB', '1', '1,2,4', 'leads', '37', '2016-06-08 11:29:08', NULL, 'on', NULL, 1, 37, '2016-06-08 07:54:04'),
(10, 10, 10, 10, NULL, 10, 10, 1, '< 2.0 MB', '1', '1,2,4', 'leads', '37', '2016-06-08 11:29:08', NULL, 'on', NULL, 1, 37, '2016-06-08 07:55:04'),
(10, 10, 10, 10, NULL, 10, 10, 1, '> 4.0 MB', '1', '1,2,4', 'leads', '37', '2016-06-08 11:29:08', NULL, 'on', NULL, 1, 37, '2016-06-08 07:55:11'),
(10, 10, 10, 10, NULL, 10, 10, 1, '3.51-4.0 MB', '1', '1,2,4', 'leads', '37', '2016-06-08 11:29:08', NULL, 'on', NULL, 1, 37, '2016-06-08 07:55:17'),
(10, 10, 10, 10, NULL, 10, 10, 1, '3.51-4.0 MB', '1', '1,2,4', 'leads', '37', '2016-06-08 11:29:08', NULL, 'on', NULL, 1, 37, '2016-06-08 07:57:24'),
(10, 10, 10, 10, NULL, 10, 10, 1, '3.51-4.0 MB', '1', '1,2,4', 'leads', '37', '2016-06-08 11:29:08', NULL, 'on', NULL, 1, 37, '2016-06-08 08:08:41'),
(10, 10, 10, 10, NULL, 10, 10, 1, '3.51-4.0 MB', '2', '1,2,4', 'leads', '37', '2016-06-08 11:29:08', NULL, 'on', NULL, 1, 37, '2016-06-08 08:20:26'),
(10, 10, 10, 10, NULL, 10, 10, 1, '3.51-4.0 MB', '3', '1,2,4', 'leads', '37', '2016-06-08 11:29:08', NULL, 'on', NULL, 1, 37, '2016-06-08 08:20:32'),
(10, 10, 10, 10, NULL, 10, 10, 1, '3.51-4.0 MB', '1', '1,2,4', 'leads', '37', '2016-06-08 11:29:08', NULL, 'on', NULL, 1, 37, '2016-06-08 08:20:40'),
(10, 10, 10, 10, NULL, 10, 10, 1, '3.51-4.0 MB', '1', '1,2,4', 'leads', '37', '2016-06-08 11:29:08', NULL, 'on', NULL, 1, 37, '2016-06-08 08:20:52'),
(10, 10, 10, 10, NULL, 10, 10, 1, '3.51-4.0 MB', '1', '1,2,4', 'leads', '37', '2016-06-08 11:29:08', NULL, 'on', NULL, 1, 37, '2016-06-08 08:23:37'),
(10, 10, 10, 10, NULL, 10, 10, 1, '3.51-4.0 MB', '1', '1,2,4', 'leads', '37', '2016-06-08 11:29:08', NULL, 'on', NULL, 1, 37, '2016-06-08 08:23:44'),
(10, 10, 10, 10, NULL, 10, 10, 1, '3.51-4.0 MB', '1', '1,2,4', 'leads', '37', '2016-06-08 11:29:08', NULL, 'on', NULL, 1, 37, '2016-06-08 08:25:42'),
(10, 10, 10, 10, NULL, 10, 10, 1, '3.51-4.0 MB', '1', '1,2,4', 'leads', '37', '2016-06-08 11:29:08', NULL, 'on', NULL, 1, 37, '2016-06-08 08:25:57'),
(10, 10, 10, 10, NULL, 10, 10, 1, '3.51-4.0 MB', '1', '1,2,4', 'leads', '37', '2016-06-08 11:29:08', NULL, 'on', NULL, 1, 37, '2016-06-08 08:26:26'),
(10, 10, 10, 10, NULL, 10, 10, 1, '3.51-4.0 MB', '1', '1,2,4', 'leads', '37', '2016-06-08 11:29:08', NULL, 'on', NULL, 1, 37, '2016-06-08 08:26:36'),
(10, 10, 10, 10, NULL, 10, 10, 1, '3.51-4.0 MB', '1', '1,2,4', 'leads', '37', '2016-06-08 11:29:08', NULL, 'on', NULL, 1, 37, '2016-06-08 08:26:43'),
(10, 10, 10, 10, NULL, 10, 10, 1, '3.51-4.0 MB', '1', NULL, 'leads', '37', '2016-06-08 11:29:08', NULL, 'on', NULL, 1, 37, '2016-06-08 08:32:51'),
(10, 10, 10, 10, NULL, 10, 10, 1, '3.51-4.0 MB', '1', NULL, 'leads', '37', '2016-06-08 11:29:08', NULL, 'on', NULL, 1, 0, '2016-06-09 02:37:17');

-- --------------------------------------------------------

--
-- Table structure for table `log_customer_address_current_info`
--

CREATE TABLE IF NOT EXISTS `log_customer_address_current_info` (
  `addr_cur_id` int(11) DEFAULT NULL,
  `addr_cur_address` varchar(100) DEFAULT NULL,
  `addr_cur_sub_district` varchar(100) DEFAULT NULL,
  `addr_cur_district` varchar(100) DEFAULT NULL,
  `addr_cur_province` varchar(100) DEFAULT NULL,
  `addr_cur_post_code` varchar(50) DEFAULT NULL,
  `addr_cur_country` varchar(10) DEFAULT NULL,
  `addr_cur_id_cus` varchar(10) DEFAULT NULL,
  `addr_cur_update_by` int(11) DEFAULT NULL,
  `addr_cur_update` timestamp NULL DEFAULT CURRENT_TIMESTAMP
) ENGINE=MyISAM DEFAULT CHARSET=utf8;

--
-- Dumping data for table `log_customer_address_current_info`
--

INSERT INTO `log_customer_address_current_info` (`addr_cur_id`, `addr_cur_address`, `addr_cur_sub_district`, `addr_cur_district`, `addr_cur_province`, `addr_cur_post_code`, `addr_cur_country`, `addr_cur_id_cus`, `addr_cur_update_by`, `addr_cur_update`) VALUES
(1, NULL, 'คลองสาน', 'คลองสาน', 'กรุงเทพมหานคร', '111111', '213', '1', 0, '2016-05-19 10:19:17'),
(NULL, NULL, NULL, NULL, NULL, NULL, NULL, NULL, 37, '2016-05-26 02:32:46'),
(NULL, NULL, NULL, NULL, NULL, NULL, NULL, NULL, 37, '2016-05-26 02:53:03'),
(NULL, NULL, NULL, NULL, NULL, NULL, NULL, NULL, 37, '2016-05-26 02:56:30'),
(NULL, NULL, NULL, NULL, NULL, NULL, NULL, NULL, 37, '2016-05-26 02:59:02'),
(NULL, NULL, NULL, NULL, NULL, NULL, NULL, NULL, 37, '2016-05-26 02:59:43'),
(1, NULL, 'คลองสาน', 'คลองสาน', 'กรุงเทพมหานคร', '111111', '213', '1', 37, '2016-05-27 03:43:22'),
(1, NULL, '0', '0', '0', '0', '213', '1', 37, '2016-05-31 09:19:24'),
(3, NULL, '0', '0', '0', '0', '213', '3', 37, '2016-05-31 09:41:36'),
(4, NULL, '0', '0', '0', '0', '213', '4', 37, '2016-06-01 03:47:01'),
(5, NULL, '0', '0', '0', '0', '213', '5', 37, '2016-06-01 03:52:13'),
(4, 'บ้าน บ้าน บ้าน', 'คลองต้นไทร', 'คลองสาน', 'กรุงเทพมหานคร', '10600', '213', '4', 37, '2016-06-02 03:13:07'),
(4, 'บ้าน บ้าน บ้าน', 'คลองต้นไทร', 'คลองสาน', 'กรุงเทพมหานคร', '10600', '213', '4', 37, '2016-06-02 03:13:47'),
(4, 'บ้าน บ้าน บ้าน', 'คลองต้นไทร', 'คลองสาน', 'กรุงเทพมหานคร', '10600', '213', '4', 37, '2016-06-02 03:15:55'),
(4, 'บ้าน บ้าน บ้าน', 'คลองต้นไทร', 'คลองสาน', 'กรุงเทพมหานคร', '10600', '213', '4', 37, '2016-06-02 03:24:46'),
(4, 'บ้าน บ้าน บ้าน', 'คลองต้นไทร', 'คลองสาน', 'กรุงเทพมหานคร', '10600', '213', '4', 37, '2016-06-02 03:33:45'),
(4, 'บ้าน บ้าน บ้าน', 'คลองต้นไทร', 'คลองสาน', 'กรุงเทพมหานคร', '10600', '213', '4', 37, '2016-06-02 03:34:05'),
(5, 'home', 'คลองท่อมเหนือ', 'คลองท่อม', 'กระบี่', '81120', '213', '5', 0, '2016-06-02 07:55:41'),
(3, 'ๆไำ', 'คลองต้นไทร', 'คลองสาน', 'กรุงเทพมหานคร', '10600', '213', '3', 0, '2016-06-07 07:46:03'),
(8, '123123', '12312312', '3123', '1231312', '1312321321321', '213', '8', 0, '2016-06-07 08:51:19'),
(9, 'home', 'หัวหมาก', 'บางกะปิ', 'กรุงเทพมหานคร', '10240', '213', '9', 0, '2016-06-07 09:46:02'),
(10, NULL, NULL, NULL, NULL, NULL, '213', '10', 37, '2016-06-08 04:34:30'),
(10, NULL, NULL, NULL, NULL, NULL, '213', '10', 37, '2016-06-08 04:37:12'),
(10, NULL, NULL, NULL, NULL, NULL, '213', '10', 37, '2016-06-08 04:37:33'),
(10, NULL, NULL, NULL, NULL, NULL, '213', '10', 37, '2016-06-08 06:58:51'),
(10, NULL, NULL, NULL, NULL, NULL, '213', '10', 37, '2016-06-08 06:59:00'),
(10, NULL, NULL, NULL, NULL, NULL, '213', '10', 37, '2016-06-08 06:59:10'),
(10, NULL, NULL, NULL, NULL, NULL, '213', '10', 37, '2016-06-08 06:59:16'),
(10, NULL, NULL, NULL, NULL, NULL, '213', '10', 37, '2016-06-08 06:59:27'),
(10, NULL, NULL, NULL, NULL, NULL, '213', '10', 37, '2016-06-08 07:13:14'),
(10, NULL, NULL, NULL, NULL, NULL, '213', '10', 37, '2016-06-08 07:26:37'),
(10, NULL, NULL, NULL, NULL, NULL, '213', '10', 37, '2016-06-08 07:26:45'),
(10, NULL, NULL, NULL, NULL, NULL, '213', '10', 37, '2016-06-08 07:27:09'),
(10, NULL, NULL, NULL, NULL, NULL, '213', '10', 37, '2016-06-08 07:44:48'),
(10, NULL, NULL, NULL, NULL, NULL, '213', '10', 37, '2016-06-08 07:47:24'),
(10, NULL, NULL, NULL, NULL, NULL, '213', '10', 37, '2016-06-08 07:47:35'),
(10, NULL, NULL, NULL, NULL, NULL, '213', '10', 37, '2016-06-08 07:47:54'),
(10, NULL, NULL, NULL, NULL, NULL, '213', '10', 37, '2016-06-08 07:50:13'),
(10, NULL, NULL, NULL, NULL, NULL, '213', '10', 37, '2016-06-08 07:52:35'),
(10, NULL, NULL, NULL, NULL, NULL, '213', '10', 37, '2016-06-08 07:52:45'),
(10, NULL, NULL, NULL, NULL, NULL, '213', '10', 37, '2016-06-08 07:52:51'),
(10, NULL, NULL, NULL, NULL, NULL, '213', '10', 37, '2016-06-08 07:52:58'),
(10, NULL, NULL, NULL, NULL, NULL, '213', '10', 37, '2016-06-08 07:53:38'),
(10, NULL, NULL, NULL, NULL, NULL, '213', '10', 37, '2016-06-08 07:53:46'),
(10, NULL, NULL, NULL, NULL, NULL, '213', '10', 37, '2016-06-08 07:53:52'),
(10, NULL, NULL, NULL, NULL, NULL, '213', '10', 37, '2016-06-08 07:53:58'),
(10, NULL, NULL, NULL, NULL, NULL, '213', '10', 37, '2016-06-08 07:54:04'),
(10, NULL, NULL, NULL, NULL, NULL, '213', '10', 37, '2016-06-08 07:55:04'),
(10, NULL, NULL, NULL, NULL, NULL, '213', '10', 37, '2016-06-08 07:55:11'),
(10, NULL, NULL, NULL, NULL, NULL, '213', '10', 37, '2016-06-08 07:55:17'),
(10, NULL, NULL, NULL, NULL, NULL, '213', '10', 37, '2016-06-08 07:57:24'),
(10, NULL, NULL, NULL, NULL, NULL, '213', '10', 37, '2016-06-08 08:08:41'),
(10, NULL, NULL, NULL, NULL, NULL, '213', '10', 37, '2016-06-08 08:20:26'),
(10, NULL, NULL, NULL, NULL, NULL, '213', '10', 37, '2016-06-08 08:20:32'),
(10, NULL, NULL, NULL, NULL, NULL, '213', '10', 37, '2016-06-08 08:20:40'),
(10, NULL, NULL, NULL, NULL, NULL, '213', '10', 37, '2016-06-08 08:20:52'),
(10, NULL, NULL, NULL, NULL, NULL, '213', '10', 37, '2016-06-08 08:23:37'),
(10, NULL, NULL, NULL, NULL, NULL, '213', '10', 37, '2016-06-08 08:23:44'),
(10, NULL, NULL, NULL, NULL, NULL, '213', '10', 37, '2016-06-08 08:25:42'),
(10, NULL, NULL, NULL, NULL, NULL, '213', '10', 37, '2016-06-08 08:25:57'),
(10, NULL, NULL, NULL, NULL, NULL, '213', '10', 37, '2016-06-08 08:26:26'),
(10, NULL, NULL, NULL, NULL, NULL, '213', '10', 37, '2016-06-08 08:26:36'),
(10, NULL, NULL, NULL, NULL, NULL, '213', '10', 37, '2016-06-08 08:26:43'),
(10, NULL, NULL, NULL, NULL, NULL, '213', '10', 37, '2016-06-08 08:32:51'),
(11, '22/2  ม.2  ถ. 2', 'คลองต้นไทร', 'คลองสาน', 'กรุงเทพมหานคร', '10600', '213', '11', 37, '2016-06-08 09:19:42'),
(10, NULL, NULL, NULL, NULL, NULL, '213', '10', 0, '2016-06-09 02:37:17');

-- --------------------------------------------------------

--
-- Table structure for table `log_customer_address_info`
--

CREATE TABLE IF NOT EXISTS `log_customer_address_info` (
  `addr_id` int(11) DEFAULT NULL,
  `addr_address` varchar(100) DEFAULT NULL,
  `addr_sub_district` varchar(100) DEFAULT NULL,
  `addr_district` varchar(100) DEFAULT NULL,
  `addr_province` varchar(100) DEFAULT NULL,
  `addr_post_code` varchar(50) DEFAULT NULL,
  `addr_country` varchar(50) DEFAULT NULL,
  `addr_id_cus` varchar(10) DEFAULT NULL,
  `addr_update_by` int(11) DEFAULT NULL,
  `addr_update` timestamp NULL DEFAULT CURRENT_TIMESTAMP
) ENGINE=MyISAM DEFAULT CHARSET=utf8;

--
-- Dumping data for table `log_customer_address_info`
--

INSERT INTO `log_customer_address_info` (`addr_id`, `addr_address`, `addr_sub_district`, `addr_district`, `addr_province`, `addr_post_code`, `addr_country`, `addr_id_cus`, `addr_update_by`, `addr_update`) VALUES
(1, NULL, NULL, NULL, NULL, NULL, '213', '1', 0, '2016-05-19 10:19:17'),
(NULL, NULL, NULL, NULL, NULL, NULL, NULL, NULL, 37, '2016-05-26 02:32:46'),
(NULL, NULL, NULL, NULL, NULL, NULL, NULL, NULL, 37, '2016-05-26 02:53:03'),
(NULL, NULL, NULL, NULL, NULL, NULL, NULL, NULL, 37, '2016-05-26 02:56:30'),
(NULL, NULL, NULL, NULL, NULL, NULL, NULL, NULL, 37, '2016-05-26 02:59:02'),
(NULL, NULL, NULL, NULL, NULL, NULL, NULL, NULL, 37, '2016-05-26 02:59:43'),
(1, NULL, NULL, NULL, NULL, NULL, '213', '1', 37, '2016-05-27 03:43:22'),
(1, NULL, NULL, NULL, NULL, NULL, '213', '1', 37, '2016-05-31 09:19:24'),
(3, NULL, NULL, NULL, NULL, NULL, '213', '3', 37, '2016-05-31 09:41:36'),
(4, NULL, NULL, NULL, NULL, NULL, '213', '4', 37, '2016-06-01 03:47:01'),
(5, NULL, NULL, NULL, NULL, NULL, '213', '5', 37, '2016-06-01 03:52:13'),
(4, 'บ้าน บ้าน บ้าน', 'คลองต้นไทร', 'คลองสาน', 'กรุงเทพมหานคร', '10600', '213', '4', 37, '2016-06-02 03:13:07'),
(4, 'บ้าน บ้าน บ้าน', 'คลองต้นไทร', 'คลองสาน', 'กรุงเทพมหานคร', '10600', '213', '4', 37, '2016-06-02 03:13:47'),
(4, 'บ้าน บ้าน บ้าน', 'คลองต้นไทร', 'คลองสาน', 'กรุงเทพมหานคร', '10600', '213', '4', 37, '2016-06-02 03:15:55'),
(4, 'บ้าน บ้าน บ้าน', 'คลองต้นไทร', 'คลองสาน', 'กรุงเทพมหานคร', '10600', '213', '4', 37, '2016-06-02 03:24:46'),
(4, 'บ้าน บ้าน บ้าน', 'คลองต้นไทร', 'คลองสาน', 'กรุงเทพมหานคร', '10600', '213', '4', 37, '2016-06-02 03:33:45'),
(4, 'บ้าน บ้าน บ้าน', 'คลองต้นไทร', 'คลองสาน', 'กรุงเทพมหานคร', '10600', '213', '4', 37, '2016-06-02 03:34:05'),
(5, 'home', 'คลองท่อมเหนือ', 'คลองท่อม', 'กระบี่', '81120', '213', '5', 0, '2016-06-02 07:55:41'),
(3, 'ๆไำ', 'คลองต้นไทร', 'คลองสาน', 'กรุงเทพมหานคร', '10600', '213', '3', 0, '2016-06-07 07:46:03'),
(8, '123123', '12312312', '3123', '1231312', '1312321321321', '213', '8', 0, '2016-06-07 08:51:19'),
(9, 'home', 'หัวหมาก', 'บางกะปิ', 'กรุงเทพมหานคร', '10240', '213', '9', 0, '2016-06-07 09:46:02'),
(10, NULL, '', '', '', '', '213', '10', 37, '2016-06-08 04:34:30'),
(10, NULL, '', '', '', '', '213', '10', 37, '2016-06-08 04:37:12'),
(10, NULL, '', '', '', '', '213', '10', 37, '2016-06-08 04:37:33'),
(10, NULL, '', '', '', '', '213', '10', 37, '2016-06-08 06:58:51'),
(10, NULL, '', '', '', '', '213', '10', 37, '2016-06-08 06:59:00'),
(10, NULL, '', '', '', '', '213', '10', 37, '2016-06-08 06:59:10'),
(10, NULL, '', '', '', '', '213', '10', 37, '2016-06-08 06:59:16'),
(10, NULL, '', '', '', '', '213', '10', 37, '2016-06-08 06:59:27'),
(10, NULL, '', '', '', '', '213', '10', 37, '2016-06-08 07:13:14'),
(10, NULL, '', '', '', '', '213', '10', 37, '2016-06-08 07:26:37'),
(10, NULL, '', '', '', '', '213', '10', 37, '2016-06-08 07:26:45'),
(10, NULL, '', '', '', '', '213', '10', 37, '2016-06-08 07:27:09'),
(10, NULL, '', '', '', '', '213', '10', 37, '2016-06-08 07:44:48'),
(10, NULL, '', '', '', '', '213', '10', 37, '2016-06-08 07:47:24'),
(10, NULL, '', '', '', '', '213', '10', 37, '2016-06-08 07:47:35'),
(10, NULL, '', '', '', '', '213', '10', 37, '2016-06-08 07:47:54'),
(10, NULL, '', '', '', '', '213', '10', 37, '2016-06-08 07:50:13'),
(10, NULL, '', '', '', '', '213', '10', 37, '2016-06-08 07:52:35'),
(10, NULL, '', '', '', '', '213', '10', 37, '2016-06-08 07:52:45'),
(10, NULL, '', '', '', '', '213', '10', 37, '2016-06-08 07:52:51'),
(10, NULL, '', '', '', '', '213', '10', 37, '2016-06-08 07:52:58'),
(10, NULL, '', '', '', '', '213', '10', 37, '2016-06-08 07:53:38'),
(10, NULL, '', '', '', '', '213', '10', 37, '2016-06-08 07:53:46'),
(10, NULL, '', '', '', '', '213', '10', 37, '2016-06-08 07:53:52'),
(10, NULL, '', '', '', '', '213', '10', 37, '2016-06-08 07:53:58'),
(10, NULL, '', '', '', '', '213', '10', 37, '2016-06-08 07:54:04'),
(10, NULL, '', '', '', '', '213', '10', 37, '2016-06-08 07:55:04'),
(10, NULL, '', '', '', '', '213', '10', 37, '2016-06-08 07:55:11'),
(10, NULL, '', '', '', '', '213', '10', 37, '2016-06-08 07:55:17'),
(10, NULL, '', '', '', '', '213', '10', 37, '2016-06-08 07:57:24'),
(10, NULL, '', '', '', '', '213', '10', 37, '2016-06-08 08:08:41'),
(10, NULL, '', '', '', '', '213', '10', 37, '2016-06-08 08:20:26'),
(10, NULL, '', '', '', '', '213', '10', 37, '2016-06-08 08:20:32'),
(10, NULL, '', '', '', '', '213', '10', 37, '2016-06-08 08:20:40'),
(10, NULL, '', '', '', '', '213', '10', 37, '2016-06-08 08:20:52'),
(10, NULL, '', '', '', '', '213', '10', 37, '2016-06-08 08:23:37'),
(10, NULL, '', '', '', '', '213', '10', 37, '2016-06-08 08:23:44'),
(10, NULL, '', '', '', '', '213', '10', 37, '2016-06-08 08:25:42'),
(10, NULL, '', '', '', '', '213', '10', 37, '2016-06-08 08:25:57'),
(10, NULL, '', '', '', '', '213', '10', 37, '2016-06-08 08:26:26'),
(10, NULL, '', '', '', '', '213', '10', 37, '2016-06-08 08:26:36'),
(10, NULL, '', '', '', '', '213', '10', 37, '2016-06-08 08:26:43'),
(10, NULL, '', '', '', '', '213', '10', 37, '2016-06-08 08:32:51'),
(11, '22/2  ม.2  ถ. 2', 'คลองต้นไทร', 'คลองสาน', 'กรุงเทพมหานคร', '10600', '213', '11', 37, '2016-06-08 09:19:42'),
(10, NULL, '', '', '', '', '213', '10', 0, '2016-06-09 02:37:17');

-- --------------------------------------------------------

--
-- Table structure for table `log_customer_address_lastest`
--

CREATE TABLE IF NOT EXISTS `log_customer_address_lastest` (
  `addr_lastest_id` int(11) NOT NULL,
  `addr_lastest_address` varchar(100) DEFAULT NULL,
  `addr_lastest_sub_district` varchar(100) DEFAULT NULL,
  `addr_lastest_district` varchar(100) DEFAULT NULL,
  `addr_lastest_province` varchar(100) DEFAULT NULL,
  `addr_lastest_post_code` varchar(50) DEFAULT NULL,
  `addr_lastest_country` varchar(10) DEFAULT NULL,
  `addr_lastest_id_cus` varchar(10) DEFAULT NULL,
  `addr_cur_update_by` int(11) NOT NULL
) ENGINE=MyISAM DEFAULT CHARSET=utf8;

--
-- Dumping data for table `log_customer_address_lastest`
--

INSERT INTO `log_customer_address_lastest` (`addr_lastest_id`, `addr_lastest_address`, `addr_lastest_sub_district`, `addr_lastest_district`, `addr_lastest_province`, `addr_lastest_post_code`, `addr_lastest_country`, `addr_lastest_id_cus`, `addr_cur_update_by`) VALUES
(1, NULL, NULL, NULL, NULL, NULL, '213', '1', 0),
(1, NULL, NULL, NULL, NULL, NULL, '213', '1', 37),
(1, NULL, NULL, NULL, NULL, NULL, '213', '1', 37),
(3, NULL, NULL, NULL, NULL, NULL, '213', '3', 37),
(4, NULL, NULL, NULL, NULL, NULL, '213', '4', 37),
(5, NULL, NULL, NULL, NULL, NULL, '213', '5', 37),
(4, NULL, NULL, NULL, NULL, NULL, '213', '4', 37),
(4, NULL, NULL, NULL, NULL, NULL, '213', '4', 37),
(4, NULL, NULL, NULL, NULL, NULL, '213', '4', 37),
(4, NULL, NULL, NULL, NULL, NULL, '213', '4', 37),
(4, NULL, NULL, NULL, NULL, NULL, '213', '4', 37),
(4, NULL, NULL, NULL, NULL, NULL, '213', '4', 37),
(5, NULL, NULL, NULL, NULL, NULL, '213', '5', 0),
(3, NULL, NULL, NULL, NULL, NULL, '213', '3', 0),
(8, '123123', '312312', '312321', '12312312', '312312', '213', '8', 0),
(9, 'home little wife', 'บางเพรียง', 'บางบ่อ', 'สมุทรปราการ', '10560', '213', '9', 0),
(10, NULL, NULL, NULL, NULL, NULL, '213', '10', 37),
(10, NULL, NULL, NULL, NULL, NULL, '213', '10', 37),
(10, NULL, NULL, NULL, NULL, NULL, '213', '10', 37),
(10, NULL, NULL, NULL, NULL, NULL, '213', '10', 37),
(10, NULL, NULL, NULL, NULL, NULL, '213', '10', 37),
(10, NULL, NULL, NULL, NULL, NULL, '213', '10', 37),
(10, NULL, NULL, NULL, NULL, NULL, '213', '10', 37),
(10, NULL, NULL, NULL, NULL, NULL, '213', '10', 37),
(10, NULL, NULL, NULL, NULL, NULL, '213', '10', 37),
(10, NULL, NULL, NULL, NULL, NULL, '213', '10', 37),
(10, NULL, NULL, NULL, NULL, NULL, '213', '10', 37),
(10, NULL, NULL, NULL, NULL, NULL, '213', '10', 37),
(10, NULL, NULL, NULL, NULL, NULL, '213', '10', 37),
(10, NULL, NULL, NULL, NULL, NULL, '213', '10', 37),
(10, NULL, NULL, NULL, NULL, NULL, '213', '10', 37),
(10, NULL, NULL, NULL, NULL, NULL, '213', '10', 37),
(10, NULL, NULL, NULL, NULL, NULL, '213', '10', 37),
(10, NULL, NULL, NULL, NULL, NULL, '213', '10', 37),
(10, NULL, NULL, NULL, NULL, NULL, '213', '10', 37),
(10, NULL, NULL, NULL, NULL, NULL, '213', '10', 37),
(10, NULL, NULL, NULL, NULL, NULL, '213', '10', 37),
(10, NULL, NULL, NULL, NULL, NULL, '213', '10', 37),
(10, NULL, NULL, NULL, NULL, NULL, '213', '10', 37),
(10, NULL, NULL, NULL, NULL, NULL, '213', '10', 37),
(10, NULL, NULL, NULL, NULL, NULL, '213', '10', 37),
(10, NULL, NULL, NULL, NULL, NULL, '213', '10', 37),
(10, NULL, NULL, NULL, NULL, NULL, '213', '10', 37),
(10, NULL, NULL, NULL, NULL, NULL, '213', '10', 37),
(10, NULL, NULL, NULL, NULL, NULL, '213', '10', 37),
(10, NULL, NULL, NULL, NULL, NULL, '213', '10', 37),
(10, NULL, NULL, NULL, NULL, NULL, '213', '10', 37),
(10, NULL, NULL, NULL, NULL, NULL, '213', '10', 37),
(10, NULL, NULL, NULL, NULL, NULL, '213', '10', 37),
(10, NULL, NULL, NULL, NULL, NULL, '213', '10', 37),
(10, NULL, NULL, NULL, NULL, NULL, '213', '10', 37),
(10, NULL, NULL, NULL, NULL, NULL, '213', '10', 37),
(10, NULL, NULL, NULL, NULL, NULL, '213', '10', 37),
(10, NULL, NULL, NULL, NULL, NULL, '213', '10', 37),
(10, NULL, NULL, NULL, NULL, NULL, '213', '10', 37),
(10, NULL, NULL, NULL, NULL, NULL, '213', '10', 37),
(10, NULL, NULL, NULL, NULL, NULL, '213', '10', 37),
(10, NULL, NULL, NULL, NULL, NULL, '213', '10', 37),
(10, NULL, NULL, NULL, NULL, NULL, '213', '10', 37),
(11, '22/22  ม. 22  ถ. 22', 'ขัวเรียง', 'ชุมแพ', 'ขอนแก่น', '40130', '213', '11', 37),
(10, NULL, NULL, NULL, NULL, NULL, '213', '10', 0);

-- --------------------------------------------------------

--
-- Table structure for table `log_customer_contact_info`
--

CREATE TABLE IF NOT EXISTS `log_customer_contact_info` (
  `con_id` int(11) DEFAULT NULL,
  `con_fname` varchar(100) DEFAULT NULL,
  `con_lname` varchar(100) DEFAULT NULL,
  `con_email` varchar(100) DEFAULT NULL,
  `con_tel` varchar(100) DEFAULT NULL,
  `con_id_cus` varchar(10) DEFAULT NULL,
  `con_update_by` int(11) DEFAULT NULL,
  `con_update` timestamp NULL DEFAULT CURRENT_TIMESTAMP
) ENGINE=MyISAM DEFAULT CHARSET=utf8;

--
-- Dumping data for table `log_customer_contact_info`
--

INSERT INTO `log_customer_contact_info` (`con_id`, `con_fname`, `con_lname`, `con_email`, `con_tel`, `con_id_cus`, `con_update_by`, `con_update`) VALUES
(1, NULL, NULL, NULL, NULL, '1', 0, '2016-05-19 10:19:17'),
(NULL, NULL, NULL, NULL, NULL, NULL, 37, '2016-05-26 02:32:46'),
(NULL, NULL, NULL, NULL, NULL, NULL, 37, '2016-05-26 02:53:03'),
(NULL, NULL, NULL, NULL, NULL, NULL, 37, '2016-05-26 02:56:30'),
(NULL, NULL, NULL, NULL, NULL, NULL, 37, '2016-05-26 02:59:02'),
(NULL, NULL, NULL, NULL, NULL, NULL, 37, '2016-05-26 02:59:43'),
(1, NULL, NULL, NULL, NULL, '1', 37, '2016-05-27 03:43:22'),
(1, NULL, NULL, NULL, NULL, '1', 37, '2016-05-31 09:19:24'),
(3, NULL, NULL, NULL, NULL, '3', 37, '2016-05-31 09:41:36'),
(4, NULL, NULL, NULL, NULL, '4', 37, '2016-06-01 03:47:01'),
(5, NULL, NULL, NULL, NULL, '5', 37, '2016-06-01 03:52:13'),
(4, NULL, NULL, NULL, NULL, '4', 37, '2016-06-02 03:13:07'),
(4, NULL, NULL, NULL, NULL, '4', 37, '2016-06-02 03:13:47'),
(4, NULL, NULL, NULL, NULL, '4', 37, '2016-06-02 03:15:55'),
(4, NULL, NULL, NULL, NULL, '4', 37, '2016-06-02 03:24:46'),
(4, NULL, NULL, NULL, NULL, '4', 37, '2016-06-02 03:33:45'),
(4, NULL, NULL, NULL, NULL, '4', 37, '2016-06-02 03:34:05'),
(5, NULL, NULL, NULL, NULL, '5', 0, '2016-06-02 07:55:41'),
(3, NULL, NULL, NULL, NULL, '3', 0, '2016-06-07 07:46:03'),
(8, '123213', '123123', '32131', '12321', '8', 0, '2016-06-07 08:51:19'),
(9, 'ram', 'rem', 'rom@gmail.com', '027777777', '9', 0, '2016-06-07 09:46:03'),
(10, NULL, NULL, NULL, NULL, '10', 37, '2016-06-08 04:34:30'),
(10, NULL, NULL, NULL, NULL, '10', 37, '2016-06-08 04:37:12'),
(10, NULL, NULL, NULL, NULL, '10', 37, '2016-06-08 04:37:33'),
(10, NULL, NULL, NULL, NULL, '10', 37, '2016-06-08 06:58:51'),
(10, NULL, NULL, NULL, NULL, '10', 37, '2016-06-08 06:59:00'),
(10, NULL, NULL, NULL, NULL, '10', 37, '2016-06-08 06:59:10'),
(10, NULL, NULL, NULL, NULL, '10', 37, '2016-06-08 06:59:16'),
(10, NULL, NULL, NULL, NULL, '10', 37, '2016-06-08 06:59:27'),
(10, NULL, NULL, NULL, NULL, '10', 37, '2016-06-08 07:13:14'),
(10, NULL, NULL, NULL, NULL, '10', 37, '2016-06-08 07:26:37'),
(10, NULL, NULL, NULL, NULL, '10', 37, '2016-06-08 07:26:45'),
(10, NULL, NULL, NULL, NULL, '10', 37, '2016-06-08 07:27:09'),
(10, NULL, NULL, NULL, NULL, '10', 37, '2016-06-08 07:44:48'),
(10, NULL, NULL, NULL, NULL, '10', 37, '2016-06-08 07:47:24'),
(10, NULL, NULL, NULL, NULL, '10', 37, '2016-06-08 07:47:35'),
(10, NULL, NULL, NULL, NULL, '10', 37, '2016-06-08 07:47:54'),
(10, NULL, NULL, NULL, NULL, '10', 37, '2016-06-08 07:50:13'),
(10, NULL, NULL, NULL, NULL, '10', 37, '2016-06-08 07:52:35'),
(10, NULL, NULL, NULL, NULL, '10', 37, '2016-06-08 07:52:45'),
(10, NULL, NULL, NULL, NULL, '10', 37, '2016-06-08 07:52:51'),
(10, NULL, NULL, NULL, NULL, '10', 37, '2016-06-08 07:52:58'),
(10, NULL, NULL, NULL, NULL, '10', 37, '2016-06-08 07:53:38'),
(10, NULL, NULL, NULL, NULL, '10', 37, '2016-06-08 07:53:46'),
(10, NULL, NULL, NULL, NULL, '10', 37, '2016-06-08 07:53:52'),
(10, NULL, NULL, NULL, NULL, '10', 37, '2016-06-08 07:53:58'),
(10, NULL, NULL, NULL, NULL, '10', 37, '2016-06-08 07:54:04'),
(10, NULL, NULL, NULL, NULL, '10', 37, '2016-06-08 07:55:04'),
(10, NULL, NULL, NULL, NULL, '10', 37, '2016-06-08 07:55:11'),
(10, NULL, NULL, NULL, NULL, '10', 37, '2016-06-08 07:55:17'),
(10, NULL, NULL, NULL, NULL, '10', 37, '2016-06-08 07:57:24'),
(10, NULL, NULL, NULL, NULL, '10', 37, '2016-06-08 08:08:41'),
(10, NULL, NULL, NULL, NULL, '10', 37, '2016-06-08 08:20:26'),
(10, NULL, NULL, NULL, NULL, '10', 37, '2016-06-08 08:20:32'),
(10, NULL, NULL, NULL, NULL, '10', 37, '2016-06-08 08:20:40'),
(10, NULL, NULL, NULL, NULL, '10', 37, '2016-06-08 08:20:52'),
(10, NULL, NULL, NULL, NULL, '10', 37, '2016-06-08 08:23:37'),
(10, NULL, NULL, NULL, NULL, '10', 37, '2016-06-08 08:23:44'),
(10, NULL, NULL, NULL, NULL, '10', 37, '2016-06-08 08:25:42'),
(10, NULL, NULL, NULL, NULL, '10', 37, '2016-06-08 08:25:57'),
(10, NULL, NULL, NULL, NULL, '10', 37, '2016-06-08 08:26:26'),
(10, NULL, NULL, NULL, NULL, '10', 37, '2016-06-08 08:26:36'),
(10, NULL, NULL, NULL, NULL, '10', 37, '2016-06-08 08:26:43'),
(10, NULL, NULL, NULL, NULL, '10', 37, '2016-06-08 08:32:51'),
(11, NULL, NULL, NULL, NULL, '11', 37, '2016-06-08 09:19:42'),
(10, NULL, NULL, NULL, NULL, '10', 0, '2016-06-09 02:37:17');

-- --------------------------------------------------------

--
-- Table structure for table `log_customer_credit`
--

CREATE TABLE IF NOT EXISTS `log_customer_credit` (
  `cc_id` int(11) NOT NULL,
  `cc_cus_id` int(11) NOT NULL,
  `cc_holder` varchar(100) NOT NULL,
  `cc_number` varchar(100) NOT NULL,
  `cc_bank` int(4) NOT NULL,
  `cc_type` int(2) NOT NULL,
  `cc_expire` varchar(10) NOT NULL,
  `cc_status` varchar(10) NOT NULL DEFAULT 'on',
  `cc_timestamp` timestamp NOT NULL DEFAULT CURRENT_TIMESTAMP,
  `cc_last_update` datetime DEFAULT NULL
) ENGINE=InnoDB AUTO_INCREMENT=2 DEFAULT CHARSET=utf8;

--
-- Dumping data for table `log_customer_credit`
--

INSERT INTO `log_customer_credit` (`cc_id`, `cc_cus_id`, `cc_holder`, `cc_number`, `cc_bank`, `cc_type`, `cc_expire`, `cc_status`, `cc_timestamp`, `cc_last_update`) VALUES
(1, 9, 'ron ran', 'kkJpQPJhQxmjpboxle8pjHhIj1zTsDyn5TUqSt3auSclb81H9v7ZGrbpNbZclNWwKvV8QXWVehODuIHobXsXQg==', 3, 1, '1/2018', 'on', '2016-06-08 02:34:57', '2016-06-08 09:36:04');

-- --------------------------------------------------------

--
-- Table structure for table `log_customer_personal_info`
--

CREATE TABLE IF NOT EXISTS `log_customer_personal_info` (
  `pers_id` int(11) DEFAULT NULL,
  `pers_prefix` varchar(40) DEFAULT NULL,
  `pers_fname` varchar(100) DEFAULT NULL,
  `pers_lname` varchar(100) DEFAULT NULL,
  `pers_sex` varchar(5) DEFAULT NULL,
  `pers_nationality` varchar(100) DEFAULT NULL,
  `pers_identification_flag` varchar(10) DEFAULT NULL,
  `pers_passport` varchar(20) DEFAULT NULL,
  `pers_card_id` varchar(20) DEFAULT NULL,
  `pers_dob` varchar(20) DEFAULT NULL,
  `pers_mobile` varchar(15) DEFAULT NULL,
  `pers_tel` varchar(15) DEFAULT NULL,
  `pers_email` varchar(100) DEFAULT NULL,
  `pers_id_cus` varchar(10) DEFAULT NULL,
  `pers_update_by` int(11) DEFAULT NULL,
  `pers_update` timestamp NULL DEFAULT CURRENT_TIMESTAMP
) ENGINE=MyISAM DEFAULT CHARSET=utf8;

--
-- Dumping data for table `log_customer_personal_info`
--

INSERT INTO `log_customer_personal_info` (`pers_id`, `pers_prefix`, `pers_fname`, `pers_lname`, `pers_sex`, `pers_nationality`, `pers_identification_flag`, `pers_passport`, `pers_card_id`, `pers_dob`, `pers_mobile`, `pers_tel`, `pers_email`, `pers_id_cus`, `pers_update_by`, `pers_update`) VALUES
(1, 'Mrs.', 'test', 'test', 'Femal', '0', 'passport', NULL, '', '', 'xxx-xxxxxxx', '0988299715', 'test@test.com', '1', 0, '2016-05-19 10:19:17'),
(NULL, NULL, NULL, NULL, NULL, NULL, NULL, NULL, NULL, NULL, NULL, NULL, NULL, NULL, 37, '2016-05-26 02:32:46'),
(NULL, NULL, NULL, NULL, NULL, NULL, NULL, NULL, NULL, NULL, NULL, NULL, NULL, NULL, 37, '2016-05-26 02:53:03'),
(NULL, NULL, NULL, NULL, NULL, NULL, NULL, NULL, NULL, NULL, NULL, NULL, NULL, NULL, 37, '2016-05-26 02:56:30'),
(NULL, NULL, NULL, NULL, NULL, NULL, NULL, NULL, NULL, NULL, NULL, NULL, NULL, NULL, 37, '2016-05-26 02:59:02'),
(NULL, NULL, NULL, NULL, NULL, NULL, NULL, NULL, NULL, NULL, NULL, NULL, NULL, NULL, 37, '2016-05-26 02:59:43'),
(1, 'Mrs.', 'test', 'test', 'Femal', '0', 'passport', NULL, '', '', 'xxx-xxxxxxx', '0988299715', 'test@test.com', '1', 37, '2016-05-27 03:43:22'),
(1, 'Mr.', 'peter', 'pet', 'Male', '0', 'passport', NULL, '', '', '0801234567', '0', 'peter@gmail.com', '1', 37, '2016-05-31 09:19:24'),
(3, 'Mr.', 'ศักดิ์', 'สิทธิ์', 'Male', '0', 'passport', NULL, '', '', '0809376172', '0', 'sak@gmail.com', '3', 37, '2016-05-31 09:41:36'),
(4, 'Mr.', 'เฮฮา', 'ปาจิงโกะ', 'Male', '0', 'passport', NULL, '', '', '0801234567', '0', 'heha@hotmail.com', '4', 37, '2016-06-01 03:47:01'),
(5, 'Mr.', 'Aha', 'Ahoo', 'Male', '0', 'passport', NULL, '', '', '0999999999', '0', 'ahoy@gmail.com', '5', 37, '2016-06-01 03:52:13'),
(4, 'นาย', 'เฮฮา', 'ปาจิงโกะ', 'Male', '171', 'IDCard', NULL, '1103100123123', '1994-05-08', '0801234567', '0231321564', 'heha@hotmail.com', '4', 37, '2016-06-02 03:13:07'),
(4, 'นาย', 'เฮฮา', 'ปาจิงโกะ', 'Male', '171', 'IDCard', NULL, '1103100123123', '1970-01-01', '0801234567', '0231321564', 'heha@hotmail.com', '4', 37, '2016-06-02 03:13:47'),
(4, 'นาย', 'เฮฮา', 'ปาจิงโกะ', 'Male', '171', 'IDCard', NULL, '1103100123123', '1998-06-08', '0801234567', '0231321564', 'heha@hotmail.com', '4', 37, '2016-06-02 03:15:55'),
(4, 'นาย', 'เฮฮา', 'ปาจิงโกะ', 'Male', '171', 'IDCard', NULL, '1103100123123', '1970-01-01', '0801234567', '0231321564', 'heha@hotmail.com', '4', 37, '2016-06-02 03:24:46'),
(4, 'นาย', 'เฮฮา', 'ปาจิงโกะ', 'Male', '171', 'IDCard', NULL, '1103100123123', '1970-01-01', '0801234567', '0231321564', 'heha@hotmail.com', '4', 37, '2016-06-02 03:33:45'),
(4, 'นาย', 'เฮฮา', 'ปาจิงโกะ', 'Male', '171', 'IDCard', NULL, '1103100123123', '1970-01-01', '0801234567', '0231321564', 'heha@hotmail.com', '4', 37, '2016-06-02 03:34:05'),
(5, 'นาย', 'Aha', 'Ahoo', 'Male', '171', 'IDCard', NULL, '2548454645649', '1970-01-01', '0999999999', '0486548645', 'ahoy@gmail.com', '5', 0, '2016-06-02 07:55:41'),
(3, 'นาย', 'ศักดิ์', 'สิทธิ์', 'Male', '171', 'IDCard', NULL, '1231321321321', '1970-01-01', '0809376172', '0246546546', 'sak@gmail.com', '3', 0, '2016-06-07 07:46:03'),
(8, 'นาย', 'rang', 'sit', 'Male', '171', 'IDCard', NULL, '2131231231231', '1970-01-01', '0849546545', '02456454564', 'test@rtert', '8', 0, '2016-06-07 08:51:19'),
(9, 'นาย', 'ron', 'ran', 'Male', '171', 'IDCard', NULL, '1234567899998', '1993-06-08', '0812345678', '023456789', 'ron@gmail.com', '9', 0, '2016-06-07 09:46:02'),
(10, 'นาย', 'firstname1', 'lastname1', 'Male', '171', 'IDCard', NULL, '', '', '0800000000', '', 'email@mail.com', '10', 37, '2016-06-08 04:34:30'),
(10, 'นาย', 'firstname1', 'lastname1', 'Male', '171', 'IDCard', NULL, '', '', '0800000000', '', 'email@mail.com', '10', 37, '2016-06-08 04:37:12'),
(10, 'นาย', 'firstname1', 'lastname1', 'Male', '171', 'IDCard', NULL, '', '', '0800000000', '020000000', 'email@mail.com', '10', 37, '2016-06-08 04:37:33'),
(10, 'นาย', 'firstname1', 'lastname1', 'Male', '171', 'IDCard', NULL, '', '', '0800000000', '020000000', 'email@mail.com', '10', 37, '2016-06-08 06:58:51'),
(10, 'นาย', 'firstname1', 'lastname1', 'Male', '171', 'IDCard', NULL, '', '', '0800000000', '020000000', 'email@mail.com', '10', 37, '2016-06-08 06:59:00'),
(10, 'นาย', 'firstname1', 'lastname1', 'Male', '171', 'IDCard', NULL, '', '', '0800000000', '020000000', 'email@mail.com', '10', 37, '2016-06-08 06:59:10'),
(10, 'นาย', 'firstname1', 'lastname1', 'Male', '171', 'IDCard', NULL, '', '', '0800000000', '020000000', 'email@mail.com', '10', 37, '2016-06-08 06:59:16'),
(10, 'นาย', 'firstname1', 'lastname1', 'Male', '171', 'IDCard', NULL, '', '', '0800000000', '020000000', 'email@mail.com', '10', 37, '2016-06-08 06:59:27'),
(10, 'นาย', 'firstname1', 'lastname1', 'Male', '171', 'IDCard', NULL, '', '', '0800000000', '020000000', 'email@mail.com', '10', 37, '2016-06-08 07:13:14'),
(10, 'นาย', 'firstname1', 'lastname1', 'Male', '171', 'IDCard', NULL, '', '', '0800000000', '020000000', 'email@mail.com', '10', 37, '2016-06-08 07:26:37'),
(10, 'นาย', 'firstname1', 'lastname1', 'Male', '171', 'IDCard', NULL, '', '', '0800000000', '020000000', 'email@mail.com', '10', 37, '2016-06-08 07:26:45'),
(10, 'นาย', 'firstname1', 'lastname1', 'Male', '171', 'IDCard', NULL, '', '', '0800000000', '020000000', 'email@mail.com', '10', 37, '2016-06-08 07:27:09'),
(10, 'นาย', 'firstname1', 'lastname1', 'Male', '171', 'IDCard', NULL, '', '', '0800000000', '020000000', 'email@mail.com', '10', 37, '2016-06-08 07:44:48'),
(10, 'นาย', 'firstname1', 'lastname1', 'Male', '171', 'IDCard', NULL, '', '', '0800000000', '020000000', 'email@mail.com', '10', 37, '2016-06-08 07:47:24'),
(10, 'นาย', 'firstname1', 'lastname1', 'Male', '171', 'IDCard', NULL, '', '', '0800000000', '020000000', 'email@mail.com', '10', 37, '2016-06-08 07:47:35'),
(10, 'นาย', 'firstname1', 'lastname1', 'Male', '171', 'IDCard', NULL, '', '', '0800000000', '020000000', 'email@mail.com', '10', 37, '2016-06-08 07:47:54'),
(10, 'นาย', 'firstname1', 'lastname1', 'Male', '171', 'IDCard', NULL, '', '', '0800000000', '020000000', 'email@mail.com', '10', 37, '2016-06-08 07:50:13'),
(10, 'นาย', 'firstname1', 'lastname1', 'Male', '171', 'IDCard', NULL, '', '', '0800000000', '020000000', 'email@mail.com', '10', 37, '2016-06-08 07:52:35'),
(10, 'นาย', 'firstname1', 'lastname1', 'Male', '171', 'IDCard', NULL, '', '', '0800000000', '020000000', 'email@mail.com', '10', 37, '2016-06-08 07:52:45'),
(10, 'นาย', 'firstname1', 'lastname1', 'Male', '171', 'IDCard', NULL, '', '', '0800000000', '020000000', 'email@mail.com', '10', 37, '2016-06-08 07:52:51'),
(10, 'นาย', 'firstname1', 'lastname1', 'Male', '171', 'IDCard', NULL, '', '', '0800000000', '020000000', 'email@mail.com', '10', 37, '2016-06-08 07:52:58'),
(10, 'นาย', 'firstname1', 'lastname1', 'Male', '171', 'IDCard', NULL, '', '', '0800000000', '020000000', 'email@mail.com', '10', 37, '2016-06-08 07:53:38'),
(10, 'นาย', 'firstname1', 'lastname1', 'Male', '171', 'IDCard', NULL, '', '', '0800000000', '020000000', 'email@mail.com', '10', 37, '2016-06-08 07:53:46'),
(10, 'นาย', 'firstname1', 'lastname1', 'Male', '171', 'IDCard', NULL, '', '', '0800000000', '020000000', 'email@mail.com', '10', 37, '2016-06-08 07:53:52'),
(10, 'นาย', 'firstname1', 'lastname1', 'Male', '171', 'IDCard', NULL, '', '', '0800000000', '020000000', 'email@mail.com', '10', 37, '2016-06-08 07:53:58'),
(10, 'นาย', 'firstname1', 'lastname1', 'Male', '171', 'IDCard', NULL, '', '', '0800000000', '020000000', 'email@mail.com', '10', 37, '2016-06-08 07:54:04'),
(10, 'นาย', 'firstname1', 'lastname1', 'Male', '171', 'IDCard', NULL, '', '', '0800000000', '020000000', 'email@mail.com', '10', 37, '2016-06-08 07:55:04'),
(10, 'นาย', 'firstname1', 'lastname1', 'Male', '171', 'IDCard', NULL, '', '', '0800000000', '020000000', 'email@mail.com', '10', 37, '2016-06-08 07:55:11'),
(10, 'นาย', 'firstname1', 'lastname1', 'Male', '171', 'IDCard', NULL, '', '', '0800000000', '020000000', 'email@mail.com', '10', 37, '2016-06-08 07:55:17'),
(10, 'นาย', 'firstname1', 'lastname1', 'Male', '171', 'IDCard', NULL, '', '', '0800000000', '020000000', 'email@mail.com', '10', 37, '2016-06-08 07:57:24'),
(10, 'นาย', 'firstname1', 'lastname1', 'Male', '171', 'IDCard', NULL, '', '', '0800000000', '020000000', 'email@mail.com', '10', 37, '2016-06-08 08:08:41'),
(10, 'นาย', 'firstname1', 'lastname1', 'Male', '171', 'IDCard', NULL, '', '', '0800000000', '020000000', 'email@mail.com', '10', 37, '2016-06-08 08:20:26'),
(10, 'นาย', 'firstname1', 'lastname1', 'Male', '171', 'IDCard', NULL, '', '', '0800000000', '020000000', 'email@mail.com', '10', 37, '2016-06-08 08:20:32'),
(10, 'นางสาว', 'firstname1', 'lastname1', 'Femal', '171', 'IDCard', NULL, '', '', '0800000000', '020000000', 'email@mail.com', '10', 37, '2016-06-08 08:20:40'),
(10, 'นาง', 'firstname1', 'lastname1', 'Femal', '171', 'IDCard', NULL, '', '', '0800000000', '020000000', 'email@mail.com', '10', 37, '2016-06-08 08:20:52'),
(10, 'นางสาว', 'firstname1', 'lastname1', 'Femal', '171', 'IDCard', NULL, '', '', '0800000000', '020000000', 'email@mail.com', '10', 37, '2016-06-08 08:23:37'),
(10, 'นาง', 'firstname1', 'lastname1', 'Femal', '171', 'IDCard', NULL, '', '', '0800000000', '020000000', 'email@mail.com', '10', 37, '2016-06-08 08:23:44'),
(10, 'นาย', 'firstname1', 'lastname1', 'Other', '171', 'IDCard', NULL, '', '', '0800000000', '020000000', 'email@mail.com', '10', 37, '2016-06-08 08:25:42'),
(10, 'นางสาว', 'firstname1', 'lastname1', 'Femal', '171', 'IDCard', NULL, '', '', '0800000000', '020000000', 'email@mail.com', '10', 37, '2016-06-08 08:25:57'),
(10, 'นาย', 'firstname1', 'lastname1', 'Other', '171', 'IDCard', NULL, '', '', '0800000000', '020000000', 'email@mail.com', '10', 37, '2016-06-08 08:26:26'),
(10, 'นาง', 'firstname1', 'lastname1', 'Femal', '171', 'IDCard', NULL, '', '', '0800000000', '020000000', 'email@mail.com', '10', 37, '2016-06-08 08:26:36'),
(10, 'นาย', 'firstname1', 'lastname1', 'Male', '171', 'IDCard', NULL, '', '', '0800000000', '020000000', 'email@mail.com', '10', 37, '2016-06-08 08:26:43'),
(10, 'นาย', 'firstname1', 'lastname1', 'Male', '171', 'IDCard', NULL, '', '', '0800000000', '020000000', 'email@mail.com', '10', 37, '2016-06-08 08:32:51'),
(11, 'นาย', 'firstname2', 'lastname2', 'Male', '171', 'IDCard', NULL, '2222222222222', '1922-02-02', '0822222222', '022222222', 'email2@mail.com', '11', 37, '2016-06-08 09:19:42'),
(10, 'นาย', 'firstname1', 'lastname1', 'Male', '171', 'IDCard', NULL, '', '', '0800000000', '020000000', 'email@mail.com', '10', 0, '2016-06-09 02:37:17');

-- --------------------------------------------------------

--
-- Table structure for table `log_customer_working_info`
--

CREATE TABLE IF NOT EXISTS `log_customer_working_info` (
  `work_id` int(11) DEFAULT NULL,
  `work_position` varchar(50) DEFAULT NULL,
  `work_company` varchar(100) DEFAULT NULL,
  `work_house_no` varchar(100) DEFAULT NULL,
  `work_road` varchar(100) DEFAULT NULL,
  `work_sub` varchar(100) DEFAULT NULL,
  `work_district` varchar(100) DEFAULT NULL,
  `work_province` varchar(100) DEFAULT NULL,
  `work_post_code` varchar(100) DEFAULT NULL,
  `work_country` varchar(100) DEFAULT NULL,
  `work_cus_id` varchar(11) DEFAULT NULL,
  `work_update_by` int(11) DEFAULT NULL,
  `work_update` timestamp NULL DEFAULT CURRENT_TIMESTAMP
) ENGINE=MyISAM DEFAULT CHARSET=utf8;

--
-- Dumping data for table `log_customer_working_info`
--

INSERT INTO `log_customer_working_info` (`work_id`, `work_position`, `work_company`, `work_house_no`, `work_road`, `work_sub`, `work_district`, `work_province`, `work_post_code`, `work_country`, `work_cus_id`, `work_update_by`, `work_update`) VALUES
(1, NULL, NULL, NULL, NULL, NULL, NULL, NULL, NULL, '213', '1', 0, '2016-05-19 10:19:17'),
(NULL, NULL, NULL, NULL, NULL, NULL, NULL, NULL, NULL, NULL, NULL, 37, '2016-05-26 02:32:46'),
(NULL, NULL, NULL, NULL, NULL, NULL, NULL, NULL, NULL, NULL, NULL, 37, '2016-05-26 02:53:03'),
(NULL, NULL, NULL, NULL, NULL, NULL, NULL, NULL, NULL, NULL, NULL, 37, '2016-05-26 02:56:30'),
(NULL, NULL, NULL, NULL, NULL, NULL, NULL, NULL, NULL, NULL, NULL, 37, '2016-05-26 02:59:02'),
(NULL, NULL, NULL, NULL, NULL, NULL, NULL, NULL, NULL, NULL, NULL, 37, '2016-05-26 02:59:43'),
(1, NULL, NULL, NULL, NULL, NULL, NULL, NULL, NULL, '213', '1', 37, '2016-05-27 03:43:22'),
(1, NULL, NULL, NULL, NULL, NULL, NULL, NULL, NULL, '213', '1', 37, '2016-05-31 09:19:24'),
(3, NULL, NULL, NULL, NULL, NULL, NULL, NULL, NULL, '213', '3', 37, '2016-05-31 09:41:36'),
(4, NULL, NULL, NULL, NULL, NULL, NULL, NULL, NULL, '213', '4', 37, '2016-06-01 03:47:01'),
(5, NULL, NULL, NULL, NULL, NULL, NULL, NULL, NULL, '213', '5', 37, '2016-06-01 03:52:13'),
(4, NULL, NULL, NULL, NULL, NULL, NULL, NULL, NULL, '213', '4', 37, '2016-06-02 03:13:07'),
(4, NULL, NULL, NULL, NULL, NULL, NULL, NULL, NULL, '213', '4', 37, '2016-06-02 03:13:47'),
(4, NULL, NULL, NULL, NULL, NULL, NULL, NULL, NULL, '213', '4', 37, '2016-06-02 03:15:55'),
(4, NULL, NULL, NULL, NULL, NULL, NULL, NULL, NULL, '213', '4', 37, '2016-06-02 03:24:46'),
(4, NULL, NULL, NULL, NULL, NULL, NULL, NULL, NULL, '213', '4', 37, '2016-06-02 03:33:45'),
(4, NULL, NULL, NULL, NULL, NULL, NULL, NULL, NULL, '213', '4', 37, '2016-06-02 03:34:05'),
(5, NULL, NULL, NULL, NULL, NULL, NULL, NULL, NULL, '213', '5', 0, '2016-06-02 07:55:41'),
(3, NULL, NULL, NULL, NULL, NULL, NULL, NULL, NULL, '213', '3', 0, '2016-06-07 07:46:03'),
(8, '312312', '12312312', '3123', '12321312', '123123', '12321312312', '12312321321321', '213123123123', '213', '8', 0, '2016-06-07 08:51:19'),
(9, 'programmer', 'minttopia', '62/63', 'พัฒนาการ', 'สวนหลวง', 'สวนหลวง', 'กรุงเทพมหานคร', '10250', '213', '9', 0, '2016-06-07 09:46:03'),
(10, NULL, NULL, NULL, NULL, NULL, NULL, NULL, NULL, '213', '10', 37, '2016-06-08 04:34:30'),
(10, NULL, NULL, NULL, NULL, NULL, NULL, NULL, NULL, '213', '10', 37, '2016-06-08 04:37:12'),
(10, NULL, NULL, NULL, NULL, NULL, NULL, NULL, NULL, '213', '10', 37, '2016-06-08 04:37:33'),
(10, NULL, NULL, NULL, NULL, NULL, NULL, NULL, NULL, '213', '10', 37, '2016-06-08 06:58:51'),
(10, NULL, NULL, NULL, NULL, NULL, NULL, NULL, NULL, '213', '10', 37, '2016-06-08 06:59:00'),
(10, NULL, NULL, NULL, NULL, NULL, NULL, NULL, NULL, '213', '10', 37, '2016-06-08 06:59:10'),
(10, NULL, NULL, NULL, NULL, NULL, NULL, NULL, NULL, '213', '10', 37, '2016-06-08 06:59:16'),
(10, NULL, NULL, NULL, NULL, NULL, NULL, NULL, NULL, '213', '10', 37, '2016-06-08 06:59:27'),
(10, NULL, NULL, NULL, NULL, NULL, NULL, NULL, NULL, '213', '10', 37, '2016-06-08 07:13:14'),
(10, NULL, NULL, NULL, NULL, NULL, NULL, NULL, NULL, '213', '10', 37, '2016-06-08 07:26:37'),
(10, NULL, NULL, NULL, NULL, NULL, NULL, NULL, NULL, '213', '10', 37, '2016-06-08 07:26:45'),
(10, NULL, NULL, NULL, NULL, NULL, NULL, NULL, NULL, '213', '10', 37, '2016-06-08 07:27:09'),
(10, NULL, NULL, NULL, NULL, NULL, NULL, NULL, NULL, '213', '10', 37, '2016-06-08 07:44:48'),
(10, NULL, NULL, NULL, NULL, NULL, NULL, NULL, NULL, '213', '10', 37, '2016-06-08 07:47:24'),
(10, NULL, NULL, NULL, NULL, NULL, NULL, NULL, NULL, '213', '10', 37, '2016-06-08 07:47:35'),
(10, NULL, NULL, NULL, NULL, NULL, NULL, NULL, NULL, '213', '10', 37, '2016-06-08 07:47:54'),
(10, NULL, NULL, NULL, NULL, NULL, NULL, NULL, NULL, '213', '10', 37, '2016-06-08 07:50:13'),
(10, NULL, NULL, NULL, NULL, NULL, NULL, NULL, NULL, '213', '10', 37, '2016-06-08 07:52:35'),
(10, NULL, NULL, NULL, NULL, NULL, NULL, NULL, NULL, '213', '10', 37, '2016-06-08 07:52:45'),
(10, NULL, NULL, NULL, NULL, NULL, NULL, NULL, NULL, '213', '10', 37, '2016-06-08 07:52:51'),
(10, NULL, NULL, NULL, NULL, NULL, NULL, NULL, NULL, '213', '10', 37, '2016-06-08 07:52:58'),
(10, NULL, NULL, NULL, NULL, NULL, NULL, NULL, NULL, '213', '10', 37, '2016-06-08 07:53:38'),
(10, NULL, NULL, NULL, NULL, NULL, NULL, NULL, NULL, '213', '10', 37, '2016-06-08 07:53:46'),
(10, NULL, NULL, NULL, NULL, NULL, NULL, NULL, NULL, '213', '10', 37, '2016-06-08 07:53:52'),
(10, NULL, NULL, NULL, NULL, NULL, NULL, NULL, NULL, '213', '10', 37, '2016-06-08 07:53:58'),
(10, NULL, NULL, NULL, NULL, NULL, NULL, NULL, NULL, '213', '10', 37, '2016-06-08 07:54:04'),
(10, NULL, NULL, NULL, NULL, NULL, NULL, NULL, NULL, '213', '10', 37, '2016-06-08 07:55:04'),
(10, NULL, NULL, NULL, NULL, NULL, NULL, NULL, NULL, '213', '10', 37, '2016-06-08 07:55:11'),
(10, NULL, NULL, NULL, NULL, NULL, NULL, NULL, NULL, '213', '10', 37, '2016-06-08 07:55:17'),
(10, NULL, NULL, NULL, NULL, NULL, NULL, NULL, NULL, '213', '10', 37, '2016-06-08 07:57:24'),
(10, NULL, NULL, NULL, NULL, NULL, NULL, NULL, NULL, '213', '10', 37, '2016-06-08 08:08:41'),
(10, NULL, NULL, NULL, NULL, NULL, NULL, NULL, NULL, '213', '10', 37, '2016-06-08 08:20:26'),
(10, NULL, NULL, NULL, NULL, NULL, NULL, NULL, NULL, '213', '10', 37, '2016-06-08 08:20:32'),
(10, NULL, NULL, NULL, NULL, NULL, NULL, NULL, NULL, '213', '10', 37, '2016-06-08 08:20:40'),
(10, NULL, NULL, NULL, NULL, NULL, NULL, NULL, NULL, '213', '10', 37, '2016-06-08 08:20:52'),
(10, NULL, NULL, NULL, NULL, NULL, NULL, NULL, NULL, '213', '10', 37, '2016-06-08 08:23:37'),
(10, NULL, NULL, NULL, NULL, NULL, NULL, NULL, NULL, '213', '10', 37, '2016-06-08 08:23:44'),
(10, NULL, NULL, NULL, NULL, NULL, NULL, NULL, NULL, '213', '10', 37, '2016-06-08 08:25:42'),
(10, NULL, NULL, NULL, NULL, NULL, NULL, NULL, NULL, '213', '10', 37, '2016-06-08 08:25:57'),
(10, NULL, NULL, NULL, NULL, NULL, NULL, NULL, NULL, '213', '10', 37, '2016-06-08 08:26:26'),
(10, NULL, NULL, NULL, NULL, NULL, NULL, NULL, NULL, '213', '10', 37, '2016-06-08 08:26:36'),
(10, NULL, NULL, NULL, NULL, NULL, NULL, NULL, NULL, '213', '10', 37, '2016-06-08 08:26:43'),
(10, NULL, NULL, NULL, NULL, NULL, NULL, NULL, NULL, '213', '10', 37, '2016-06-08 08:32:51'),
(11, NULL, NULL, NULL, NULL, NULL, NULL, NULL, NULL, '213', '11', 37, '2016-06-08 09:19:42'),
(10, NULL, NULL, NULL, NULL, NULL, NULL, NULL, NULL, '213', '10', 0, '2016-06-09 02:37:17');

-- --------------------------------------------------------

--
-- Table structure for table `log_lead_remark`
--

CREATE TABLE IF NOT EXISTS `log_lead_remark` (
  `lr_id` int(11) NOT NULL,
  `lr_cus_id` int(11) NOT NULL,
  `lr_remark` text NOT NULL,
  `lr_user_id` int(11) NOT NULL,
  `lr_timestamp` timestamp NOT NULL DEFAULT CURRENT_TIMESTAMP,
  `lr_status` varchar(10) NOT NULL DEFAULT 'on'
) ENGINE=InnoDB DEFAULT CHARSET=utf8;

-- --------------------------------------------------------

--
-- Table structure for table `log_permission`
--

CREATE TABLE IF NOT EXISTS `log_permission` (
  `pm_id` int(11) DEFAULT NULL,
  `pm_name` varchar(100) DEFAULT NULL,
  `pm_calendar` varchar(10) DEFAULT NULL,
  `pm_leads` varchar(4) DEFAULT '0',
  `pm_customer` varchar(4) DEFAULT '0',
  `pm_quotation` varchar(4) DEFAULT '0',
  `pm_booking` varchar(4) DEFAULT '0',
  `pm_contract` varchar(4) DEFAULT '0',
  `pm_transfer` varchar(10) NOT NULL,
  `pm_upload` varchar(4) DEFAULT '0',
  `pm_receipt` varchar(5) DEFAULT '0',
  `pm_payment` varchar(1) DEFAULT '0',
  `pm_update_promotion` varchar(6) DEFAULT '0',
  `pm_letter` varchar(4) DEFAULT NULL,
  `pm_sms` varchar(1) NOT NULL,
  `pm_room_sts` varchar(4) DEFAULT NULL,
  `pm_cancelation` varchar(4) DEFAULT '0',
  `pm_setting` varchar(4) DEFAULT '0',
  `pm_project_add` varchar(4) DEFAULT '0',
  `pm_user` varchar(4) DEFAULT '0',
  `pm_room` varchar(4) DEFAULT '0',
  `pm_assign` varchar(4) DEFAULT '0',
  `pm_permission` varchar(4) DEFAULT '0',
  `pm_project` varchar(4) DEFAULT '0',
  `pm_project_info` varchar(4) DEFAULT '0',
  `pm_project_building` varchar(4) DEFAULT '0',
  `pm_project_floor` varchar(4) DEFAULT '0',
  `pm_project_unit_type` varchar(4) DEFAULT '0',
  `pm_project_unit_number` varchar(4) DEFAULT '0',
  `pm_project_price` varchar(4) DEFAULT '0',
  `pm_project_promotion` varchar(4) DEFAULT '0',
  `pm_project_payment_terms` varchar(4) DEFAULT '0',
  `pm_project_terms_and_conditions` varchar(4) DEFAULT '0',
  `pm_sts_active` varchar(3) DEFAULT 'on',
  `pm_dashboard` varchar(2) DEFAULT NULL,
  `pm_chart_report` varchar(20) DEFAULT NULL,
  `pm_overdue` varchar(4) DEFAULT NULL,
  `pm_email` varchar(1) DEFAULT NULL,
  `pm_refered_letter` varchar(4) DEFAULT NULL,
  `pm_survey` varchar(4) DEFAULT NULL,
  `pm_faq` varchar(10) DEFAULT NULL,
  `pm_authorize_user` varchar(4) DEFAULT NULL,
  `pm_update_by` int(11) DEFAULT NULL,
  `pm_update` timestamp NULL DEFAULT CURRENT_TIMESTAMP
) ENGINE=InnoDB DEFAULT CHARSET=utf8;

-- --------------------------------------------------------

--
-- Table structure for table `log_project`
--

CREATE TABLE IF NOT EXISTS `log_project` (
  `pj_id` int(11) DEFAULT NULL,
  `pj_name` text,
  `pj_detail` text,
  `pj_image` varchar(250) DEFAULT NULL,
  `pj_datebase_name` text,
  `pj_active` varchar(3) DEFAULT 'on',
  `pj_update_by` int(11) DEFAULT NULL,
  `pj_update` timestamp NULL DEFAULT CURRENT_TIMESTAMP
) ENGINE=MyISAM DEFAULT CHARSET=utf8;

--
-- Dumping data for table `log_project`
--

INSERT INTO `log_project` (`pj_id`, `pj_name`, `pj_detail`, `pj_image`, `pj_datebase_name`, `pj_active`, `pj_update_by`, `pj_update`) VALUES
(4, 'Diplomat Sathorn', 'Rama 9', NULL, 'rama9', 'on', 0, '2016-07-09 15:27:53');

-- --------------------------------------------------------

--
-- Table structure for table `log_room_type`
--

CREATE TABLE IF NOT EXISTS `log_room_type` (
  `room_type_id` int(11) DEFAULT NULL,
  `room_type_name` varchar(100) DEFAULT NULL,
  `room_type_info` text,
  `room_type_sts_active` varchar(5) DEFAULT 'on',
  `room_type_update_by` int(11) DEFAULT NULL,
  `room_type_update` timestamp NULL DEFAULT CURRENT_TIMESTAMP
) ENGINE=MyISAM DEFAULT CHARSET=utf8;

--
-- Dumping data for table `log_room_type`
--

INSERT INTO `log_room_type` (`room_type_id`, `room_type_name`, `room_type_info`, `room_type_sts_active`, `room_type_update_by`, `room_type_update`) VALUES
(4, 'Penthouse', 'บ้านเล็กบนหลังคาตึก', 'on', 0, '2016-03-29 10:21:12');

-- --------------------------------------------------------

--
-- Table structure for table `log_user_personal_info`
--

CREATE TABLE IF NOT EXISTS `log_user_personal_info` (
  `user_pers_id` int(11) DEFAULT NULL,
  `user_pers_fname` varchar(50) DEFAULT NULL,
  `user_pers_lname` varchar(50) DEFAULT NULL,
  `user_pers_fname_en` varchar(50) DEFAULT NULL,
  `user_pers_lname_en` varchar(50) DEFAULT NULL,
  `user_pers_card_id` varchar(20) DEFAULT NULL,
  `user_pers_address` text,
  `user_pers_mobile` varchar(20) DEFAULT NULL,
  `user_pers_user_id` int(11) DEFAULT NULL,
  `user_pers_update_by` int(11) DEFAULT NULL,
  `user_pers_update` timestamp NULL DEFAULT CURRENT_TIMESTAMP
) ENGINE=MyISAM DEFAULT CHARSET=utf8;

--
-- Dumping data for table `log_user_personal_info`
--

INSERT INTO `log_user_personal_info` (`user_pers_id`, `user_pers_fname`, `user_pers_lname`, `user_pers_fname_en`, `user_pers_lname_en`, `user_pers_card_id`, `user_pers_address`, `user_pers_mobile`, `user_pers_user_id`, `user_pers_update_by`, `user_pers_update`) VALUES
(13, 'อัมลดา', 'มาตหลุบเลา', NULL, NULL, '0-0000-00000-00-0', '', '', NULL, NULL, '2015-10-16 11:21:43'),
(32, 'วรรณกร', 'สุวรรณกูฏ', NULL, NULL, '0-0000-00000-00-0', '', '', NULL, NULL, '2015-10-16 11:23:26'),
(32, 'วรรณกร', 'สุวรรณกูฏ', NULL, NULL, '0-0000-00000-00-0', '', '', NULL, NULL, '2015-10-16 11:27:45'),
(34, 'โชติกา', 'จันทร์กระจ่าง', 'chotika', 'jankrajang', '0-0000-00000-00-0', '', '', NULL, NULL, '2016-03-29 10:22:23'),
(34, 'โชติกา', 'จันทร์กระจ่าง', 'chotika', 'jankrajang', '0-0000-00000-00-0', '', '', NULL, NULL, '2016-03-29 10:23:08');

-- --------------------------------------------------------

--
-- Table structure for table `log_user_working_info`
--

CREATE TABLE IF NOT EXISTS `log_user_working_info` (
  `user_work_id` int(11) DEFAULT NULL,
  `user_work_company` varchar(100) DEFAULT NULL,
  `user_work_position` varchar(100) DEFAULT NULL,
  `user_work_emp_id` varchar(20) DEFAULT NULL,
  `user_work_user_id` int(11) DEFAULT NULL,
  `user_work_update_by` int(11) DEFAULT NULL,
  `user_work_update` timestamp NULL DEFAULT CURRENT_TIMESTAMP
) ENGINE=MyISAM DEFAULT CHARSET=utf8;

--
-- Dumping data for table `log_user_working_info`
--

INSERT INTO `log_user_working_info` (`user_work_id`, `user_work_company`, `user_work_position`, `user_work_emp_id`, `user_work_user_id`, `user_work_update_by`, `user_work_update`) VALUES
(0, 'siralai', '', NULL, 13, 30, '2015-10-16 11:21:43'),
(0, '', '', NULL, 32, 30, '2015-10-16 11:23:26'),
(0, '', '', NULL, 34, 0, '2016-03-29 10:22:23'),
(0, 'real com.', '', NULL, 34, 0, '2016-03-29 10:23:08');

-- --------------------------------------------------------

--
-- Table structure for table `tb_assign_project`
--

CREATE TABLE IF NOT EXISTS `tb_assign_project` (
  `assign_id` int(11) NOT NULL,
  `assign_user_id` int(11) NOT NULL,
  `assign_project_id` int(11) NOT NULL,
  `assign_sts_active` varchar(5) NOT NULL DEFAULT 'on'
) ENGINE=MyISAM AUTO_INCREMENT=56 DEFAULT CHARSET=utf8;

--
-- Dumping data for table `tb_assign_project`
--

INSERT INTO `tb_assign_project` (`assign_id`, `assign_user_id`, `assign_project_id`, `assign_sts_active`) VALUES
(1, 0, 4, 'on'),
(2, 2, 4, 'on'),
(3, 3, 4, 'on'),
(4, 4, 4, 'on'),
(5, 5, 4, 'on'),
(6, 6, 4, 'on'),
(7, 7, 4, 'on'),
(8, 8, 4, 'on'),
(9, 9, 4, 'on'),
(10, 10, 4, 'on'),
(11, 11, 4, 'on'),
(12, 13, 4, 'on'),
(13, 1, 4, 'on'),
(14, 14, 4, 'on'),
(15, 0, 4, 'off'),
(16, 12, 4, 'on'),
(17, 0, 2, 'on'),
(20, 0, 5, 'on'),
(21, 24, 5, 'on'),
(22, 25, 4, 'on'),
(23, 15, 5, 'on'),
(24, 16, 5, 'on'),
(25, 17, 5, 'on'),
(26, 18, 5, 'on'),
(27, 19, 5, 'on'),
(28, 20, 5, 'on'),
(29, 21, 5, 'on'),
(30, 22, 5, 'on'),
(31, 23, 5, 'on'),
(32, 26, 5, 'on'),
(33, 27, 4, 'on'),
(34, 28, 4, 'on'),
(35, 29, 4, 'on'),
(36, 30, 4, 'on'),
(37, 30, 5, 'on'),
(38, 31, 4, 'on'),
(39, 13, 5, 'on'),
(40, 32, 5, 'on'),
(41, 15, 4, 'on'),
(42, 33, 4, 'on'),
(43, 33, 5, 'on'),
(44, 34, 2, 'on'),
(45, 34, 5, 'on'),
(46, 27, 5, 'on'),
(47, 29, 5, 'on'),
(48, 35, 4, 'on'),
(49, 35, 5, 'on'),
(50, 18, 4, 'on'),
(51, 36, 4, 'on'),
(52, 0, 6, 'on'),
(53, 37, 4, 'on'),
(54, 37, 5, 'on'),
(55, 37, 6, 'off');

-- --------------------------------------------------------

--
-- Table structure for table `tb_authorized_user`
--

CREATE TABLE IF NOT EXISTS `tb_authorized_user` (
  `au_id` int(11) NOT NULL,
  `au_document` varchar(100) NOT NULL,
  `au_user_id` int(11) NOT NULL
) ENGINE=MyISAM AUTO_INCREMENT=2 DEFAULT CHARSET=utf8;

--
-- Dumping data for table `tb_authorized_user`
--

INSERT INTO `tb_authorized_user` (`au_id`, `au_document`, `au_user_id`) VALUES
(1, '123', 1);

-- --------------------------------------------------------

--
-- Table structure for table `tb_bank`
--

CREATE TABLE IF NOT EXISTS `tb_bank` (
  `b_id` int(4) NOT NULL,
  `bank_name_th` varchar(50) NOT NULL,
  `bank_name_en` varchar(50) NOT NULL,
  `bank_abbreviation` varchar(20) NOT NULL
) ENGINE=InnoDB DEFAULT CHARSET=utf8;

--
-- Dumping data for table `tb_bank`
--

INSERT INTO `tb_bank` (`b_id`, `bank_name_th`, `bank_name_en`, `bank_abbreviation`) VALUES
(0, 'Other', 'Other', 'Other'),
(1, 'ไทยพาณิชย์', 'SCB', 'SCB'),
(2, 'กรุงเทพ', 'BBL', 'BBL'),
(3, 'กรุงไทย', 'KTB', 'KTB'),
(4, 'กรุงศรีอยุธยา', 'Krungsri', 'Krungsri'),
(5, 'กสิกรไทย', 'KASIKORN', 'KBANK'),
(6, 'ซีไอเอ็มบีไทย', 'CIMB THAI', 'CIMB THAI'),
(7, 'ทหารไทย', 'TMB', 'TMB'),
(8, 'ธนชาต', 'Thanachart', 'Thanachart'),
(9, 'ยูโอบี', 'UOB', 'UOB'),
(10, 'สแตนดาร์ดชาร์เตอร์ด', 'SCBT', 'SCBT'),
(11, 'ซิตี้แบงก์', 'Citibank', 'Citibank'),
(12, 'ธนาคารจีน', 'BOC', 'BOC'),
(13, 'แลนด์แอนด์เฮาส์', 'LHBANK', 'LHBANK'),
(14, 'ไอซีบีซี', 'ICBC', 'ICBC'),
(15, 'อิออน', 'AEON', 'AEON'),
(16, 'อเมริกัน เอ็กซ์เพรส', 'AMEX', 'AMEX'),
(17, 'เซ็นทรัล', 'Central Card', 'Central Card'),
(18, 'เฟิร์สช้อยส์', 'First Choice', 'First Choice'),
(19, 'เทสโก้', 'TESCO', 'TESCO'),
(20, 'เอไอเอ', 'AIA', 'AIA'),
(29, 'STC', 'STC', 'STC'),
(30, 'GCS', 'GCS', 'GCS'),
(31, 'Cathay United Bank', 'Cathay United Bank', 'CUB'),
(32, 'HSBC', 'HSBC', 'HSBC'),
(33, 'Alliant credit union', 'Alliant credit union', ''),
(34, 'CHASE SAPPHIRE', 'CHASE SAPPHIRE', ''),
(35, 'Sabadell', '', ''),
(36, 'นครหลวงไทย', '', ''),
(37, 'ออมสิน', '', ''),
(38, 'Robinson', '', ''),
(39, 'Central', '', ''),
(40, 'Tesco', '', ''),
(41, 'KTC', '', ''),
(42, '111111', '', '');

-- --------------------------------------------------------

--
-- Table structure for table `tb_bank_account`
--

CREATE TABLE IF NOT EXISTS `tb_bank_account` (
  `ba_id` int(11) unsigned NOT NULL,
  `ba_name` varchar(50) NOT NULL DEFAULT '',
  `ba_number` varchar(50) NOT NULL
) ENGINE=InnoDB AUTO_INCREMENT=21 DEFAULT CHARSET=utf8;

--
-- Dumping data for table `tb_bank_account`
--

INSERT INTO `tb_bank_account` (`ba_id`, `ba_name`, `ba_number`) VALUES
(1, 'Kbank', '089-1-12005-2'),
(2, 'Kbank', '807-2-12203-9'),
(3, 'Kbank', '807-2-12204-7'),
(4, 'Kbank', '807-2-20043-9'),
(5, 'Kbank', '807-2-22208-4'),
(6, 'Kbank', '807-2-06444-6'),
(7, 'Kbank', '089-1-12324-8'),
(8, 'Kbank', '089-1-12160-1'),
(9, 'Kbank', '089-1-12201-2'),
(10, 'SCB', '127-240165-6'),
(11, 'SCB', '127-240175-3'),
(12, 'SCB', '127-238028-2'),
(13, 'SCB', '127-302452-0'),
(14, 'SCB', '127-302538-0'),
(15, 'UOB', '825-164-900-6'),
(16, 'UOB', '825-164-899-9'),
(17, 'UOB', '825-166-026-3'),
(18, 'CIMB', '70-0732329-8'),
(19, 'CIMB', '70-0627132-5'),
(20, 'CIMB', '70-0627140-6');

-- --------------------------------------------------------

--
-- Table structure for table `tb_budget`
--

CREATE TABLE IF NOT EXISTS `tb_budget` (
  `id` smallint(6) NOT NULL,
  `budget_name` varchar(40) DEFAULT NULL
) ENGINE=MyISAM AUTO_INCREMENT=7 DEFAULT CHARSET=utf8;

--
-- Dumping data for table `tb_budget`
--

INSERT INTO `tb_budget` (`id`, `budget_name`) VALUES
(1, '< 2.0 MB'),
(2, '2.01-2.5 MB'),
(3, '2.51-3.0 MB'),
(4, '3.01-3.5 MB'),
(5, '3.51-4.0 MB'),
(6, '> 4.0 MB');

-- --------------------------------------------------------

--
-- Table structure for table `tb_countries`
--

CREATE TABLE IF NOT EXISTS `tb_countries` (
  `country_id` int(11) NOT NULL,
  `country_code` varchar(2) NOT NULL DEFAULT '',
  `country_name` varchar(100) NOT NULL DEFAULT ''
) ENGINE=MyISAM AUTO_INCREMENT=243 DEFAULT CHARSET=utf8;

--
-- Dumping data for table `tb_countries`
--

INSERT INTO `tb_countries` (`country_id`, `country_code`, `country_name`) VALUES
(1, 'US', 'United States'),
(2, 'CA', 'Canada'),
(3, 'AF', 'Afghanistan'),
(4, 'AL', 'Albania'),
(5, 'DZ', 'Algeria'),
(6, 'DS', 'American Samoa'),
(7, 'AD', 'Andorra'),
(8, 'AO', 'Angola'),
(9, 'AI', 'Anguilla'),
(10, 'AQ', 'Antarctica'),
(11, 'AG', 'Antigua and/or Barbuda'),
(12, 'AR', 'Argentina'),
(13, 'AM', 'Armenia'),
(14, 'AW', 'Aruba'),
(15, 'AU', 'Australia'),
(16, 'AT', 'Austria'),
(17, 'AZ', 'Azerbaijan'),
(18, 'BS', 'Bahamas'),
(19, 'BH', 'Bahrain'),
(20, 'BD', 'Bangladesh'),
(21, 'BB', 'Barbados'),
(22, 'BY', 'Belarus'),
(23, 'BE', 'Belgium'),
(24, 'BZ', 'Belize'),
(25, 'BJ', 'Benin'),
(26, 'BM', 'Bermuda'),
(27, 'BT', 'Bhutan'),
(28, 'BO', 'Bolivia'),
(29, 'BA', 'Bosnia and Herzegovina'),
(30, 'BW', 'Botswana'),
(31, 'BV', 'Bouvet Island'),
(32, 'BR', 'Brazil'),
(33, 'IO', 'British lndian Ocean Territory'),
(34, 'BN', 'Brunei Darussalam'),
(35, 'BG', 'Bulgaria'),
(36, 'BF', 'Burkina Faso'),
(37, 'BI', 'Burundi'),
(38, 'KH', 'Cambodia'),
(39, 'CM', 'Cameroon'),
(40, 'CV', 'Cape Verde'),
(41, 'KY', 'Cayman Islands'),
(42, 'CF', 'Central African Republic'),
(43, 'TD', 'Chad'),
(44, 'CL', 'Chile'),
(45, 'CN', 'China'),
(46, 'CX', 'Christmas Island'),
(47, 'CC', 'Cocos (Keeling) Islands'),
(48, 'CO', 'Colombia'),
(49, 'KM', 'Comoros'),
(50, 'CG', 'Congo'),
(51, 'CK', 'Cook Islands'),
(52, 'CR', 'Costa Rica'),
(53, 'HR', 'Croatia (Hrvatska)'),
(54, 'CU', 'Cuba'),
(55, 'CY', 'Cyprus'),
(56, 'CZ', 'Czech Republic'),
(57, 'DK', 'Denmark'),
(58, 'DJ', 'Djibouti'),
(59, 'DM', 'Dominica'),
(60, 'DO', 'Dominican Republic'),
(61, 'TP', 'East Timor'),
(62, 'EC', 'Ecuador'),
(63, 'EG', 'Egypt'),
(64, 'SV', 'El Salvador'),
(65, 'GQ', 'Equatorial Guinea'),
(66, 'ER', 'Eritrea'),
(67, 'EE', 'Estonia'),
(68, 'ET', 'Ethiopia'),
(69, 'FK', 'Falkland Islands (Malvinas)'),
(70, 'FO', 'Faroe Islands'),
(71, 'FJ', 'Fiji'),
(72, 'FI', 'Finland'),
(73, 'FR', 'France'),
(74, 'FX', 'France, Metropolitan'),
(75, 'GF', 'French Guiana'),
(76, 'PF', 'French Polynesia'),
(77, 'TF', 'French Southern Territories'),
(78, 'GA', 'Gabon'),
(79, 'GM', 'Gambia'),
(80, 'GE', 'Georgia'),
(81, 'DE', 'Germany'),
(82, 'GH', 'Ghana'),
(83, 'GI', 'Gibraltar'),
(84, 'GR', 'Greece'),
(85, 'GL', 'Greenland'),
(86, 'GD', 'Grenada'),
(87, 'GP', 'Guadeloupe'),
(88, 'GU', 'Guam'),
(89, 'GT', 'Guatemala'),
(90, 'GN', 'Guinea'),
(91, 'GW', 'Guinea-Bissau'),
(92, 'GY', 'Guyana'),
(93, 'HT', 'Haiti'),
(94, 'HM', 'Heard and Mc Donald Islands'),
(95, 'HN', 'Honduras'),
(96, 'HK', 'Hong Kong'),
(97, 'HU', 'Hungary'),
(98, 'IS', 'Iceland'),
(99, 'IN', 'India'),
(100, 'ID', 'Indonesia'),
(101, 'IR', 'Iran (Islamic Republic of)'),
(102, 'IQ', 'Iraq'),
(103, 'IE', 'Ireland'),
(104, 'IL', 'Israel'),
(105, 'IT', 'Italy'),
(106, 'CI', 'Ivory Coast'),
(107, 'JM', 'Jamaica'),
(108, 'JP', 'Japan'),
(109, 'JO', 'Jordan'),
(110, 'KZ', 'Kazakhstan'),
(111, 'KE', 'Kenya'),
(112, 'KI', 'Kiribati'),
(113, 'KP', 'Korea, Democratic People''s Republic of'),
(114, 'KR', 'Korea, Republic of'),
(115, 'XK', 'Kosovo'),
(116, 'KW', 'Kuwait'),
(117, 'KG', 'Kyrgyzstan'),
(118, 'LA', 'Lao People''s Democratic Republic'),
(119, 'LV', 'Latvia'),
(120, 'LB', 'Lebanon'),
(121, 'LS', 'Lesotho'),
(122, 'LR', 'Liberia'),
(123, 'LY', 'Libyan Arab Jamahiriya'),
(124, 'LI', 'Liechtenstein'),
(125, 'LT', 'Lithuania'),
(126, 'LU', 'Luxembourg'),
(127, 'MO', 'Macau'),
(128, 'MK', 'Macedonia'),
(129, 'MG', 'Madagascar'),
(130, 'MW', 'Malawi'),
(131, 'MY', 'Malaysia'),
(132, 'MV', 'Maldives'),
(133, 'ML', 'Mali'),
(134, 'MT', 'Malta'),
(135, 'MH', 'Marshall Islands'),
(136, 'MQ', 'Martinique'),
(137, 'MR', 'Mauritania'),
(138, 'MU', 'Mauritius'),
(139, 'TY', 'Mayotte'),
(140, 'MX', 'Mexico'),
(141, 'FM', 'Micronesia, Federated States of'),
(142, 'MD', 'Moldova, Republic of'),
(143, 'MC', 'Monaco'),
(144, 'MN', 'Mongolia'),
(145, 'ME', 'Montenegro'),
(146, 'MS', 'Montserrat'),
(147, 'MA', 'Morocco'),
(148, 'MZ', 'Mozambique'),
(149, 'MM', 'Myanmar'),
(150, 'NA', 'Namibia'),
(151, 'NR', 'Nauru'),
(152, 'NP', 'Nepal'),
(153, 'NL', 'Netherlands'),
(154, 'AN', 'Netherlands Antilles'),
(155, 'NC', 'New Caledonia'),
(156, 'NZ', 'New Zealand'),
(157, 'NI', 'Nicaragua'),
(158, 'NE', 'Niger'),
(159, 'NG', 'Nigeria'),
(160, 'NU', 'Niue'),
(161, 'NF', 'Norfork Island'),
(162, 'MP', 'Northern Mariana Islands'),
(163, 'NO', 'Norway'),
(164, 'OM', 'Oman'),
(165, 'PK', 'Pakistan'),
(166, 'PW', 'Palau'),
(167, 'PA', 'Panama'),
(168, 'PG', 'Papua New Guinea'),
(169, 'PY', 'Paraguay'),
(170, 'PE', 'Peru'),
(171, 'PH', 'Philippines'),
(172, 'PN', 'Pitcairn'),
(173, 'PL', 'Poland'),
(174, 'PT', 'Portugal'),
(175, 'PR', 'Puerto Rico'),
(176, 'QA', 'Qatar'),
(177, 'RE', 'Reunion'),
(178, 'RO', 'Romania'),
(179, 'RU', 'Russian Federation'),
(180, 'RW', 'Rwanda'),
(181, 'KN', 'Saint Kitts and Nevis'),
(182, 'LC', 'Saint Lucia'),
(183, 'VC', 'Saint Vincent and the Grenadines'),
(184, 'WS', 'Samoa'),
(185, 'SM', 'San Marino'),
(186, 'ST', 'Sao Tome and Principe'),
(187, 'SA', 'Saudi Arabia'),
(188, 'SN', 'Senegal'),
(189, 'RS', 'Serbia'),
(190, 'SC', 'Seychelles'),
(191, 'SL', 'Sierra Leone'),
(192, 'SG', 'Singapore'),
(193, 'SK', 'Slovakia'),
(194, 'SI', 'Slovenia'),
(195, 'SB', 'Solomon Islands'),
(196, 'SO', 'Somalia'),
(197, 'ZA', 'South Africa'),
(198, 'GS', 'South Georgia South Sandwich Islands'),
(199, 'ES', 'Spain'),
(200, 'LK', 'Sri Lanka'),
(201, 'SH', 'St. Helena'),
(202, 'PM', 'St. Pierre and Miquelon'),
(203, 'SD', 'Sudan'),
(204, 'SR', 'Suriname'),
(205, 'SJ', 'Svalbarn and Jan Mayen Islands'),
(206, 'SZ', 'Swaziland'),
(207, 'SE', 'Sweden'),
(208, 'CH', 'Switzerland'),
(209, 'SY', 'Syrian Arab Republic'),
(210, 'TW', 'Taiwan'),
(211, 'TJ', 'Tajikistan'),
(212, 'TZ', 'Tanzania, United Republic of'),
(213, 'TH', 'Thailand'),
(214, 'TG', 'Togo'),
(215, 'TK', 'Tokelau'),
(216, 'TO', 'Tonga'),
(217, 'TT', 'Trinidad and Tobago'),
(218, 'TN', 'Tunisia'),
(219, 'TR', 'Turkey'),
(220, 'TM', 'Turkmenistan'),
(221, 'TC', 'Turks and Caicos Islands'),
(222, 'TV', 'Tuvalu'),
(223, 'UG', 'Uganda'),
(224, 'UA', 'Ukraine'),
(225, 'AE', 'United Arab Emirates'),
(226, 'GB', 'United Kingdom'),
(227, 'UM', 'United States minor outlying islands'),
(228, 'UY', 'Uruguay'),
(229, 'UZ', 'Uzbekistan'),
(230, 'VU', 'Vanuatu'),
(231, 'VA', 'Vatican City State'),
(232, 'VE', 'Venezuela'),
(233, 'VN', 'Vietnam'),
(234, 'VG', 'Virigan Islands (British)'),
(235, 'VI', 'Virgin Islands (U.S.)'),
(236, 'WF', 'Wallis and Futuna Islands'),
(237, 'EH', 'Western Sahara'),
(238, 'YE', 'Yemen'),
(239, 'YU', 'Yugoslavia'),
(240, 'ZR', 'Zaire'),
(241, 'ZM', 'Zambia'),
(242, 'ZW', 'Zimbabwe');

-- --------------------------------------------------------

--
-- Table structure for table `tb_credit_type`
--

CREATE TABLE IF NOT EXISTS `tb_credit_type` (
  `ct_id` int(2) NOT NULL,
  `ct_name` varchar(50) NOT NULL,
  `ct_abbreviation` varchar(20) NOT NULL
) ENGINE=MyISAM AUTO_INCREMENT=5 DEFAULT CHARSET=utf8;

--
-- Dumping data for table `tb_credit_type`
--

INSERT INTO `tb_credit_type` (`ct_id`, `ct_name`, `ct_abbreviation`) VALUES
(1, 'Visa', 'VS'),
(2, 'Master Card', 'MC'),
(3, 'Union Pay', ''),
(4, 'JCB', '');

-- --------------------------------------------------------

--
-- Table structure for table `tb_customer`
--

CREATE TABLE IF NOT EXISTS `tb_customer` (
  `cus_id` int(11) NOT NULL,
  `cus_pers_id` int(11) DEFAULT NULL,
  `cus_addr_id` int(11) DEFAULT NULL,
  `cus_addr_cur_id` int(11) DEFAULT NULL,
  `cus_addr_lastest_id` int(11) DEFAULT NULL,
  `cus_con_id` int(11) DEFAULT NULL,
  `cus_work_id` int(11) DEFAULT NULL,
  `cus_stages_id` int(11) DEFAULT NULL,
  `cus_budget` varchar(11) DEFAULT NULL,
  `cus_visit_type` varchar(30) DEFAULT '',
  `cus_media_type` varchar(30) DEFAULT '',
  `cus_flag` varchar(5) DEFAULT 'leads',
  `cus_created_by` varchar(11) DEFAULT NULL,
  `cus_created_date` timestamp NULL DEFAULT CURRENT_TIMESTAMP,
  `cus_customer_date` timestamp NULL DEFAULT NULL,
  `cus_sts_active` varchar(3) DEFAULT 'on',
  `cus_addr_booking` smallint(6) DEFAULT '1',
  `cus_remark` text,
  `cus_addr_default` int(11) NOT NULL DEFAULT '1'
) ENGINE=MyISAM DEFAULT CHARSET=utf8;

--
-- Dumping data for table `tb_customer`
--

INSERT INTO `tb_customer` (`cus_id`, `cus_pers_id`, `cus_addr_id`, `cus_addr_cur_id`, `cus_addr_lastest_id`, `cus_con_id`, `cus_work_id`, `cus_stages_id`, `cus_budget`, `cus_visit_type`, `cus_media_type`, `cus_flag`, `cus_created_by`, `cus_created_date`, `cus_customer_date`, `cus_sts_active`, `cus_addr_booking`, `cus_remark`, `cus_addr_default`) VALUES
(1, 1, 1, 1, 1, 1, 1, 1, NULL, '', NULL, 'leads', '37', '2016-05-31 09:19:24', NULL, 'on', 1, 'สร้างจาก survey', 1),
(2, 2, 2, 2, 2, 2, 2, 1, NULL, '', '', 'leads', '37', '2016-05-31 09:39:20', NULL, 'on', 1, 'สร้างจาก survey', 1),
(3, 3, 3, 3, 3, 3, 3, 1, NULL, '', NULL, 'cus', '37', '2016-05-31 09:41:36', '2016-06-07 07:46:03', 'on', 1, 'สร้างจาก survey', 1),
(4, 4, 4, 4, 4, 4, 4, 1, NULL, '', ',', 'cus', '37', '2016-06-01 03:47:01', '2016-06-02 03:34:05', 'on', 1, 'สร้างจาก survey', 1),
(5, 5, 5, 5, 5, 5, 5, 1, NULL, '', '', 'cus', '37', '2016-06-01 03:52:13', '2016-06-02 07:55:41', 'on', 1, 'สร้างจาก survey', 1),
(6, 6, 6, 6, 6, 6, 6, NULL, NULL, '', '', 'cus', '0', '2016-06-07 07:14:47', '2016-06-07 07:14:47', 'on', 1, NULL, 1),
(7, 7, 7, 7, 7, 7, 7, NULL, NULL, '', '', 'cus', '0', '2016-06-07 08:48:38', '2016-06-07 08:48:38', 'on', 1, NULL, 1),
(8, 8, 8, 8, 8, 8, 8, 1, '3.51-4.0 MB', '1', '1', 'cus', '0', '2016-06-07 08:50:10', '2016-06-07 08:51:19', 'on', 1, '', 1),
(9, 9, 9, 9, 9, 9, 9, 1, 'ต่ำกว่า 2.0', '1', '1,2', 'cus', '0', '2016-06-07 09:36:39', '2016-06-07 09:46:02', 'on', 1, '', 1),
(10, 10, 10, 10, 10, 10, 10, 1, '3.51-4.0 MB', '1', NULL, 'leads', '37', '2016-06-08 04:29:08', NULL, 'on', 1, 'lead1', 1),
(11, 11, 11, 11, 11, 11, 11, 3, '> 4.0 MB', '1', '1', 'cus', '37', '2016-06-08 09:14:14', '2016-06-08 09:19:42', 'on', 1, '', 1);

-- --------------------------------------------------------

--
-- Table structure for table `tb_customer_address_current_info`
--

CREATE TABLE IF NOT EXISTS `tb_customer_address_current_info` (
  `addr_cur_id` int(11) NOT NULL,
  `addr_cur_address` varchar(100) DEFAULT NULL,
  `addr_cur_sub_district` varchar(100) DEFAULT NULL,
  `addr_cur_district` varchar(100) DEFAULT NULL,
  `addr_cur_province` varchar(100) DEFAULT NULL,
  `addr_cur_post_code` varchar(50) DEFAULT NULL,
  `addr_cur_country` varchar(10) DEFAULT NULL,
  `addr_cur_id_cus` varchar(10) DEFAULT NULL
) ENGINE=MyISAM DEFAULT CHARSET=utf8;

--
-- Dumping data for table `tb_customer_address_current_info`
--

INSERT INTO `tb_customer_address_current_info` (`addr_cur_id`, `addr_cur_address`, `addr_cur_sub_district`, `addr_cur_district`, `addr_cur_province`, `addr_cur_post_code`, `addr_cur_country`, `addr_cur_id_cus`) VALUES
(1, '0', '0', '0', '0', '0', '213', '1'),
(2, '0', '0', '0', '0', '0', '213', '2'),
(3, 'ๆไำ', 'คลองต้นไทร', 'คลองสาน', 'กรุงเทพมหานคร', '10600', '213', '3'),
(4, 'บ้าน บ้าน บ้าน', 'คลองต้นไทร', 'คลองสาน', 'กรุงเทพมหานคร', '10600', '213', '4'),
(5, 'home', 'คลองท่อมเหนือ', 'คลองท่อม', 'กระบี่', '81120', '213', '5'),
(6, 'test test test', 'สวนหลวง', 'สวนหลวง', 'กรุงเทพมหานคร', '10250', '', '6'),
(7, 'qwe', 'qwe', 'qwe', 'qwe', 'qwe', '213', '7'),
(8, '123123', '12312312', '3123', '1231312', '1312321321321', '213', '8'),
(9, 'home', 'หัวหมาก', 'บางกะปิ', 'กรุงเทพมหานคร', '10240', '213', '9'),
(10, NULL, NULL, NULL, NULL, NULL, '213', '10'),
(11, '22/2  ม.2  ถ. 2', 'คลองต้นไทร', 'คลองสาน', 'กรุงเทพมหานคร', '10600', '213', '11');

-- --------------------------------------------------------

--
-- Table structure for table `tb_customer_address_info`
--

CREATE TABLE IF NOT EXISTS `tb_customer_address_info` (
  `addr_id` int(11) NOT NULL,
  `addr_address` varchar(100) DEFAULT NULL,
  `addr_sub_district` varchar(100) DEFAULT NULL,
  `addr_district` varchar(100) DEFAULT NULL,
  `addr_province` varchar(100) DEFAULT NULL,
  `addr_post_code` varchar(50) DEFAULT NULL,
  `addr_country` varchar(50) DEFAULT NULL,
  `addr_id_cus` varchar(10) DEFAULT NULL
) ENGINE=MyISAM DEFAULT CHARSET=utf8;

--
-- Dumping data for table `tb_customer_address_info`
--

INSERT INTO `tb_customer_address_info` (`addr_id`, `addr_address`, `addr_sub_district`, `addr_district`, `addr_province`, `addr_post_code`, `addr_country`, `addr_id_cus`) VALUES
(1, NULL, NULL, NULL, NULL, NULL, '213', '1'),
(2, NULL, NULL, NULL, NULL, NULL, '213', '2'),
(3, 'ๆไำ', 'คลองต้นไทร', 'คลองสาน', 'กรุงเทพมหานคร', '10600', '213', '3'),
(4, 'บ้าน บ้าน บ้าน', 'คลองต้นไทร', 'คลองสาน', 'กรุงเทพมหานคร', '10600', '213', '4'),
(5, 'home', 'คลองท่อมเหนือ', 'คลองท่อม', 'กระบี่', '81120', '213', '5'),
(6, 'home home home', 'บางเพรียง', 'บางบ่อ', 'สมุทรปราการ', '10560', '', '6'),
(7, 'qwe', 'qwe', 'qwe', 'qwe', 'qwe', '213', '7'),
(8, '123123', '12312312', '3123', '1231312', '1312321321321', '213', '8'),
(9, 'home', 'หัวหมาก', 'บางกะปิ', 'กรุงเทพมหานคร', '10240', '213', '9'),
(10, '', '', '', '', '', '213', '10'),
(11, '22/2  ม.2  ถ. 2', 'คลองต้นไทร', 'คลองสาน', 'กรุงเทพมหานคร', '10600', '213', '11');

-- --------------------------------------------------------

--
-- Table structure for table `tb_customer_address_lastest`
--

CREATE TABLE IF NOT EXISTS `tb_customer_address_lastest` (
  `addr_lastest_id` int(11) NOT NULL,
  `addr_lastest_address` varchar(100) DEFAULT NULL,
  `addr_lastest_sub_district` varchar(100) DEFAULT NULL,
  `addr_lastest_district` varchar(100) DEFAULT NULL,
  `addr_lastest_province` varchar(100) DEFAULT NULL,
  `addr_lastest_post_code` varchar(50) DEFAULT NULL,
  `addr_lastest_country` varchar(10) DEFAULT NULL,
  `addr_lastest_id_cus` varchar(10) DEFAULT NULL
) ENGINE=MyISAM DEFAULT CHARSET=utf8;

--
-- Dumping data for table `tb_customer_address_lastest`
--

INSERT INTO `tb_customer_address_lastest` (`addr_lastest_id`, `addr_lastest_address`, `addr_lastest_sub_district`, `addr_lastest_district`, `addr_lastest_province`, `addr_lastest_post_code`, `addr_lastest_country`, `addr_lastest_id_cus`) VALUES
(1, NULL, NULL, NULL, NULL, NULL, '213', '1'),
(2, NULL, NULL, NULL, NULL, NULL, '213', '2'),
(3, NULL, NULL, NULL, NULL, NULL, '213', '3'),
(4, NULL, NULL, NULL, NULL, NULL, '213', '4'),
(5, NULL, NULL, NULL, NULL, NULL, '213', '5'),
(6, 'อ๋อง อ๋อง อ๋อง', 'หัวหมาก', 'บางกะปิ', 'กรุงเทพมหานคร', '10240', '', '6'),
(7, '', 'qwe', 'qwe', 'qwe', 'qwe', '213', '7'),
(8, '123123', '312312', '312321', '12312312', '312312', '213', '8'),
(9, 'home little wife', 'บางเพรียง', 'บางบ่อ', 'สมุทรปราการ', '10560', '213', '9'),
(10, NULL, NULL, NULL, NULL, NULL, '213', '10'),
(11, '22/22  ม. 22  ถ. 22', 'ขัวเรียง', 'ชุมแพ', 'ขอนแก่น', '40130', '213', '11');

-- --------------------------------------------------------

--
-- Table structure for table `tb_customer_contact_info`
--

CREATE TABLE IF NOT EXISTS `tb_customer_contact_info` (
  `con_id` int(11) NOT NULL,
  `con_fname` varchar(100) DEFAULT NULL,
  `con_lname` varchar(100) DEFAULT NULL,
  `con_email` varchar(100) DEFAULT NULL,
  `con_tel` varchar(100) DEFAULT NULL,
  `con_id_cus` varchar(10) DEFAULT NULL
) ENGINE=MyISAM AUTO_INCREMENT=12 DEFAULT CHARSET=utf8;

--
-- Dumping data for table `tb_customer_contact_info`
--

INSERT INTO `tb_customer_contact_info` (`con_id`, `con_fname`, `con_lname`, `con_email`, `con_tel`, `con_id_cus`) VALUES
(1, NULL, NULL, NULL, NULL, '1'),
(2, NULL, NULL, NULL, NULL, '2'),
(3, NULL, NULL, NULL, NULL, '3'),
(4, NULL, NULL, NULL, NULL, '4'),
(5, NULL, NULL, NULL, NULL, '5'),
(6, '', '', '', '', '6'),
(7, '', '', '', '', '7'),
(8, '123213', '123123', '32131', '12321', '8'),
(9, 'ram', 'rem', 'rom@gmail.com', '027777777', '9'),
(10, NULL, NULL, NULL, NULL, '10'),
(11, NULL, NULL, NULL, NULL, '11');

-- --------------------------------------------------------

--
-- Table structure for table `tb_customer_personal_info`
--

CREATE TABLE IF NOT EXISTS `tb_customer_personal_info` (
  `pers_id` int(11) NOT NULL,
  `pers_prefix` varchar(40) DEFAULT NULL,
  `pers_fname` varchar(100) DEFAULT NULL,
  `pers_lname` varchar(100) DEFAULT NULL,
  `pers_sex` varchar(6) DEFAULT NULL,
  `pers_nationality` varchar(100) DEFAULT NULL,
  `pers_identification_flag` varchar(10) DEFAULT NULL,
  `pers_passport` varchar(20) DEFAULT NULL,
  `pers_card_id` varchar(20) DEFAULT NULL,
  `pers_dob` varchar(20) DEFAULT NULL,
  `pers_mobile` varchar(50) DEFAULT NULL,
  `pers_tel` text,
  `pers_email` varchar(100) DEFAULT NULL,
  `pers_id_cus` varchar(10) DEFAULT NULL
) ENGINE=MyISAM DEFAULT CHARSET=utf8;

--
-- Dumping data for table `tb_customer_personal_info`
--

INSERT INTO `tb_customer_personal_info` (`pers_id`, `pers_prefix`, `pers_fname`, `pers_lname`, `pers_sex`, `pers_nationality`, `pers_identification_flag`, `pers_passport`, `pers_card_id`, `pers_dob`, `pers_mobile`, `pers_tel`, `pers_email`, `pers_id_cus`) VALUES
(1, 'Mr.', 'peter', 'pet', 'Male', '0', 'passport', NULL, '', '', '0801234567', '0', 'peter@gmail.com', '1'),
(2, 'Mrs.', 'tangmo', 'tomang', 'Female', '0', 'passport', NULL, '', '', '081234678', '0', 'tangmo@gmail.com', '2'),
(3, 'นาย', 'ศักดิ์', 'สิทธิ์', 'Male', '171', 'IDCard', NULL, '1231321321321', '1970-01-01', '0809376172', '0246546546', 'sak@gmail.com', '3'),
(4, 'นาย', 'เฮฮา', 'ปาจิงโกะ', 'Male', '171', 'IDCard', NULL, '1103100123123', '1970-01-01', '0801234567', '0231321564', 'heha@hotmail.com', '4'),
(5, 'นาย', 'Aha', 'Ahoo', 'Male', '171', 'IDCard', NULL, '2548454645649', '1970-01-01', '0999999999', '0486548645', 'ahoy@gmail.com', '5'),
(6, 'นาย', 'จองจาแย', 'คิกคิกสาระนัง', 'Male', '171', 'IDCard', NULL, '1112313213213', '1993-06-08', '0846546512', '1212312312', 'jong@hot', '6'),
(7, 'นาย', 'qwe', 'qwe', 'Male', '171', 'IDCard', NULL, 'qwe', '1970-01-01', 'qwe', 'qwe', 'qwe', '7'),
(8, 'นาย', 'rang', 'sit', 'Male', '171', 'IDCard', NULL, '2131231231231', '1970-01-01', '0849546545', '02456454564', 'test@rtert', '8'),
(9, 'นาย', 'ron', 'ran', 'Male', '171', 'IDCard', NULL, '1234567899998', '1993-06-08', '0812345678', '023456789', 'ron@gmail.com', '9'),
(10, 'นาย', 'firstname1', 'lastname1', 'Male', '171', 'IDCard', NULL, '', '', '0800000000', '020000000', 'email@mail.com', '10'),
(11, 'นาย', 'firstname2', 'lastname2', 'Male', '171', 'IDCard', NULL, '2222222222222', '1922-02-02', '0822222222', '022222222', 'email2@mail.com', '11');

-- --------------------------------------------------------

--
-- Table structure for table `tb_customer_project`
--

CREATE TABLE IF NOT EXISTS `tb_customer_project` (
  `cp_id` int(11) unsigned NOT NULL,
  `cp_cus_id` int(11) NOT NULL,
  `cp_project_id` int(11) NOT NULL,
  `cp_status` varchar(11) NOT NULL DEFAULT 'on',
  `cp_timestamp` timestamp NOT NULL DEFAULT CURRENT_TIMESTAMP ON UPDATE CURRENT_TIMESTAMP
) ENGINE=InnoDB AUTO_INCREMENT=489 DEFAULT CHARSET=utf8;

--
-- Dumping data for table `tb_customer_project`
--

INSERT INTO `tb_customer_project` (`cp_id`, `cp_cus_id`, `cp_project_id`, `cp_status`, `cp_timestamp`) VALUES
(1, 1, 4, 'on', '2015-05-06 00:00:00'),
(2, 2, 4, 'on', '2015-05-06 00:00:00'),
(3, 3, 4, 'off', '2015-10-09 14:32:05'),
(4, 4, 4, 'off', '2016-06-02 08:00:55'),
(5, 5, 4, 'on', '2015-05-06 00:00:00'),
(6, 6, 4, 'on', '2015-05-06 00:00:00'),
(7, 7, 4, 'on', '2015-05-06 00:00:00'),
(8, 8, 4, 'on', '2015-05-06 00:00:00'),
(9, 9, 4, 'on', '2015-05-06 00:00:00'),
(10, 10, 4, 'on', '2015-05-06 00:00:00'),
(11, 11, 4, 'on', '2015-05-06 00:00:00'),
(12, 12, 4, 'on', '2015-05-06 00:00:00'),
(13, 13, 4, 'on', '2015-05-06 00:00:00'),
(14, 14, 4, 'on', '2015-05-06 00:00:00'),
(15, 15, 4, 'on', '2015-05-06 00:00:00'),
(16, 16, 4, 'on', '2015-05-06 00:00:00'),
(17, 17, 4, 'on', '2015-05-06 00:00:00'),
(18, 18, 4, 'on', '2015-05-06 00:00:00'),
(19, 19, 4, 'on', '2015-05-06 00:00:00'),
(20, 20, 4, 'on', '2015-05-06 00:00:00'),
(21, 21, 4, 'on', '2015-05-06 00:00:00'),
(22, 22, 4, 'on', '2015-05-06 00:00:00'),
(23, 23, 4, 'on', '2015-05-06 00:00:00'),
(24, 24, 4, 'on', '2015-05-06 00:00:00'),
(25, 25, 4, 'on', '2015-05-06 00:00:00'),
(26, 26, 4, 'on', '2015-05-06 00:00:00'),
(27, 27, 4, 'on', '2015-05-06 00:00:00'),
(28, 28, 4, 'on', '2015-05-06 00:00:00'),
(29, 29, 4, 'on', '2015-05-06 00:00:00'),
(30, 30, 4, 'on', '2015-05-06 00:00:00'),
(31, 31, 4, 'on', '2015-05-06 00:00:00'),
(32, 32, 4, 'on', '2015-05-06 00:00:00'),
(33, 33, 4, 'on', '2015-05-06 00:00:00'),
(34, 34, 4, 'off', '2015-10-02 13:39:19'),
(35, 35, 4, 'on', '2015-05-06 00:00:00'),
(36, 36, 4, 'on', '2015-05-06 00:00:00'),
(37, 37, 4, 'on', '2015-05-06 00:00:00'),
(38, 38, 4, 'on', '2015-05-06 00:00:00'),
(39, 39, 4, 'off', '2015-07-17 17:29:31'),
(40, 40, 4, 'on', '2015-05-06 00:00:00'),
(41, 41, 4, 'on', '2015-05-06 00:00:00'),
(42, 42, 4, 'on', '2015-05-06 00:00:00'),
(43, 43, 4, 'on', '2015-05-06 00:00:00'),
(44, 44, 4, 'on', '2015-05-06 00:00:00'),
(45, 45, 4, 'on', '2015-05-06 00:00:00'),
(46, 46, 4, 'on', '2015-05-06 00:00:00'),
(47, 47, 4, 'on', '2015-05-06 00:00:00'),
(48, 48, 4, 'on', '2015-05-06 00:00:00'),
(49, 49, 4, 'on', '2015-05-06 00:00:00'),
(50, 50, 4, 'on', '2015-05-06 00:00:00'),
(51, 51, 4, 'on', '2015-05-06 00:00:00'),
(52, 52, 4, 'on', '2015-05-06 00:00:00'),
(53, 53, 4, 'on', '2015-05-06 00:00:00'),
(54, 54, 4, 'on', '2015-05-06 00:00:00'),
(55, 55, 4, 'on', '2015-05-06 00:00:00'),
(56, 56, 4, 'on', '2015-05-06 00:00:00'),
(57, 57, 4, 'off', '2015-07-17 17:29:32'),
(58, 58, 4, 'on', '2015-05-06 00:00:00'),
(59, 59, 4, 'on', '2015-05-06 00:00:00'),
(60, 60, 4, 'on', '2015-05-06 00:00:00'),
(61, 61, 4, 'on', '2015-05-06 00:00:00'),
(62, 62, 4, 'on', '2015-05-06 00:00:00'),
(63, 63, 4, 'on', '2015-05-06 00:00:00'),
(64, 64, 4, 'on', '2015-05-06 00:00:00'),
(65, 65, 4, 'on', '2015-05-06 00:00:00'),
(66, 66, 4, 'on', '2015-05-06 00:00:00'),
(67, 67, 4, 'on', '2015-05-06 00:00:00'),
(68, 68, 4, 'on', '2015-05-06 00:00:00'),
(69, 69, 4, 'on', '2015-05-06 00:00:00'),
(70, 70, 4, 'on', '2015-05-06 00:00:00'),
(71, 71, 4, 'on', '2015-05-06 00:00:00'),
(72, 72, 4, 'on', '2015-05-06 00:00:00'),
(73, 73, 4, 'on', '2015-05-06 00:00:00'),
(74, 74, 4, 'on', '2015-05-06 00:00:00'),
(75, 75, 4, 'on', '2015-05-06 00:00:00'),
(76, 76, 4, 'on', '2015-05-06 00:00:00'),
(77, 77, 4, 'on', '2015-05-06 00:00:00'),
(78, 78, 4, 'on', '2015-05-06 00:00:00'),
(79, 79, 4, 'on', '2015-05-06 00:00:00'),
(80, 80, 4, 'on', '2015-05-06 00:00:00'),
(81, 81, 4, 'on', '2015-05-06 00:00:00'),
(82, 82, 4, 'on', '2015-05-06 00:00:00'),
(83, 83, 4, 'on', '2015-05-06 00:00:00'),
(84, 84, 4, 'on', '2015-05-06 00:00:00'),
(85, 85, 4, 'on', '2015-05-06 00:00:00'),
(86, 86, 4, 'on', '2015-05-06 00:00:00'),
(87, 87, 4, 'on', '2015-05-06 00:00:00'),
(88, 88, 4, 'on', '2015-05-06 00:00:00'),
(89, 89, 4, 'on', '2015-05-06 00:00:00'),
(90, 90, 4, 'on', '2015-05-06 00:00:00'),
(91, 91, 4, 'on', '2015-05-06 00:00:00'),
(92, 92, 4, 'on', '2015-05-06 00:00:00'),
(93, 93, 4, 'on', '2015-05-06 00:00:00'),
(94, 94, 4, 'on', '2015-05-06 00:00:00'),
(95, 95, 4, 'on', '2015-05-06 00:00:00'),
(96, 96, 4, 'on', '2015-05-06 00:00:00'),
(97, 97, 4, 'on', '2015-05-06 00:00:00'),
(98, 98, 4, 'on', '2015-05-06 00:00:00'),
(99, 99, 4, 'on', '2015-05-06 00:00:00'),
(100, 100, 4, 'on', '2015-05-06 00:00:00'),
(101, 101, 4, 'on', '2015-05-06 00:00:00'),
(102, 102, 4, 'on', '2015-05-06 00:00:00'),
(103, 103, 4, 'on', '2015-05-06 00:00:00'),
(104, 104, 4, 'on', '2015-05-06 00:00:00'),
(105, 105, 4, 'on', '2015-05-06 00:00:00'),
(106, 106, 4, 'on', '2015-05-06 00:00:00'),
(107, 107, 4, 'on', '2015-05-06 00:00:00'),
(108, 108, 4, 'on', '2015-05-06 00:00:00'),
(109, 109, 4, 'on', '2015-05-06 00:00:00'),
(110, 110, 4, 'on', '2015-05-06 00:00:00'),
(111, 111, 4, 'on', '2015-05-06 00:00:00'),
(112, 112, 4, 'on', '2015-05-06 00:00:00'),
(113, 113, 4, 'on', '2015-05-06 00:00:00'),
(114, 114, 4, 'on', '2015-05-06 00:00:00'),
(115, 115, 4, 'on', '2015-05-06 00:00:00'),
(116, 116, 4, 'on', '2015-05-06 00:00:00'),
(117, 117, 4, 'on', '2015-05-06 00:00:00'),
(118, 118, 4, 'on', '2015-05-06 00:00:00'),
(119, 119, 4, 'on', '2015-05-06 00:00:00'),
(120, 120, 4, 'on', '2015-05-06 00:00:00'),
(121, 121, 4, 'on', '2015-05-06 00:00:00'),
(122, 122, 4, 'on', '2015-05-06 00:00:00'),
(123, 123, 4, 'on', '2015-05-06 00:00:00'),
(124, 124, 4, 'on', '2015-05-06 00:00:00'),
(125, 125, 4, 'on', '2015-05-06 00:00:00'),
(126, 126, 4, 'on', '2015-05-06 00:00:00'),
(127, 127, 4, 'on', '2015-05-06 00:00:00'),
(128, 128, 4, 'on', '2015-05-06 00:00:00'),
(129, 129, 4, 'off', '2015-07-17 17:29:28'),
(130, 130, 4, 'on', '2015-05-06 00:00:00'),
(131, 131, 4, 'on', '2015-05-06 00:00:00'),
(132, 132, 4, 'on', '2015-05-06 00:00:00'),
(133, 133, 4, 'on', '2015-05-06 00:00:00'),
(134, 134, 4, 'on', '2015-05-06 00:00:00'),
(135, 135, 4, 'on', '2015-05-06 00:00:00'),
(136, 136, 4, 'on', '2015-05-06 00:00:00'),
(137, 137, 4, 'on', '2015-05-06 00:00:00'),
(138, 138, 4, 'on', '2015-05-06 00:00:00'),
(139, 139, 4, 'on', '2015-05-06 00:00:00'),
(140, 140, 4, 'on', '2015-05-06 00:00:00'),
(141, 141, 4, 'on', '2015-05-06 00:00:00'),
(142, 142, 4, 'on', '2015-05-06 00:00:00'),
(143, 143, 4, 'on', '2015-05-06 00:00:00'),
(144, 144, 4, 'on', '2015-05-06 00:00:00'),
(145, 145, 4, 'on', '2015-05-06 00:00:00'),
(146, 146, 4, 'on', '2015-05-06 00:00:00'),
(147, 147, 4, 'on', '2015-05-06 00:00:00'),
(148, 148, 4, 'on', '2015-05-06 00:00:00'),
(149, 149, 4, 'on', '2015-05-06 00:00:00'),
(150, 150, 4, 'on', '2015-05-06 00:00:00'),
(151, 151, 4, 'on', '2015-05-06 00:00:00'),
(152, 152, 4, 'on', '2015-05-06 00:00:00'),
(153, 153, 4, 'on', '2015-05-06 00:00:00'),
(154, 154, 4, 'on', '2015-05-06 00:00:00'),
(155, 155, 4, 'on', '2015-05-06 00:00:00'),
(156, 156, 4, 'on', '2015-05-06 00:00:00'),
(157, 157, 4, 'on', '2015-05-06 00:00:00'),
(158, 158, 4, 'on', '2015-05-06 00:00:00'),
(159, 159, 4, 'on', '2015-05-06 00:00:00'),
(160, 160, 4, 'on', '2015-05-06 00:00:00'),
(161, 161, 4, 'off', '2015-10-09 14:34:17'),
(162, 162, 4, 'on', '2015-05-06 00:00:00'),
(163, 163, 4, 'on', '2015-05-06 00:00:00'),
(164, 164, 4, 'on', '2015-05-06 00:00:00'),
(165, 165, 4, 'on', '2015-05-06 00:00:00'),
(166, 166, 4, 'on', '2015-05-06 00:00:00'),
(167, 167, 4, 'on', '2015-05-06 00:00:00'),
(168, 168, 4, 'on', '2015-05-06 00:00:00'),
(169, 169, 4, 'on', '2015-05-06 00:00:00'),
(170, 170, 4, 'on', '2015-05-06 00:00:00'),
(171, 171, 4, 'on', '2015-05-06 00:00:00'),
(172, 172, 4, 'on', '2015-05-06 00:00:00'),
(173, 173, 4, 'on', '2015-05-06 00:00:00'),
(174, 174, 4, 'on', '2015-05-06 00:00:00'),
(175, 175, 4, 'on', '2015-05-06 00:00:00'),
(176, 176, 4, 'on', '2015-05-06 00:00:00'),
(177, 177, 4, 'on', '2015-05-06 00:00:00'),
(178, 178, 4, 'on', '2015-05-06 00:00:00'),
(179, 179, 4, 'on', '2015-05-06 00:00:00'),
(180, 180, 4, 'on', '2015-05-06 00:00:00'),
(181, 181, 4, 'on', '2015-05-06 00:00:00'),
(182, 182, 4, 'on', '2015-05-06 00:00:00'),
(183, 183, 4, 'on', '2015-05-06 00:00:00'),
(184, 184, 4, 'on', '2015-05-06 00:00:00'),
(185, 185, 4, 'on', '2015-05-06 00:00:00'),
(186, 186, 4, 'on', '2015-05-06 00:00:00'),
(187, 187, 4, 'on', '2015-05-06 00:00:00'),
(188, 188, 4, 'on', '2015-05-06 00:00:00'),
(189, 189, 4, 'on', '2015-05-06 00:00:00'),
(190, 190, 4, 'on', '2015-05-06 00:00:00'),
(191, 191, 4, 'on', '2015-05-06 00:00:00'),
(192, 192, 4, 'on', '2015-05-06 00:00:00'),
(193, 193, 4, 'on', '2015-05-06 00:00:00'),
(194, 194, 4, 'on', '2015-05-06 00:00:00'),
(195, 195, 4, 'on', '2015-05-06 00:00:00'),
(196, 196, 4, 'on', '2015-05-06 00:00:00'),
(197, 197, 4, 'on', '2015-05-06 00:00:00'),
(198, 198, 4, 'on', '2015-05-06 00:00:00'),
(199, 199, 4, 'on', '2015-05-06 00:00:00'),
(200, 200, 4, 'on', '2015-05-06 00:00:00'),
(201, 201, 4, 'on', '2015-05-06 00:00:00'),
(202, 202, 4, 'off', '2015-10-09 14:37:24'),
(203, 203, 4, 'on', '2015-05-06 00:00:00'),
(204, 204, 4, 'on', '2015-05-06 00:00:00'),
(205, 205, 4, 'on', '2015-05-06 00:00:00'),
(206, 206, 4, 'on', '2015-05-06 00:00:00'),
(207, 207, 4, 'on', '2015-05-06 00:00:00'),
(208, 208, 4, 'on', '2015-05-06 00:00:00'),
(209, 209, 4, 'on', '2015-05-06 00:00:00'),
(210, 210, 4, 'on', '2015-05-06 00:00:00'),
(211, 211, 4, 'on', '2015-05-06 00:00:00'),
(212, 212, 4, 'on', '2015-05-06 00:00:00'),
(213, 213, 4, 'on', '2015-05-06 00:00:00'),
(214, 214, 4, 'on', '2015-05-06 00:00:00'),
(215, 215, 4, 'on', '2015-05-06 00:00:00'),
(216, 216, 4, 'on', '2015-05-06 00:00:00'),
(217, 217, 4, 'on', '2015-05-06 00:00:00'),
(218, 218, 4, 'on', '2015-05-06 00:00:00'),
(219, 219, 4, 'on', '2015-05-06 00:00:00'),
(220, 220, 4, 'on', '2015-05-06 00:00:00'),
(221, 221, 4, 'on', '2015-05-06 00:00:00'),
(222, 222, 4, 'on', '2015-05-06 00:00:00'),
(223, 223, 4, 'on', '2015-05-06 00:00:00'),
(224, 224, 4, 'on', '2015-05-06 00:00:00'),
(225, 225, 4, 'on', '2015-05-06 00:00:00'),
(226, 226, 4, 'on', '2015-05-06 00:00:00'),
(227, 227, 4, 'on', '2015-05-06 00:00:00'),
(228, 228, 4, 'on', '2015-05-06 00:00:00'),
(229, 229, 4, 'on', '2015-05-06 00:00:00'),
(230, 230, 4, 'on', '2015-05-06 00:00:00'),
(231, 231, 4, 'on', '2015-05-06 00:00:00'),
(232, 232, 4, 'on', '2015-05-06 00:00:00'),
(233, 233, 4, 'on', '2015-05-06 00:00:00'),
(234, 234, 4, 'on', '2015-05-06 00:00:00'),
(235, 235, 4, 'on', '2015-05-06 00:00:00'),
(236, 236, 4, 'on', '2015-05-06 00:00:00'),
(237, 237, 4, 'on', '2015-05-06 00:00:00'),
(238, 238, 4, 'on', '2015-05-06 00:00:00'),
(239, 239, 4, 'on', '2015-05-06 00:00:00'),
(240, 240, 4, 'on', '2015-05-06 00:00:00'),
(241, 241, 4, 'on', '2015-05-06 00:00:00'),
(242, 242, 4, 'on', '2015-05-06 00:00:00'),
(243, 243, 4, 'off', '2015-10-09 16:05:33'),
(244, 244, 4, 'on', '2015-05-06 00:00:00'),
(245, 245, 4, 'on', '2015-05-06 00:00:00'),
(246, 246, 4, 'on', '2015-05-06 00:00:00'),
(247, 247, 4, 'on', '2015-05-06 00:00:00'),
(248, 248, 4, 'on', '2015-05-06 00:00:00'),
(249, 249, 4, 'on', '2015-05-06 00:00:00'),
(250, 250, 4, 'on', '2015-05-06 00:00:00'),
(251, 251, 4, 'on', '2015-05-06 00:00:00'),
(252, 252, 4, 'on', '2015-05-06 00:00:00'),
(253, 253, 4, 'on', '2015-05-06 00:00:00'),
(254, 254, 4, 'off', '2015-07-17 17:29:33'),
(255, 255, 4, 'on', '2015-05-06 00:00:00'),
(256, 256, 4, 'on', '2015-05-06 00:00:00'),
(257, 257, 4, 'on', '2015-05-06 00:00:00'),
(258, 258, 4, 'on', '2015-05-06 00:00:00'),
(259, 259, 4, 'on', '2015-05-06 00:00:00'),
(260, 260, 4, 'on', '2015-05-06 00:00:00'),
(261, 261, 4, 'on', '2015-05-06 00:00:00'),
(262, 262, 4, 'on', '2015-05-06 00:00:00'),
(263, 263, 4, 'on', '2015-05-06 00:00:00'),
(264, 264, 4, 'on', '2015-05-06 00:00:00'),
(265, 265, 4, 'on', '2015-05-06 00:00:00'),
(266, 266, 4, 'on', '2015-05-06 00:00:00'),
(267, 267, 4, 'on', '2015-05-06 00:00:00'),
(268, 268, 4, 'on', '2015-05-06 00:00:00'),
(269, 269, 4, 'on', '2015-05-06 00:00:00'),
(270, 270, 4, 'on', '2015-05-06 00:00:00'),
(271, 271, 4, 'on', '2015-05-06 00:00:00'),
(272, 272, 4, 'on', '2015-05-06 00:00:00'),
(273, 273, 4, 'on', '2015-05-06 00:00:00'),
(274, 274, 4, 'on', '2015-05-06 00:00:00'),
(275, 275, 4, 'on', '2015-05-06 00:00:00'),
(276, 276, 4, 'on', '2015-05-06 00:00:00'),
(277, 277, 4, 'on', '2015-05-06 00:00:00'),
(278, 278, 4, 'on', '2015-05-06 00:00:00'),
(279, 279, 4, 'on', '2015-05-06 00:00:00'),
(280, 280, 4, 'on', '2015-05-06 00:00:00'),
(281, 281, 4, 'on', '2015-05-06 00:00:00'),
(282, 282, 4, 'on', '2015-05-06 00:00:00'),
(283, 283, 4, 'on', '2015-05-06 00:00:00'),
(284, 284, 4, 'on', '2015-05-06 00:00:00'),
(285, 285, 4, 'on', '2015-05-06 00:00:00'),
(286, 286, 4, 'off', '2015-07-17 17:29:32'),
(287, 287, 4, 'on', '2015-05-06 00:00:00'),
(288, 288, 4, 'on', '2015-05-06 00:00:00'),
(289, 289, 4, 'on', '2015-05-06 00:00:00'),
(290, 290, 4, 'on', '2015-05-06 00:00:00'),
(291, 291, 4, 'on', '2015-05-06 00:00:00'),
(292, 292, 4, 'on', '2015-05-06 00:00:00'),
(293, 293, 4, 'on', '2015-05-06 00:00:00'),
(294, 294, 4, 'on', '2015-05-06 00:00:00'),
(295, 295, 4, 'on', '2015-05-06 00:00:00'),
(296, 296, 4, 'on', '2015-05-06 00:00:00'),
(297, 297, 4, 'on', '2015-05-06 00:00:00'),
(298, 298, 4, 'on', '2015-05-06 00:00:00'),
(299, 299, 4, 'on', '2015-05-06 00:00:00'),
(300, 300, 4, 'on', '2015-05-06 00:00:00'),
(301, 301, 4, 'on', '2015-05-06 00:00:00'),
(302, 302, 4, 'off', '2015-10-09 14:43:02'),
(303, 303, 4, 'on', '2015-05-06 00:00:00'),
(304, 304, 4, 'on', '2015-05-06 00:00:00'),
(305, 305, 4, 'on', '2015-05-06 00:00:00'),
(306, 306, 4, 'on', '2015-05-06 00:00:00'),
(307, 307, 4, 'on', '2015-05-06 00:00:00'),
(308, 308, 4, 'off', '2015-07-17 17:29:35'),
(309, 309, 4, 'on', '2015-05-06 00:00:00'),
(310, 310, 4, 'on', '2015-05-06 00:00:00'),
(311, 311, 4, 'on', '2015-05-06 00:00:00'),
(312, 312, 4, 'on', '2015-05-06 00:00:00'),
(313, 313, 4, 'on', '2015-05-06 00:00:00'),
(314, 314, 4, 'on', '2015-05-06 00:00:00'),
(315, 315, 4, 'on', '2015-05-06 00:00:00'),
(316, 316, 4, 'on', '2015-05-06 00:00:00'),
(317, 317, 4, 'on', '2015-05-06 00:00:00'),
(318, 318, 4, 'on', '2015-05-06 00:00:00'),
(319, 319, 4, 'on', '2015-05-06 00:00:00'),
(320, 320, 4, 'on', '2015-05-06 00:00:00'),
(321, 321, 4, 'on', '2015-05-06 00:00:00'),
(322, 322, 4, 'on', '2015-05-06 00:00:00'),
(323, 323, 4, 'on', '2015-05-06 00:00:00'),
(324, 324, 4, 'on', '2015-05-06 00:00:00'),
(325, 325, 4, 'on', '2015-05-06 00:00:00'),
(326, 326, 4, 'on', '2015-05-06 00:00:00'),
(327, 327, 4, 'on', '2015-05-06 00:00:00'),
(328, 328, 4, 'on', '2015-05-06 00:00:00'),
(329, 329, 4, 'off', '2015-10-09 14:39:48'),
(330, 330, 4, 'on', '2015-05-06 00:00:00'),
(331, 331, 4, 'on', '2015-05-06 00:00:00'),
(332, 332, 4, 'on', '2015-05-06 00:00:00'),
(333, 333, 4, 'on', '2015-05-06 00:00:00'),
(334, 334, 4, 'on', '2015-05-06 00:00:00'),
(335, 335, 4, 'on', '2015-05-06 00:00:00'),
(336, 336, 4, 'on', '2015-06-24 04:54:43'),
(337, 337, 4, 'on', '2015-06-24 04:59:49'),
(338, 338, 4, 'on', '2015-06-24 05:03:15'),
(339, 339, 4, 'on', '2015-06-24 05:06:15'),
(340, 340, 4, 'on', '2015-06-24 12:37:59'),
(341, 341, 4, 'on', '2015-06-24 12:44:16'),
(342, 342, 4, 'on', '2015-07-31 16:41:06'),
(343, 343, 4, 'on', '2015-07-31 16:47:08'),
(344, 39, 4, 'on', '2015-07-31 16:52:33'),
(345, 129, 4, 'on', '2015-07-31 16:59:14'),
(346, 254, 4, 'on', '2015-07-31 17:00:40'),
(347, 344, 4, 'on', '2015-07-31 17:04:17'),
(348, 345, 4, 'on', '2015-07-31 17:05:49'),
(349, 308, 4, 'on', '2015-07-31 17:06:51'),
(350, 347, 4, 'on', '2015-07-31 17:08:10'),
(351, 348, 4, 'on', '2015-07-31 17:18:40'),
(352, 349, 4, 'on', '2015-07-31 17:19:36'),
(353, 350, 4, 'off', '2015-11-11 11:12:44'),
(354, 351, 4, 'on', '2015-07-31 17:27:13'),
(355, 57, 4, 'on', '2015-07-31 17:36:33'),
(356, 352, 4, 'on', '2015-07-31 17:37:48'),
(357, 353, 4, 'on', '2015-07-31 17:42:53'),
(358, 354, 4, 'on', '2015-08-10 11:59:34'),
(359, 355, 4, 'on', '2015-08-10 12:06:29'),
(360, 356, 4, 'on', '2015-08-10 12:09:34'),
(361, 360, 5, 'on', '2015-09-19 10:56:09'),
(362, 361, 5, 'on', '2015-09-19 13:04:13'),
(363, 362, 5, 'on', '2015-09-19 14:14:03'),
(364, 363, 5, 'on', '2015-09-19 16:15:02'),
(365, 365, 5, 'on', '2015-09-20 11:44:38'),
(366, 368, 5, 'on', '2015-09-20 14:02:34'),
(367, 369, 5, 'on', '2015-09-20 14:39:21'),
(368, 371, 5, 'on', '2015-09-20 17:09:09'),
(369, 372, 5, 'on', '2015-09-20 18:14:05'),
(370, 373, 5, 'on', '2015-09-23 13:29:10'),
(371, 374, 5, 'on', '2015-09-26 11:39:59'),
(372, 375, 5, 'on', '2015-09-26 13:44:53'),
(373, 376, 5, 'on', '2015-09-26 15:53:58'),
(374, 377, 5, 'on', '2015-09-26 16:40:48'),
(375, 379, 5, 'on', '2015-09-27 12:24:14'),
(376, 380, 5, 'on', '2015-09-27 12:51:36'),
(377, 381, 5, 'on', '2015-09-27 13:38:28'),
(378, 382, 5, 'on', '2015-09-27 15:01:20'),
(379, 383, 5, 'on', '2015-09-28 12:56:50'),
(380, 385, 5, 'on', '2015-09-29 18:07:10'),
(381, 384, 5, 'on', '2015-09-29 19:25:22'),
(382, 34, 5, 'on', '2015-10-02 18:33:52'),
(383, 388, 5, 'on', '2015-10-03 12:14:39'),
(384, 390, 5, 'on', '2015-10-04 14:19:13'),
(385, 391, 5, 'on', '2015-10-04 15:40:10'),
(386, 392, 5, 'on', '2015-10-04 15:49:29'),
(387, 394, 5, 'on', '2015-10-07 14:34:51'),
(388, 397, 5, 'on', '2015-10-09 15:13:09'),
(389, 401, 4, 'on', '2015-10-09 16:20:29'),
(390, 421, 5, 'on', '2015-10-10 12:33:21'),
(391, 427, 5, 'on', '2015-10-10 18:02:03'),
(392, 422, 5, 'on', '2015-10-10 19:22:55'),
(393, 428, 5, 'on', '2015-10-10 20:00:37'),
(394, 429, 5, 'on', '2015-10-11 12:06:43'),
(395, 430, 5, 'on', '2015-10-11 12:12:26'),
(396, 406, 4, 'on', '2015-10-12 12:26:43'),
(397, 407, 4, 'on', '2015-10-12 13:07:50'),
(398, 408, 4, 'off', '2015-11-11 10:59:19'),
(399, 409, 4, 'on', '2015-10-12 13:22:54'),
(400, 410, 4, 'on', '2015-10-12 13:26:22'),
(401, 411, 4, 'on', '2015-10-12 13:29:20'),
(402, 412, 4, 'on', '2015-10-12 13:33:21'),
(403, 413, 4, 'on', '2015-10-12 13:36:29'),
(404, 414, 4, 'on', '2015-10-12 13:42:21'),
(405, 415, 4, 'on', '2015-10-12 13:47:03'),
(406, 416, 4, 'on', '2015-10-12 13:53:11'),
(407, 417, 4, 'on', '2015-10-12 13:57:11'),
(408, 418, 4, 'on', '2015-10-12 14:01:50'),
(409, 419, 4, 'on', '2015-10-12 14:11:07'),
(410, 431, 4, 'on', '2015-10-16 15:38:32'),
(411, 432, 4, 'off', '2015-11-11 11:31:32'),
(412, 433, 4, 'on', '2015-10-17 12:07:20'),
(413, 425, 5, 'on', '2015-10-17 18:24:43'),
(414, 403, 4, 'on', '2015-10-19 13:44:19'),
(415, 404, 4, 'on', '2015-10-19 13:51:50'),
(416, 405, 4, 'on', '2015-10-19 13:57:04'),
(417, 434, 4, 'on', '2015-10-20 16:08:24'),
(418, 438, 4, 'off', '2015-11-11 11:36:20'),
(419, 439, 5, 'on', '2015-10-24 17:26:03'),
(420, 440, 4, 'on', '2015-10-26 12:35:30'),
(421, 441, 4, 'on', '2015-10-26 13:06:15'),
(422, 442, 4, 'on', '2015-10-26 13:37:43'),
(423, 455, 5, 'on', '2015-11-01 17:53:29'),
(424, 456, 5, 'on', '2015-11-01 18:09:42'),
(425, 457, 5, 'on', '2015-11-01 18:40:26'),
(426, 458, 4, 'on', '2015-11-03 13:27:31'),
(427, 450, 4, 'on', '2015-11-06 09:18:03'),
(428, 459, 5, 'on', '2015-11-06 15:43:30'),
(429, 460, 5, 'on', '2015-11-06 16:55:47'),
(430, 449, 5, 'on', '2015-11-09 17:24:30'),
(431, 346, 4, 'on', '2015-11-10 14:37:26'),
(432, 400, 4, 'on', '2015-11-10 15:30:59'),
(433, 398, 4, 'on', '2015-11-10 17:21:41'),
(434, 399, 4, 'on', '2015-11-10 17:27:12'),
(435, 402, 4, 'on', '2015-11-10 17:42:13'),
(436, 408, 4, 'on', '2015-11-11 11:38:01'),
(437, 350, 4, 'on', '2015-11-11 11:44:10'),
(438, 467, 4, 'on', '2015-11-11 18:08:31'),
(439, 454, 4, 'on', '2015-11-12 12:15:40'),
(440, 472, 4, 'on', '2015-11-12 14:34:08'),
(441, 473, 5, 'on', '2015-11-12 16:21:06'),
(442, 453, 4, 'on', '2015-11-13 11:50:31'),
(443, 474, 4, 'on', '2015-11-13 12:33:03'),
(444, 482, 4, 'on', '2015-11-14 18:03:09'),
(445, 483, 4, 'off', '2016-01-11 13:29:27'),
(446, 470, 4, 'on', '2015-11-15 13:01:06'),
(447, 485, 4, 'on', '2015-11-15 13:48:28'),
(448, 491, 4, 'on', '2015-11-15 18:19:50'),
(449, 497, 5, 'on', '2015-11-17 19:16:21'),
(450, 503, 5, 'on', '2015-11-19 17:28:19'),
(451, 500, 4, 'on', '2015-11-20 12:30:21'),
(452, 506, 4, 'on', '2015-11-20 12:53:48'),
(453, 493, 5, 'on', '2015-11-22 13:04:51'),
(454, 527, 4, 'on', '2015-11-22 14:01:46'),
(455, 501, 4, 'on', '2015-11-27 19:09:27'),
(456, 546, 5, 'on', '2015-11-29 12:51:04'),
(457, 549, 5, 'on', '2015-12-07 16:19:26'),
(458, 552, 4, 'off', '2016-03-11 15:06:27'),
(459, 553, 4, 'on', '2015-12-10 15:35:33'),
(460, 554, 4, 'on', '2015-12-15 11:43:04'),
(461, 556, 4, 'on', '2015-12-16 13:01:56'),
(462, 557, 4, 'on', '2015-12-21 18:17:43'),
(463, 559, 4, 'on', '2015-12-22 17:09:04'),
(464, 471, 4, 'on', '2015-12-26 10:50:21'),
(465, 560, 5, 'on', '2015-12-27 12:00:11'),
(466, 561, 5, 'on', '2015-12-28 11:42:31'),
(467, 504, 4, 'off', '2016-03-11 15:04:07'),
(468, 566, 5, 'on', '2016-01-23 14:22:52'),
(469, 571, 5, 'on', '2016-01-23 14:44:33'),
(470, 512, 4, 'on', '2016-01-27 16:23:40'),
(471, 574, 4, 'on', '2016-01-29 14:57:46'),
(472, 600, 4, 'off', '2016-03-18 12:40:48'),
(473, 600, 4, 'off', '2016-03-18 13:25:31'),
(474, 600, 4, 'off', '2016-03-18 13:44:17'),
(475, 601, 4, 'off', '2016-03-18 15:53:45'),
(476, 602, 4, 'off', '2016-03-18 16:39:51'),
(477, 603, 4, 'off', '2016-03-18 16:39:51'),
(478, 605, 4, 'off', '2016-04-07 17:37:38'),
(479, 600, 4, 'off', '2016-04-07 17:05:00'),
(480, 604, 4, 'on', '2016-03-23 14:47:13'),
(481, 607, 4, 'off', '2016-04-04 22:05:07'),
(482, 607, 4, 'off', '2016-04-07 17:51:21'),
(483, 607, 4, 'off', '2016-04-08 09:08:23'),
(484, 607, 5, 'off', '2016-04-08 10:04:53'),
(485, 607, 5, 'on', '2016-04-08 10:06:53'),
(486, 614, 4, 'off', '2016-04-11 16:52:46'),
(487, 614, 4, 'off', '2016-04-11 17:05:00'),
(488, 3, 4, 'on', '2016-06-08 03:08:02');

-- --------------------------------------------------------

--
-- Table structure for table `tb_customer_working_info`
--

CREATE TABLE IF NOT EXISTS `tb_customer_working_info` (
  `work_id` int(11) NOT NULL,
  `work_position` varchar(50) DEFAULT NULL,
  `work_company` varchar(100) DEFAULT NULL,
  `work_house_no` varchar(100) DEFAULT NULL,
  `work_road` varchar(100) DEFAULT NULL,
  `work_sub` varchar(100) DEFAULT NULL,
  `work_district` varchar(100) DEFAULT NULL,
  `work_province` varchar(100) DEFAULT NULL,
  `work_post_code` varchar(100) DEFAULT NULL,
  `work_country` varchar(100) DEFAULT NULL,
  `work_cus_id` varchar(11) DEFAULT NULL
) ENGINE=MyISAM AUTO_INCREMENT=12 DEFAULT CHARSET=utf8;

--
-- Dumping data for table `tb_customer_working_info`
--

INSERT INTO `tb_customer_working_info` (`work_id`, `work_position`, `work_company`, `work_house_no`, `work_road`, `work_sub`, `work_district`, `work_province`, `work_post_code`, `work_country`, `work_cus_id`) VALUES
(1, NULL, NULL, NULL, NULL, NULL, NULL, NULL, NULL, '213', '1'),
(2, NULL, NULL, NULL, NULL, NULL, NULL, NULL, NULL, '213', '2'),
(3, NULL, NULL, NULL, NULL, NULL, NULL, NULL, NULL, '213', '3'),
(4, NULL, NULL, NULL, NULL, NULL, NULL, NULL, NULL, '213', '4'),
(5, NULL, NULL, NULL, NULL, NULL, NULL, NULL, NULL, '213', '5'),
(6, 'แม่บ้าน', 'ที่ทำงาน', '166', 'นั่นแหละ', '', '', 'พะเยา', '', '', '6'),
(7, '', '', '', '', '', '', '', '', '213', '7'),
(8, '312312', '12312312', '3123', '12321312', '123123', '12321312312', '12312321321321', '213123123123', '213', '8'),
(9, 'programmer', 'minttopia', '62/63', 'พัฒนาการ', 'สวนหลวง', 'สวนหลวง', 'กรุงเทพมหานคร', '10250', '213', '9'),
(10, NULL, NULL, NULL, NULL, NULL, NULL, NULL, NULL, '213', '10'),
(11, NULL, NULL, NULL, NULL, NULL, NULL, NULL, NULL, '213', '11');

-- --------------------------------------------------------

--
-- Table structure for table `tb_district`
--

CREATE TABLE IF NOT EXISTS `tb_district` (
  `d_id` int(5) NOT NULL,
  `d_name_th` varchar(150) COLLATE utf8_unicode_ci NOT NULL,
  `d_name_en` varchar(150) COLLATE utf8_unicode_ci NOT NULL,
  `d_province_id` int(5) NOT NULL DEFAULT '0'
) ENGINE=MyISAM AUTO_INCREMENT=928 DEFAULT CHARSET=utf8 COLLATE=utf8_unicode_ci;

--
-- Dumping data for table `tb_district`
--

INSERT INTO `tb_district` (`d_id`, `d_name_th`, `d_name_en`, `d_province_id`) VALUES
(1, 'โกสัมพีนคร', '', 1),
(2, 'ขาณุวรลักษบุรี', '', 1),
(3, 'คลองขลุง', '', 1),
(4, 'คลองลาน', '', 1),
(5, 'ทรายทองวัฒนา', '', 1),
(6, 'ไทรงาม', '', 1),
(7, 'บึงสามัคคี', '', 1),
(8, 'ปางศิลาทอง', '', 1),
(9, 'พรานกระต่าย', '', 1),
(10, 'เมืองกำแพงเพชร', '', 1),
(11, 'ลานกระบือ', '', 1),
(12, 'ขุนตาล', '', 2),
(13, 'เชียงของ', '', 2),
(14, 'เชียงแสน', '', 2),
(15, 'ดอยหลวง', '', 2),
(16, 'เทิง', '', 2),
(17, 'ป่าแดด', '', 2),
(18, 'พญาเม็งราย', '', 2),
(19, 'พาน', '', 2),
(20, 'เมืองเชียงราย', '', 2),
(21, 'แม่จัน', '', 2),
(22, 'แม่ฟ้าหลวง', '', 2),
(23, 'แม่ลาว', '', 2),
(24, 'แม่สรวย', '', 2),
(25, 'แม่สาย', '', 2),
(26, 'เวียงแก่น', '', 2),
(27, 'เวียงชัย', '', 2),
(28, 'เวียงเชียงรุ้ง', '', 2),
(29, 'เวียงป่าเป้า', '', 2),
(30, 'จอมทอง', '', 3),
(31, 'เชียงดาว', '', 3),
(32, 'ไชยปราการ', '', 3),
(33, 'ดอยเต่า', '', 3),
(34, 'ดอยสะเก็ด', '', 3),
(35, 'ดอยหล่อ', '', 3),
(36, 'ฝาง', '', 3),
(37, 'พร้าว', '', 3),
(38, 'เมืองเชียงใหม่', '', 3),
(39, 'แม่แจ่ม', '', 3),
(40, 'แม่แตง', '', 3),
(41, 'แม่ริม', '', 3),
(42, 'แม่วาง', '', 3),
(43, 'แม่ออน', '', 3),
(44, 'แม่อาย', '', 3),
(45, 'เวียงแหง', '', 3),
(46, 'สะเมิง', '', 3),
(47, 'สันกำแพง', '', 3),
(48, 'สันทราย', '', 3),
(49, 'สันป่าตอง', '', 3),
(50, 'สารภี', '', 3),
(51, 'หางดง', '', 3),
(52, 'อมก๋อย', '', 3),
(53, 'ฮอด', '', 3),
(54, 'ท่าสองยาง', '', 4),
(55, 'บ้านตาก', '', 4),
(56, 'พบพระ', '', 4),
(57, 'เมืองตาก', '', 4),
(58, 'แม่ระมาด', '', 4),
(59, 'แม่สอด', '', 4),
(60, 'วังเจ้า', '', 4),
(61, 'สามเงา', '', 4),
(62, 'อุ้มผาง', '', 4),
(63, 'เก้าเลี้ยว', '', 5),
(64, 'โกรกพระ', '', 5),
(65, 'ชุมตาบง', '', 5),
(66, 'ชุมแสง', '', 5),
(67, 'ตากฟ้า', '', 5),
(68, 'ตาคลี', '', 5),
(69, 'ท่าตะโก', '', 5),
(70, 'บรรพตพิสัย', '', 5),
(71, 'พยุหะคีรี', '', 5),
(72, 'ไพศาลี', '', 5),
(73, 'เมืองนครสวรรค์', '', 5),
(74, 'แม่เปิน', '', 5),
(75, 'แม่วงก์', '', 5),
(76, 'ลาดยาว', '', 5),
(77, 'หนองบัว', '', 5),
(78, 'เฉลิมพระเกียรติ', '', 6),
(79, 'เชียงกลาง', '', 6),
(80, 'ท่าวังผา', '', 6),
(81, 'ทุ่งช้าง', '', 6),
(82, 'นาน้อย', '', 6),
(83, 'นาหมื่น', '', 6),
(84, 'บ่อเกลือ', '', 6),
(85, 'บ้านหลวง', '', 6),
(86, 'ปัว', '', 6),
(87, 'ภูเพียง', '', 6),
(88, 'เมืองน่าน', '', 6),
(89, 'แม่จริม', '', 6),
(90, 'เวียงสา', '', 6),
(91, 'สองแคว', '', 6),
(92, 'สันติสุข', '', 6),
(93, 'จุน', '', 7),
(94, 'เชียงคำ', '', 7),
(95, 'เชียงม่วน', '', 7),
(96, 'ดอกคำใต้', '', 7),
(97, 'ปง', '', 7),
(98, 'ภูกามยาว', '', 7),
(99, 'ภูซาง', '', 7),
(100, 'เมืองพะเยา', '', 7),
(101, 'แม่ใจ', '', 7),
(102, 'ดงเจริญ', '', 8),
(103, 'ตะพานหิน', '', 8),
(104, 'ทับคล้อ', '', 8),
(105, 'บางมูลนาก', '', 8),
(106, 'บึงนาราง', '', 8),
(107, 'โพทะเล', '', 8),
(108, 'โพธิ์ประทับช้าง', '', 8),
(109, 'เมืองพิจิตร', '', 8),
(110, 'วชิรบารมี', '', 8),
(111, 'วังทรายพูน', '', 8),
(112, 'สากเหล็ก', '', 8),
(113, 'สามง่าม', '', 8),
(114, 'ชาติตระการ', '', 9),
(115, 'นครไทย', '', 9),
(116, 'เนินมะปราง', '', 9),
(117, 'บางกระทุ่ม', '', 9),
(118, 'บางระกำ', '', 9),
(119, 'พรหมพิราม', '', 9),
(120, 'เมืองพิษณุโลก', '', 9),
(121, 'วังทอง', '', 9),
(122, 'วัดโบสถ์', '', 9),
(123, 'เขาค้อ', '', 10),
(124, 'ชนแดน', '', 10),
(125, 'น้ำหนาว', '', 10),
(126, 'บึงสามพัน', '', 10),
(127, 'เมืองเพชรบูรณ์', '', 10),
(128, 'วังโป่ง', '', 10),
(129, 'วิเชียรบุรี', '', 10),
(130, 'ศรีเทพ', '', 10),
(131, 'หนองไผ่', '', 10),
(132, 'หล่มเก่า', '', 10),
(133, 'หล่มสัก', '', 10),
(134, 'เด่นชัย', '', 11),
(135, 'เมืองแพร่', '', 11),
(136, 'ร้องกวาง', '', 11),
(137, 'ลอง', '', 11),
(138, 'วังชิ้น', '', 11),
(139, 'สอง', '', 11),
(140, 'สูงเม่น', '', 11),
(141, 'หนองม่วงไข่', '', 11),
(142, 'ขุนยวม', '', 12),
(143, 'ปางมะผ้า', '', 12),
(144, 'ปาย', '', 12),
(145, 'เมืองแม่ฮ่องสอน', '', 12),
(146, 'แม่ลาน้อย', '', 12),
(147, 'แม่สะเรียง', '', 12),
(148, 'สบเมย', '', 12),
(149, 'เกาะคา', '', 13),
(150, 'งาว', '', 13),
(151, 'แจ้ห่ม', '', 13),
(152, 'เถิน', '', 13),
(153, 'เมืองปาน', '', 13),
(154, 'เมืองลำปาง', '', 13),
(155, 'แม่ทะ', '', 13),
(156, 'แม่พริก', '', 13),
(157, 'แม่เมาะ', '', 13),
(158, 'วังเหนือ', '', 13),
(159, 'สบปราบ', '', 13),
(160, 'เสริมงาม', '', 13),
(161, 'ห้างฉัตร', '', 13),
(162, 'ทุ่งหัวช้าง', '', 14),
(163, 'บ้านธิ', '', 14),
(164, 'บ้านโฮ่ง', '', 14),
(165, 'ป่าซาง', '', 14),
(166, 'เมืองลำพูน', '', 14),
(167, 'แม่ทา', '', 14),
(168, 'ลี้', '', 14),
(169, 'เวียงหนองล่อง', '', 14),
(170, 'กงไกรลาศ', '', 15),
(171, 'คีรีมาศ', '', 15),
(172, 'ทุ่งเสลี่ยม', '', 15),
(173, 'บ้านด่านลานหอย', '', 15),
(174, 'เมืองสุโขทัย', '', 15),
(175, 'ศรีนคร', '', 15),
(176, 'ศรีสัชนาลัย', '', 15),
(177, 'ศรีสำโรง', '', 15),
(178, 'สวรรคโลก', '', 15),
(179, 'ตรอน', '', 16),
(180, 'ทองแสนขัน', '', 16),
(181, 'ท่าปลา', '', 16),
(182, 'น้ำปาด', '', 16),
(183, 'บ้านโคก', '', 16),
(184, 'พิชัย', '', 16),
(185, 'ฟากท่า', '', 16),
(186, 'เมืองอุตรดิตถ์', '', 16),
(187, 'ลับแล', '', 16),
(188, 'ทัพทัน', '', 17),
(189, 'บ้านไร่', '', 17),
(190, 'เมืองอุทัยธานี', '', 17),
(191, 'ลานสัก', '', 17),
(192, 'สว่างอารมณ์', '', 17),
(193, 'หนองขาหย่าง', '', 17),
(194, 'หนองฉาง', '', 17),
(195, 'ห้วยคต', '', 17),
(196, 'กมลาไสย', '', 18),
(197, 'กุฉินารายณ์', '', 18),
(198, 'เขาวง', '', 18),
(199, 'คำม่วง', '', 18),
(200, 'ฆ้องชัย', '', 18),
(201, 'ดอนจาน', '', 18),
(202, 'ท่าคันโท', '', 18),
(203, 'นาคู', '', 18),
(204, 'นามน', '', 18),
(205, 'เมืองกาฬสินธุ์', '', 18),
(206, 'ยางตลาด', '', 18),
(207, 'ร่องคำ', '', 18),
(208, 'สมเด็จ', '', 18),
(209, 'สหัสขันธ์', '', 18),
(210, 'สามชัย', '', 18),
(211, 'หนองกุงศรี', '', 18),
(212, 'ห้วยผึ้ง', '', 18),
(213, 'ห้วยเม็ก', '', 18),
(214, 'กระนวน', '', 19),
(215, 'เขาสวนกวาง', '', 19),
(216, 'โคกโพธิ์ไชย', '', 19),
(217, 'ชนบท', '', 19),
(218, 'ชุมแพ', '', 19),
(219, 'ซำสูง', '', 19),
(220, 'น้ำพอง', '', 19),
(221, 'โนนศิลา', '', 19),
(222, 'บ้านไผ่', '', 19),
(223, 'บ้านฝาง', '', 19),
(224, 'บ้านแฮด', '', 19),
(225, 'เปือยน้อย', '', 19),
(226, 'พระยืน', '', 19),
(227, 'พล', '', 19),
(228, 'ภูผาม่าน', '', 19),
(229, 'ภูเวียง', '', 19),
(230, 'มัญจาคีรี', '', 19),
(231, 'เมืองขอนแก่น', '', 19),
(232, 'เวียงเก่า', '', 19),
(233, 'แวงน้อย', '', 19),
(234, 'แวงใหญ่', '', 19),
(235, 'สีชมพู', '', 19),
(236, 'หนองนาคำ', '', 19),
(237, 'หนองเรือ', '', 19),
(238, 'หนองสองห้อง', '', 19),
(239, 'อุบลรัตน์', '', 19),
(240, 'เกษตรสมบูรณ์', '', 20),
(241, 'แก้งคร้อ', '', 20),
(242, 'คอนสวรรค์', '', 20),
(243, 'คอนสาร', '', 20),
(244, 'จัตุรัส', '', 20),
(245, 'ซับใหญ่', '', 20),
(246, 'เทพสถิต', '', 20),
(247, 'เนินสง่า', '', 20),
(248, 'บ้านเขว้า', '', 20),
(249, 'บ้านแท่น', '', 20),
(250, 'บำเหน็จณรงค์', '', 20),
(251, 'ภักดีชุมพล', '', 20),
(252, 'ภูเขียว', '', 20),
(253, 'เมืองชัยภูมิ', '', 20),
(254, 'หนองบัวแดง', '', 20),
(255, 'หนองบัวระเหว', '', 20),
(256, 'ท่าอุเทน', '', 21),
(257, 'ธาตุพนม', '', 21),
(258, 'นาแก', '', 21),
(259, 'นาทม', '', 21),
(260, 'นาหว้า', '', 21),
(261, 'บ้านแพง', '', 21),
(262, 'ปลาปาก', '', 21),
(263, 'โพนสวรรค์', '', 21),
(264, 'เมืองนครพนม', '', 21),
(265, 'เรณูนคร', '', 21),
(266, 'วังยาง', '', 21),
(267, 'ศรีสงคราม', '', 21),
(268, 'แก้งสนามนาง', '', 22),
(269, 'ขามทะเลสอ', '', 22),
(270, 'ขามสะแกแสง', '', 22),
(271, 'คง', '', 22),
(272, 'ครบุรี', '', 22),
(273, 'จักราช', '', 22),
(274, 'เฉลิมพระเกียรติ', '', 22),
(275, 'ชุมพวง', '', 22),
(276, 'โชคชัย', '', 22),
(277, 'ด่านขุนทด', '', 22),
(278, 'เทพารักษ์', '', 22),
(279, 'โนนแดง', '', 22),
(280, 'โนนไทย', '', 22),
(281, 'โนนสูง', '', 22),
(282, 'บัวลาย', '', 22),
(283, 'บัวใหญ่', '', 22),
(284, 'บ้านเหลื่อม', '', 22),
(285, 'ประทาย', '', 22),
(286, 'ปักธงชัย', '', 22),
(287, 'ปากช่อง', '', 22),
(288, 'พระทองคำ', '', 22),
(289, 'พิมาย', '', 22),
(290, 'เมืองนครราชสีมา', '', 22),
(291, 'เมืองยาง', '', 22),
(292, 'ลำทะเมนชัย', '', 22),
(293, 'วังน้ำเขียว', '', 22),
(294, 'สีคิ้ว', '', 22),
(295, 'สีดา', '', 22),
(296, 'สูงเนิน', '', 22),
(297, 'เสิงสาง', '', 22),
(298, 'หนองบุญมาก', '', 22),
(299, 'ห้วยแถลง', '', 22),
(300, 'กระสัง', '', 23),
(301, 'คูเมือง', '', 23),
(302, 'แคนดง', '', 23),
(303, 'เฉลิมพระเกียรติ', '', 23),
(304, 'ชำนิ', '', 23),
(305, 'นางรอง', '', 23),
(306, 'นาโพธิ์', '', 23),
(307, 'โนนดินแดง', '', 23),
(308, 'โนนสุวรรณ', '', 23),
(309, 'บ้านกรวด', '', 23),
(310, 'บ้านด่าน', '', 23),
(311, 'บ้านใหม่ไชยพจน์', '', 23),
(312, 'ประโคนชัย', '', 23),
(313, 'ปะคำ', '', 23),
(314, 'พลับพลาชัย', '', 23),
(315, 'พุทไธสง', '', 23),
(316, 'เมืองบุรีรัมย์', '', 23),
(317, 'ละหานทราย', '', 23),
(318, 'ลำปลายมาศ', '', 23),
(319, 'สตึก', '', 23),
(320, 'หนองกี่', '', 23),
(321, 'หนองหงส์', '', 23),
(322, 'ห้วยราช', '', 23),
(323, 'เซกา', '', 24),
(324, 'โซ่พิสัย', '', 24),
(325, 'เมืองบึงกาฬ', '', 24),
(326, 'บึงโขงหลง', '', 24),
(327, 'บุ่งคล้า', '', 24),
(328, 'ปากคาด', '', 24),
(329, 'พรเจริญ', '', 24),
(330, 'ศรีวิไล', '', 24),
(331, 'กันทรวิชัย', '', 25),
(332, 'กุดรัง', '', 25),
(333, 'แกดำ', '', 25),
(334, 'โกสุมพิสัย', '', 25),
(335, 'ชื่นชม', '', 25),
(336, 'เชียงยืน', '', 25),
(337, 'นาเชือก', '', 25),
(338, 'นาดูน', '', 25),
(339, 'บรบือ', '', 25),
(340, 'พยัคฆภูมิพิสัย', '', 25),
(341, 'เมืองมหาสารคาม', '', 25),
(342, 'ยางสีสุราช', '', 25),
(343, 'วาปีปทุม', '', 25),
(344, 'คำชะอี', '', 26),
(345, 'ดงหลวง', '', 26),
(346, 'ดอนตาล', '', 26),
(347, 'นิคมคำสร้อย', '', 26),
(348, 'เมืองมุกดาหาร', '', 26),
(349, 'หนองสูง', '', 26),
(350, 'หว้านใหญ่', '', 26),
(351, 'กุดชุม', '', 27),
(352, 'ค้อวัง', '', 27),
(353, 'คำเขื่อนแก้ว', '', 27),
(354, 'ทรายมูล', '', 27),
(355, 'ไทยเจริญ', '', 27),
(356, 'ป่าติ้ว', '', 27),
(357, 'มหาชนะชัย', '', 27),
(358, 'เมืองยโสธร', '', 27),
(359, 'เลิงนกทา', '', 27),
(360, 'เกษตรวิสัย', '', 28),
(361, 'จตุรพักตรพิมาน', '', 28),
(362, 'จังหาร', '', 28),
(363, 'เชียงขวัญ', '', 28),
(364, 'ทุ่งเขาหลวง', '', 28),
(365, 'ธวัชบุรี', '', 28),
(366, 'ปทุมรัตน์', '', 28),
(367, 'พนมไพร', '', 28),
(368, 'โพธิ์ชัย', '', 28),
(369, 'โพนทราย', '', 28),
(370, 'โพนทอง', '', 28),
(371, 'เมยวดี', '', 28),
(372, 'เมืองร้อยเอ็ด', '', 28),
(373, 'เมืองสรวง', '', 28),
(374, 'ศรีสมเด็จ', '', 28),
(375, 'สุวรรณภูมิ', '', 28),
(376, 'เสลภูมิ', '', 28),
(377, 'หนองพอก', '', 28),
(378, 'หนองฮี', '', 28),
(379, 'อาจสามารถ', '', 28),
(380, 'เชียงคาน', '', 29),
(381, 'ด่านซ้าย', '', 29),
(382, 'ท่าลี่', '', 29),
(383, 'นาด้วง', '', 29),
(384, 'นาแห้ว', '', 29),
(385, 'ปากชม', '', 29),
(386, 'ผาขาว', '', 29),
(387, 'ภูกระดึง', '', 29),
(388, 'ภูเรือ', '', 29),
(389, 'ภูหลวง', '', 29),
(390, 'เมืองเลย', '', 29),
(391, 'วังสะพุง', '', 29),
(392, 'หนองหิน', '', 29),
(393, 'เอราวัณ', '', 29),
(394, 'กันทรลักษ์', '', 30),
(395, 'กันทรารมย์', '', 30),
(396, 'ขุขันธ์', '', 30),
(397, 'ขุนหาญ', '', 30),
(398, 'น้ำเกลี้ยง', '', 30),
(399, 'โนนคูณ', '', 30),
(400, 'บึงบูรพ์', '', 30),
(401, 'เบญจลักษ์', '', 30),
(402, 'ปรางค์กู่', '', 30),
(403, 'พยุห์', '', 30),
(404, 'โพธิ์ศรีสุวรรณ', '', 30),
(405, 'ไพรบึง', '', 30),
(406, 'ภูสิงห์', '', 30),
(407, 'เมืองจันทร์', '', 30),
(408, 'เมืองศรีสะเกษ', '', 30),
(409, 'ยางชุมน้อย', '', 30),
(410, 'ราษีไศล', '', 30),
(411, 'วังหิน', '', 30),
(412, 'ศรีรัตนะ', '', 30),
(413, 'ศิลาลาด', '', 30),
(414, 'ห้วยทับทัน', '', 30),
(415, 'อุทุมพรพิสัย', '', 30),
(416, 'กุดบาก', '', 31),
(417, 'กุสุมาลย์', '', 31),
(418, 'คำตากล้า', '', 31),
(419, 'โคกศรีสุพรรณ', '', 31),
(420, 'เจริญศิลป์', '', 31),
(421, 'เต่างอย', '', 31),
(422, 'นิคมน้ำอูน', '', 31),
(423, 'บ้านม่วง', '', 31),
(424, 'พรรณานิคม', '', 31),
(425, 'พังโคน', '', 31),
(426, 'โพนนาแก้ว', '', 31),
(427, 'ภูพาน', '', 31),
(428, 'เมืองสกลนคร', '', 31),
(429, 'วานรนิวาส', '', 31),
(430, 'วาริชภูมิ', '', 31),
(431, 'สว่างแดนดิน', '', 31),
(432, 'ส่องดาว', '', 31),
(433, 'อากาศอำนวย', '', 31),
(434, 'กาบเชิง', '', 32),
(435, 'เขวาสินรินทร์', '', 32),
(436, 'จอมพระ', '', 32),
(437, 'ชุมพลบุรี', '', 32),
(438, 'ท่าตูม', '', 32),
(439, 'โนนนารายณ์', '', 32),
(440, 'บัวเชด', '', 32),
(441, 'ปราสาท', '', 32),
(442, 'พนมดงรัก', '', 32),
(443, 'เมืองสุรินทร์', '', 32),
(444, 'รัตนบุรี', '', 32),
(445, 'ลำดวน', '', 32),
(446, 'ศรีณรงค์', '', 32),
(447, 'ศีขรภูมิ', '', 32),
(448, 'สนม', '', 32),
(449, 'สังขะ', '', 32),
(450, 'สำโรงทาบ', '', 32),
(451, 'ท่าบ่อ', '', 33),
(452, 'เฝ้าไร่', '', 33),
(453, 'โพธิ์ตาก', '', 33),
(454, 'โพนพิสัย', '', 33),
(455, 'เมืองหนองคาย', '', 33),
(456, 'รัตนวาปี', '', 33),
(457, 'ศรีเชียงใหม่', '', 33),
(458, 'สระใคร', '', 33),
(459, 'สังคม', '', 33),
(460, 'นากลาง', '', 34),
(461, 'นาวัง', '', 34),
(462, 'โนนสัง', '', 34),
(463, 'เมืองหนองบัวลำภู', '', 34),
(464, 'ศรีบุญเรือง', '', 34),
(465, 'สุวรรณคูหา', '', 34),
(466, 'ชานุมาน', '', 35),
(467, 'ปทุมราชวงศา', '', 35),
(468, 'พนา', '', 35),
(469, 'เมืองอำนาจเจริญ', '', 35),
(470, 'ลืออำนาจ', '', 35),
(471, 'เสนางคนิคม', '', 35),
(472, 'หัวตะพาน', '', 35),
(473, 'กุดจับ', '', 36),
(474, 'กุมภวาปี', '', 36),
(475, 'กู่แก้ว', '', 36),
(476, 'ไชยวาน', '', 36),
(477, 'ทุ่งฝน', '', 36),
(478, 'นายูง', '', 36),
(479, 'น้ำโสม', '', 36),
(480, 'โนนสะอาด', '', 36),
(481, 'บ้านดุง', '', 36),
(482, 'บ้านผือ', '', 36),
(483, 'ประจักษ์ศิลปาคม', '', 36),
(484, 'พิบูลรักษ์', '', 36),
(485, 'เพ็ญ', '', 36),
(486, 'เมืองอุดรธานี', '', 36),
(487, 'วังสามหมอ', '', 36),
(488, 'ศรีธาตุ', '', 36),
(489, 'สร้างคอม', '', 36),
(490, 'หนองวัวซอ', '', 36),
(491, 'หนองแสง', '', 36),
(492, 'หนองหาน', '', 36),
(493, 'กุดข้าวปุ้น', '', 37),
(494, 'เขมราฐ', '', 37),
(495, 'เขื่องใน', '', 37),
(496, 'โขงเจียม', '', 37),
(497, 'ดอนมดแดง', '', 37),
(498, 'เดชอุดม', '', 37),
(499, 'ตระการพืชผล', '', 37),
(500, 'ตาลสุม', '', 37),
(501, 'ทุ่งศรีอุดม', '', 37),
(502, 'นาจะหลวย', '', 37),
(503, 'นาตาล', '', 37),
(504, 'นาเยีย', '', 37),
(505, 'น้ำขุ่น', '', 37),
(506, 'น้ำยืน', '', 37),
(507, 'บุณฑริก', '', 37),
(508, 'พิบูลมังสาหาร', '', 37),
(509, 'โพธิ์ไทร', '', 37),
(510, 'ม่วงสามสิบ', '', 37),
(511, 'เมืองอุบลราชธานี', '', 37),
(512, 'วารินชำราบ', '', 37),
(513, 'ศรีเมืองใหม่', '', 37),
(514, 'สว่างวีระวงศ์', '', 37),
(515, 'สำโรง', '', 37),
(516, 'สิรินธร', '', 37),
(517, 'เหล่าเสือโก้ก', '', 37),
(518, 'คลองเตย', '', 38),
(519, 'คลองสาน', '', 38),
(520, 'คลองสามวา', '', 38),
(521, 'คันนายาว', '', 38),
(522, 'จตุจักร', '', 38),
(523, 'จอมทอง', '', 38),
(524, 'ดอนเมือง', '', 38),
(525, 'ดินแดง', '', 38),
(526, 'ดุสิต', '', 38),
(527, 'ตลิ่งชัน', '', 38),
(528, 'ทวีวัฒนา', '', 38),
(529, 'ทุ่งครุ', '', 38),
(530, 'ธนบุรี', '', 38),
(531, 'บางกอกน้อย', '', 38),
(532, 'บางกอกใหญ่', '', 38),
(533, 'บางกะปิ', '', 38),
(534, 'บางขุนเทียน', '', 38),
(535, 'บางเขน', '', 38),
(536, 'บางคอแหลม', '', 38),
(537, 'บางแค', '', 38),
(538, 'บางซื่อ', '', 38),
(539, 'บางนา', '', 38),
(540, 'บางบอน', '', 38),
(541, 'บางพลัด', '', 38),
(542, 'บางรัก', '', 38),
(543, 'บึงกุ่ม', '', 38),
(544, 'ปทุมวัน', '', 38),
(545, 'ประเวศ', '', 38),
(546, 'ป้อมปราบศัตรูพ่าย', '', 38),
(547, 'พญาไท', '', 38),
(548, 'พระโขนง', '', 38),
(549, 'พระนคร', '', 38),
(550, 'ภาษีเจริญ', '', 38),
(551, 'มีนบุรี', '', 38),
(552, 'ยานนาวา', '', 38),
(553, 'ราชเทวี', '', 38),
(554, 'ราษฎร์บูรณะ', '', 38),
(555, 'ลาดกระบัง', '', 38),
(556, 'ลาดพร้าว', '', 38),
(557, 'วังทองหลาง', '', 38),
(558, 'วัฒนา', '', 38),
(559, 'สวนหลวง', '', 38),
(560, 'สะพานสูง', '', 38),
(561, 'สัมพันธวงศ์', '', 38),
(562, 'สาทร', '', 38),
(563, 'สายไหม', '', 38),
(564, 'หนองแขม', '', 38),
(565, 'หนองจอก', '', 38),
(566, 'หลักสี่', '', 38),
(567, 'ห้วยขวาง', '', 38),
(568, 'ด่านมะขามเตี้ย', '', 39),
(569, 'ทองผาภูมิ', '', 39),
(570, 'ท่าม่วง', '', 39),
(571, 'ท่ามะกา', '', 39),
(572, 'ไทรโยค', '', 39),
(573, 'บ่อพลอย', '', 39),
(574, 'พนมทวน', '', 39),
(575, 'เมืองกาญจนบุรี', '', 39),
(576, 'เลาขวัญ', '', 39),
(577, 'ศรีสวัสดิ์', '', 39),
(578, 'สังขละบุรี', '', 39),
(579, 'หนองปรือ', '', 39),
(580, 'ห้วยกระเจา', '', 39),
(581, 'คลองเขื่อน', '', 40),
(582, 'ท่าตะเกียบ', '', 40),
(583, 'บางคล้า', '', 40),
(584, 'บางน้ำเปรี้ยว', '', 40),
(585, 'บางปะกง', '', 40),
(586, 'บ้านโพธิ์', '', 40),
(587, 'แปลงยาว', '', 40),
(588, 'พนมสารคาม', '', 40),
(589, 'เมืองฉะเชิงเทรา', '', 40),
(590, 'ราชสาส์น', '', 40),
(591, 'สนามชัยเขต', '', 40),
(592, 'เนินขาม', '', 41),
(593, 'มโนรมย์', '', 41),
(594, 'เมืองชัยนาท', '', 41),
(595, 'วัดสิงห์', '', 41),
(596, 'สรรคบุรี', '', 41),
(597, 'สรรพยา', '', 41),
(598, 'หนองมะโมง', '', 41),
(599, 'หันคา', '', 41),
(600, 'บ้านนา', '', 42),
(601, 'ปากพลี', '', 42),
(602, 'เมืองนครนายก', '', 42),
(603, 'องครักษ์', '', 42),
(604, 'กำแพงแสน', '', 43),
(605, 'ดอนตูม', '', 43),
(606, 'นครชัยศรี', '', 43),
(607, 'บางเลน', '', 43),
(608, 'พุทธมณฑล', '', 43),
(609, 'เมืองนครปฐม', '', 43),
(610, 'สามพราน', '', 43),
(611, 'ไทรน้อย', '', 44),
(612, 'บางกรวย', '', 44),
(613, 'บางบัวทอง', '', 44),
(614, 'บางใหญ่', '', 44),
(615, 'ปากเกร็ด', '', 44),
(616, 'เมืองนนทบุรี', '', 44),
(617, 'คลองหลวง', '', 45),
(618, 'ธัญบุรี', '', 45),
(619, 'เมืองปทุมธานี', '', 45),
(620, 'ลาดหลุมแก้ว', '', 45),
(621, 'ลำลูกกา', '', 45),
(622, 'สามโคก', '', 45),
(623, 'หนองเสือ', '', 45),
(624, 'กุยบุรี', '', 46),
(625, 'ทับสะแก', '', 46),
(626, 'บางสะพาน', '', 46),
(627, 'บางสะพานน้อย', '', 46),
(628, 'ปราณบุรี', '', 46),
(629, 'เมืองประจวบคีรีขันธ์', '', 46),
(630, 'สามร้อยยอด', '', 46),
(631, 'หัวหิน', '', 46),
(632, 'กบินทร์บุรี', '', 47),
(633, 'นาดี', '', 47),
(634, 'บ้านสร้าง', '', 47),
(635, 'ประจันตคาม', '', 47),
(636, 'เมืองปราจีนบุรี', '', 47),
(637, 'ศรีมหาโพธิ', '', 47),
(638, 'ศรีมโหสถ', '', 47),
(639, 'ท่าเรือ', '', 48),
(640, 'นครหลวง', '', 48),
(641, 'บางซ้าย', '', 48),
(642, 'บางไทร', '', 48),
(643, 'บางบาล', '', 48),
(644, 'บางปะหัน', '', 48),
(645, 'บางปะอิน', '', 48),
(646, 'บ้านแพรก', '', 48),
(647, 'ผักไห่', '', 48),
(648, 'พระนครศรีอยุธยา', '', 48),
(649, 'ภาชี', '', 48),
(650, 'มหาราช', '', 48),
(651, 'ลาดบัวหลวง', '', 48),
(652, 'วังน้อย', '', 48),
(653, 'เสนา', '', 48),
(654, 'อุทัย', '', 48),
(655, 'แก่งกระจาน', '', 49),
(656, 'เขาย้อย', '', 49),
(657, 'ชะอำ', '', 49),
(658, 'ท่ายาง', '', 49),
(659, 'บ้านลาด', '', 49),
(660, 'บ้านแหลม', '', 49),
(661, 'เมืองเพชรบุรี', '', 49),
(662, 'หนองหญ้าปล้อง', '', 49),
(663, 'จอมบึง', '', 50),
(664, 'ดำเนินสะดวก', '', 50),
(665, 'บางแพ', '', 50),
(666, 'บ้านคา', '', 50),
(667, 'บ้านโป่ง', '', 50),
(668, 'ปากท่อ', '', 50),
(669, 'โพธาราม', '', 50),
(670, 'เมืองราชบุรี', '', 50),
(671, 'วัดเพลง', '', 50),
(672, 'สวนผึ้ง', '', 50),
(673, 'โคกเจริญ', '', 51),
(674, 'โคกสำโรง', '', 51),
(675, 'ชัยบาดาล', '', 51),
(676, 'ท่าวุ้ง', '', 51),
(677, 'ท่าหลวง', '', 51),
(678, 'บ้านหมี่', '', 51),
(679, 'พัฒนานิคม', '', 51),
(680, 'เมืองลพบุรี', '', 51),
(681, 'ลำสนธิ', '', 51),
(682, 'สระโบสถ์', '', 51),
(683, 'หนองม่วง', '', 51),
(684, 'บางบ่อ', '', 52),
(685, 'บางพลี', '', 52),
(686, 'บางเสาธง', '', 52),
(687, 'พระประแดง', '', 52),
(688, 'พระสมุทรเจดีย์', '', 52),
(689, 'เมืองสมุทรปราการ', '', 52),
(690, 'บางคนที', '', 53),
(691, 'เมืองสมุทรสงคราม', '', 53),
(692, 'อัมพวา', '', 53),
(693, 'กระทุ่มแบน', '', 54),
(694, 'บ้านแพ้ว', '', 54),
(695, 'เมืองสมุทรสาคร', '', 54),
(696, 'เขาฉกรรจ์', '', 55),
(697, 'คลองหาด', '', 55),
(698, 'โคกสูง', '', 55),
(699, 'ตาพระยา', '', 55),
(700, 'เมืองสระแก้ว', '', 55),
(701, 'วังน้ำเย็น', '', 55),
(702, 'วังสมบูรณ์', '', 55),
(703, 'วัฒนานคร', '', 55),
(704, 'อรัญประเทศ', '', 55),
(705, 'แก่งคอย', '', 56),
(706, 'เฉลิมพระเกียรติ', '', 56),
(707, 'ดอนพุด', '', 56),
(708, 'บ้านหมอ', '', 56),
(709, 'พระพุทธบาท', '', 56),
(710, 'มวกเหล็ก', '', 56),
(711, 'เมืองสระบุรี', '', 56),
(712, 'วังม่วง', '', 56),
(713, 'วิหารแดง', '', 56),
(714, 'เสาไห้', '', 56),
(715, 'หนองแค', '', 56),
(716, 'หนองแซง', '', 56),
(717, 'หนองโดน', '', 56),
(718, 'ค่ายบางระจัน', '', 57),
(719, 'ท่าช้าง', '', 57),
(720, 'บางระจัน', '', 57),
(721, 'พรหมบุรี', '', 57),
(722, 'เมืองสิงห์บุรี', '', 57),
(723, 'อินทร์บุรี', '', 57),
(724, 'ดอนเจดีย์', '', 58),
(725, 'ด่านช้าง', '', 58),
(726, 'เดิมบางนางบวช', '', 58),
(727, 'บางปลาม้า', '', 58),
(728, 'เมืองสุพรรณบุรี', '', 58),
(729, 'ศรีประจันต์', '', 58),
(730, 'สองพี่น้อง', '', 58),
(731, 'สามชุก', '', 58),
(732, 'หนองหญ้าไซ', '', 58),
(733, 'อู่ทอง', '', 58),
(734, 'ไชโย', '', 59),
(735, 'ป่าโมก', '', 59),
(736, 'โพธิ์ทอง', '', 59),
(737, 'เมืองอ่างทอง', '', 59),
(738, 'วิเศษชัยชาญ', '', 59),
(739, 'สามโก้', '', 59),
(740, 'แสวงหา', '', 59),
(741, 'แก่งหางแมว', '', 60),
(742, 'ขลุง', '', 60),
(743, 'เขาคิชฌกูฎ', '', 60),
(744, 'ท่าใหม่', '', 60),
(745, 'นายายอาม', '', 60),
(746, 'โป่งน้ำร้อน', '', 60),
(747, 'มะขาม', '', 60),
(748, 'เมืองจันทบุรี', '', 60),
(749, 'สอยดาว', '', 60),
(750, 'แหลมสิงห์', '', 60),
(751, 'เกาะจันทร์', '', 61),
(752, 'เกาะสีชัง', '', 61),
(753, 'บ่อทอง', '', 61),
(754, 'บางละมุง', '', 61),
(755, 'บ้านบึง', '', 61),
(756, 'พนัสนิคม', '', 61),
(757, 'พานทอง', '', 61),
(758, 'เมืองชลบุรี', '', 61),
(759, 'ศรีราชา', '', 61),
(760, 'สัตหีบ', '', 61),
(761, 'หนองใหญ่', '', 61),
(762, 'เกาะกูด', '', 62),
(763, 'เกาะช้าง', '', 62),
(764, 'เขาสมิง', '', 62),
(765, 'คลองใหญ่', '', 62),
(766, 'บ่อไร่', '', 62),
(767, 'เมืองตราด', '', 62),
(768, 'แหลมงอบ', '', 62),
(769, 'แกลง', '', 63),
(770, 'เขาชะเมา', '', 63),
(771, 'นิคมพัฒนา', '', 63),
(772, 'บ้านค่าย', '', 63),
(773, 'บ้านฉาง', '', 63),
(774, 'ปลวกแดง', '', 63),
(775, 'เมืองระยอง', '', 63),
(776, 'วังจันทร์', '', 63),
(777, 'เกาะลันตา', '', 64),
(778, 'เขาพนม', '', 64),
(779, 'คลองท่อม', '', 64),
(780, 'ปลายพระยา', '', 64),
(781, 'เมืองกระบี่', '', 64),
(782, 'ลำทับ', '', 64),
(783, 'เหนือคลอง', '', 64),
(784, 'อ่าวลึก', '', 64),
(785, 'ท่าแซะ', '', 65),
(786, 'ทุ่งตะโก', '', 65),
(787, 'ปะทิว', '', 65),
(788, 'พะโต๊ะ', '', 65),
(789, 'เมืองชุมพร', '', 65),
(790, 'ละแม', '', 65),
(791, 'สวี', '', 65),
(792, 'หลังสวน', '', 65),
(793, 'กันตัง', '', 66),
(794, 'นาโยง', '', 66),
(795, 'ปะเหลียน', '', 66),
(796, 'เมืองตรัง', '', 66),
(797, 'ย่านตาขาว', '', 66),
(798, 'รัษฎา', '', 66),
(799, 'วังวิเศษ', '', 66),
(800, 'สิเกา', '', 66),
(801, 'ห้วยยอด', '', 66),
(802, 'หาดสำราญ', '', 66),
(803, 'ขนอม', '', 67),
(804, 'จุฬาภรณ์', '', 67),
(805, 'ฉวาง', '', 67),
(806, 'เฉลิมพระเกียรติ', '', 67),
(807, 'ชะอวด', '', 67),
(808, 'ช้างกลาง', '', 67),
(809, 'เชียรใหญ่', '', 67),
(810, 'ถ้ำพรรณรา', '', 67),
(811, 'ท่าศาลา', '', 67),
(812, 'ทุ่งสง', '', 67),
(813, 'ทุ่งใหญ่', '', 67),
(814, 'นบพิตำ', '', 67),
(815, 'นาบอน', '', 67),
(816, 'บางขัน', '', 67),
(817, 'ปากพนัง', '', 67),
(818, 'พรหมคีรี', '', 67),
(819, 'พระพรหม', '', 67),
(820, 'พิปูน', '', 67),
(821, 'เมืองนครศรีธรรมราช', '', 67),
(822, 'ร่อนพิบูลย์', '', 67),
(823, 'ลานสกา', '', 67),
(824, 'สิชล', '', 67),
(825, 'หัวไทร', '', 67),
(826, 'จะแนะ', '', 68),
(827, 'เจาะไอร้อง', '', 68),
(828, 'ตากใบ', '', 68),
(829, 'บาเจาะ', '', 68),
(830, 'เมืองนราธิวาส', '', 68),
(831, 'ยี่งอ', '', 68),
(832, 'ระแงะ', '', 68),
(833, 'รือเสาะ', '', 68),
(834, 'แว้ง', '', 68),
(835, 'ศรีสาคร', '', 68),
(836, 'สุคิริน', '', 68),
(837, 'สุไหงโก-ลก', '', 68),
(838, 'สุไหงปาดี', '', 68),
(839, 'กะพ้อ', '', 69),
(840, 'โคกโพธิ์', '', 69),
(841, 'ทุ่งยางแดง', '', 69),
(842, 'ปะนาเระ', '', 69),
(843, 'มายอ', '', 69),
(844, 'เมืองปัตตานี', '', 69),
(845, 'แม่ลาน', '', 69),
(846, 'ไม้แก่น', '', 69),
(847, 'ยะรัง', '', 69),
(848, 'ยะหริ่ง', '', 69),
(849, 'สายบุรี', '', 69),
(850, 'หนองจิก', '', 69),
(851, 'กะปง', '', 70),
(852, 'เกาะยาว', '', 70),
(853, 'คุระบุรี', '', 70),
(854, 'ตะกั่วทุ่ง', '', 70),
(855, 'ตะกั่วป่า', '', 70),
(856, 'ทับปุด', '', 70),
(857, 'ท้ายเหมือง', '', 70),
(858, 'เมืองพังงา', '', 70),
(859, 'กงหรา', '', 71),
(860, 'เขาชัยสน', '', 71),
(861, 'ควนขนุน', '', 71),
(862, 'ตะโหมด', '', 71),
(863, 'บางแก้ว', '', 71),
(864, 'ปากพะยูน', '', 71),
(865, 'ป่าบอน', '', 71),
(866, 'ป่าพะยอม', '', 71),
(867, 'เมืองพัทลุง', '', 71),
(868, 'ศรีนครินทร์', '', 71),
(869, 'ศรีบรรพต', '', 71),
(870, 'กะทู้', '', 72),
(871, 'ถลาง', '', 72),
(872, 'เมืองภูเก็ต', '', 72),
(873, 'กรงปินัง', '', 73),
(874, 'กาบัง', '', 73),
(875, 'ธารโต', '', 73),
(876, 'บันนังสตา', '', 73),
(877, 'เบตง', '', 73),
(878, 'เมืองยะลา', '', 73),
(879, 'ยะหา', '', 73),
(880, 'รามัน', '', 73),
(881, 'กระบุรี', '', 74),
(882, 'กะเปอร์', '', 74),
(883, 'เมืองระนอง', '', 74),
(884, 'ละอุ่น', '', 74),
(885, 'สุขสำราญ', '', 74),
(886, 'กระแสสินธุ์', '', 75),
(887, 'คลองหอยโข่ง', '', 75),
(888, 'ควนเนียง', '', 75),
(889, 'จะนะ', '', 75),
(890, 'เทพา', '', 75),
(891, 'นาทวี', '', 75),
(892, 'นาหม่อม', '', 75),
(893, 'บางกล่ำ', '', 75),
(894, 'เมืองสงขลา', '', 75),
(895, 'ระโนด', '', 75),
(896, 'รัตภูมิ', '', 75),
(897, 'สทิงพระ', '', 75),
(898, 'สะเดา', '', 75),
(899, 'สะบ้าย้อย', '', 75),
(900, 'สิงหนคร', '', 75),
(901, 'หาดใหญ่', '', 75),
(902, 'ควนกาหลง', '', 76),
(903, 'ควนโดน', '', 76),
(904, 'ท่าแพ', '', 76),
(905, 'ทุ่งหว้า', '', 76),
(906, 'มะนัง', '', 76),
(907, 'เมืองสตูล', '', 76),
(908, 'ละงู', '', 76),
(909, 'กาญจนดิษฐ์', '', 77),
(910, 'เกาะพะงัน', '', 77),
(911, 'เกาะสมุย', '', 77),
(912, 'คีรีรัฐนิคม', '', 77),
(913, 'เคียนซา', '', 77),
(914, 'ชัยบุรี', '', 77),
(915, 'ไชยา', '', 77),
(916, 'ดอนสัก', '', 77),
(917, 'ท่าฉาง', '', 77),
(918, 'ท่าชนะ', '', 77),
(919, 'บ้านตาขุน', '', 77),
(920, 'บ้านนาเดิม', '', 77),
(921, 'บ้านนาสาร', '', 77),
(922, 'พนม', '', 77),
(923, 'พระแสง', '', 77),
(924, 'พุนพิน', '', 77),
(925, 'เมืองสุราษฎร์ธานี', '', 77),
(926, 'วิภาวดี', '', 77),
(927, 'เวียงสระ', '', 77);

-- --------------------------------------------------------

--
-- Table structure for table `tb_faq`
--

CREATE TABLE IF NOT EXISTS `tb_faq` (
  `fq_id` int(11) NOT NULL,
  `fq_question` text NOT NULL,
  `fq_answer` text NOT NULL,
  `fq_user_id` int(11) NOT NULL,
  `fq_timestamp` timestamp NOT NULL DEFAULT CURRENT_TIMESTAMP
) ENGINE=InnoDB DEFAULT CHARSET=utf8;

-- --------------------------------------------------------

--
-- Table structure for table `tb_media_type`
--

CREATE TABLE IF NOT EXISTS `tb_media_type` (
  `mt_id` smallint(6) unsigned NOT NULL,
  `mt_name` varchar(40) NOT NULL DEFAULT ''
) ENGINE=InnoDB AUTO_INCREMENT=10 DEFAULT CHARSET=utf8;

--
-- Dumping data for table `tb_media_type`
--

INSERT INTO `tb_media_type` (`mt_id`, `mt_name`) VALUES
(1, 'SMS'),
(2, 'Online Media'),
(3, 'Billboard / Banner'),
(4, 'Directional Signage'),
(5, 'Booth'),
(6, 'Friends'),
(7, 'Newspaper'),
(8, 'Magazine'),
(9, 'Leaflet / DM');

-- --------------------------------------------------------

--
-- Table structure for table `tb_nationality`
--

CREATE TABLE IF NOT EXISTS `tb_nationality` (
  `nt_id` int(11) NOT NULL,
  `nt_nationality` varchar(100) DEFAULT NULL
) ENGINE=MyISAM AUTO_INCREMENT=193 DEFAULT CHARSET=utf8;

--
-- Dumping data for table `tb_nationality`
--

INSERT INTO `tb_nationality` (`nt_id`, `nt_nationality`) VALUES
(1, 'Afghan'),
(2, 'Albanian'),
(3, 'Algerian'),
(4, 'Andorran'),
(5, 'Angolan'),
(6, 'Antiguans, Barbudans'),
(7, 'Argentinean'),
(8, 'Armenian'),
(9, 'Australian'),
(10, 'Austrian'),
(11, 'Azerbaijani'),
(12, 'Bahamian'),
(13, 'Bahraini'),
(14, 'Bangladeshi'),
(15, 'Barbadian'),
(16, 'Belarusian'),
(17, 'Belgian'),
(18, 'Belizean'),
(19, 'Beninese'),
(20, 'Bhutanese'),
(21, 'Bolivian'),
(22, 'Bosnian, Herzegovinian'),
(23, 'Motswana (singular), Batswana (plural)'),
(24, 'Brazilian'),
(25, 'Bruneian'),
(26, 'Bulgarian'),
(27, 'Burkinabe'),
(28, 'Burundian'),
(29, 'Cambodian'),
(30, 'Cameroonian'),
(31, 'Canadian'),
(32, 'Cape Verdian'),
(33, 'Central African'),
(34, 'Chadian'),
(35, 'Chilean'),
(36, 'Chinese'),
(37, 'Colombian'),
(38, 'Comoran'),
(39, 'Congolese'),
(40, 'Congolese'),
(41, 'Costa Rican'),
(42, 'Ivorian'),
(43, 'Croatian'),
(44, 'Cuban'),
(45, 'Cypriot'),
(46, 'Czech'),
(47, 'Danish'),
(48, 'Djibouti'),
(49, 'Dominican'),
(50, 'Dominican'),
(51, 'East Timorese'),
(52, 'Ecuadorean'),
(53, 'Egyptian'),
(54, 'Salvadoran'),
(55, 'Equatorial Guinean'),
(56, 'Eritrean'),
(57, 'Estonian'),
(58, 'Ethiopian'),
(59, 'Fijian'),
(60, 'Finnish'),
(61, 'French'),
(62, 'Gabonese'),
(63, 'Gambian'),
(64, 'Georgian'),
(65, 'German'),
(66, 'Ghanaian'),
(67, 'Greek'),
(68, 'Grenadian'),
(69, 'Guatemalan'),
(70, 'Guinean'),
(71, 'Guinea-Bissauan'),
(72, 'Guyanese'),
(73, 'Haitian'),
(74, 'Honduran'),
(75, 'Hungarian'),
(76, 'Icelander'),
(77, 'Indian'),
(78, 'Indonesian'),
(79, 'Iranian'),
(80, 'Iraqi'),
(81, 'Irish'),
(82, 'Israeli'),
(83, 'Italian'),
(84, 'Jamaican'),
(85, 'Japanese'),
(86, 'Jordanian'),
(87, 'Kazakhstani'),
(88, 'Kenyan'),
(89, 'I-Kiribati'),
(90, 'North Korean'),
(91, 'South Korean'),
(92, 'Kuwaiti'),
(93, 'Kirghiz'),
(94, 'Laotian'),
(95, 'Latvian'),
(96, 'Lebanese'),
(97, 'Mosotho'),
(98, 'Liberian'),
(99, 'Libyan'),
(100, 'Liechtensteiner'),
(101, 'Lithuanian'),
(102, 'Luxembourger'),
(103, 'Macedonian'),
(104, 'Malagasy'),
(105, 'Malawian'),
(106, 'Malaysian'),
(107, 'Maldivan'),
(108, 'Malian'),
(109, 'Maltese'),
(110, 'Marshallese'),
(111, 'Mauritanian'),
(112, 'Mauritian'),
(113, 'Mexican'),
(114, 'Micronesian'),
(115, 'Moldovan'),
(116, 'Monegasque'),
(117, 'Mongolian'),
(118, 'Moroccan'),
(119, 'Mozambican'),
(120, 'Burmese'),
(121, 'Namibian'),
(122, 'Nauruan'),
(123, 'Nepalese'),
(124, 'Dutch'),
(125, 'New Zealander'),
(126, 'Nicaraguan'),
(127, 'Nigerien'),
(128, 'Nigerian'),
(129, 'Norwegian'),
(130, 'Omani'),
(131, 'Pakistani'),
(132, 'Palauan'),
(133, 'Panamanian'),
(134, 'Papua New Guinean'),
(135, 'Paraguayan'),
(136, 'Peruvian'),
(137, 'Filipino'),
(138, 'Polish'),
(139, 'Portuguese'),
(140, 'Qatari'),
(141, 'Romanian'),
(142, 'Russian'),
(143, 'Rwandan'),
(144, 'Kittian and Nevisian'),
(145, 'Saint Lucian'),
(146, 'Samoan'),
(147, 'Sammarinese'),
(148, 'Sao Tomean'),
(149, 'Saudi Arabian'),
(150, 'Senegalese'),
(151, 'Serbian'),
(152, 'Seychellois'),
(153, 'Sierra Leonean'),
(154, 'Singaporean'),
(155, 'Slovak'),
(156, 'Slovene'),
(157, 'Solomon Islander'),
(158, 'Somali'),
(159, 'South African'),
(160, 'Spanish'),
(161, 'Sri Lankan'),
(162, 'Sudanese'),
(163, 'Surinamer'),
(164, 'Swazi'),
(165, 'Swedish'),
(166, 'Swiss'),
(167, 'Syrian'),
(168, 'Taiwanese'),
(169, 'Tadzhik'),
(170, 'Tanzanian'),
(171, 'Thai'),
(172, 'Togolese'),
(173, 'Tongan'),
(174, 'Trinidadian'),
(175, 'Tunisian'),
(176, 'Turkish'),
(177, 'Turkmen'),
(178, 'Tuvaluan'),
(179, 'Ugandan'),
(180, 'Ukrainian'),
(181, 'Emirian'),
(182, 'British'),
(183, 'American'),
(184, 'Uruguayan'),
(185, 'Uzbekistani'),
(186, 'Ni-Vanuatu'),
(187, 'none'),
(188, 'Venezuelan'),
(189, 'Vietnamese'),
(190, 'Yemeni'),
(191, 'Zambian'),
(192, 'Zimbabwean');

-- --------------------------------------------------------

--
-- Table structure for table `tb_opportunity_stages`
--

CREATE TABLE IF NOT EXISTS `tb_opportunity_stages` (
  `op_id` int(11) NOT NULL,
  `op_name` varchar(20) NOT NULL,
  `op_rates` int(11) NOT NULL
) ENGINE=MyISAM AUTO_INCREMENT=6 DEFAULT CHARSET=utf8;

--
-- Dumping data for table `tb_opportunity_stages`
--

INSERT INTO `tb_opportunity_stages` (`op_id`, `op_name`, `op_rates`) VALUES
(1, 'First Visit', 10),
(2, 'Revisit', 25),
(3, 'Approach', 50),
(4, 'Dead Deal', 0),
(5, 'Customer', 100);

-- --------------------------------------------------------

--
-- Table structure for table `tb_permission`
--

CREATE TABLE IF NOT EXISTS `tb_permission` (
  `pm_id` int(11) NOT NULL,
  `pm_name` varchar(100) NOT NULL,
  `pm_calendar` varchar(10) DEFAULT NULL,
  `pm_leads` varchar(4) DEFAULT '0',
  `pm_customer` varchar(4) DEFAULT '0',
  `pm_quotation` varchar(4) DEFAULT '0',
  `pm_booking` varchar(4) DEFAULT '0',
  `pm_contract` varchar(4) DEFAULT '0',
  `pm_transfer` varchar(4) DEFAULT '0',
  `pm_upload` varchar(4) DEFAULT '0',
  `pm_receipt` varchar(7) DEFAULT '0',
  `pm_payment` varchar(1) DEFAULT '0',
  `pm_update_promotion` varchar(6) DEFAULT '0',
  `pm_letter` varchar(2) DEFAULT NULL,
  `pm_room_sts` varchar(4) DEFAULT NULL,
  `pm_cancelation` varchar(4) DEFAULT '0',
  `pm_table_report` varchar(4) DEFAULT NULL,
  `pm_setting` varchar(4) DEFAULT '0',
  `pm_project_add` varchar(4) DEFAULT '0',
  `pm_user` varchar(4) DEFAULT '0',
  `pm_sms` varchar(4) NOT NULL,
  `pm_room` varchar(4) DEFAULT '0',
  `pm_assign` varchar(4) DEFAULT '0',
  `pm_permission` varchar(4) DEFAULT '0',
  `pm_project` varchar(4) DEFAULT '0',
  `pm_project_info` varchar(4) DEFAULT '0',
  `pm_project_building` varchar(4) DEFAULT '0',
  `pm_project_floor` varchar(4) DEFAULT '0',
  `pm_project_unit_type` varchar(4) DEFAULT '0',
  `pm_project_unit_number` varchar(4) DEFAULT '0',
  `pm_project_price` varchar(4) DEFAULT '0',
  `pm_project_promotion` varchar(4) DEFAULT '0',
  `pm_project_payment_terms` varchar(4) DEFAULT '0',
  `pm_project_terms_and_conditions` varchar(4) DEFAULT '0',
  `pm_dashboard` varchar(2) NOT NULL,
  `pm_chart_report` varchar(20) DEFAULT NULL,
  `pm_overdue` varchar(4) DEFAULT NULL,
  `pm_authorize_user` varchar(4) DEFAULT NULL,
  `pm_refered_letter` varchar(4) DEFAULT NULL,
  `pm_email` varchar(4) DEFAULT NULL,
  `pm_survey` varchar(4) DEFAULT NULL,
  `pm_faq` varchar(10) DEFAULT NULL,
  `pm_sts_active` varchar(3) NOT NULL DEFAULT 'on'
) ENGINE=MyISAM AUTO_INCREMENT=6 DEFAULT CHARSET=utf8;

--
-- Dumping data for table `tb_permission`
--

INSERT INTO `tb_permission` (`pm_id`, `pm_name`, `pm_calendar`, `pm_leads`, `pm_customer`, `pm_quotation`, `pm_booking`, `pm_contract`, `pm_transfer`, `pm_upload`, `pm_receipt`, `pm_payment`, `pm_update_promotion`, `pm_letter`, `pm_room_sts`, `pm_cancelation`, `pm_table_report`, `pm_setting`, `pm_project_add`, `pm_user`, `pm_sms`, `pm_room`, `pm_assign`, `pm_permission`, `pm_project`, `pm_project_info`, `pm_project_building`, `pm_project_floor`, `pm_project_unit_type`, `pm_project_unit_number`, `pm_project_price`, `pm_project_promotion`, `pm_project_payment_terms`, `pm_project_terms_and_conditions`, `pm_dashboard`, `pm_chart_report`, `pm_overdue`, `pm_authorize_user`, `pm_refered_letter`, `pm_email`, `pm_survey`, `pm_faq`, `pm_sts_active`) VALUES
(0, 'Admin', '0', '21', '21', '21', '21', '21', '345', '1', '7654321', '1', '654020', '0', '20', '4321', '321', '4973', '421', '421', '21', '421', '421', '421', '2868', '1', '421', '421', '421', '421', '321', '421', '421', '20', '20', '12456789abfgjk', '21', '21', '0', '21', '4301', NULL, 'on'),
(2, 'Accounting', NULL, '0', '20', '20', '20', '20', '0', '0', '321', '1', '0', '0', '0', '0', NULL, '0', '0', '0', '0', '0', '0', '0', '0', '0', '0', '0', '0', '0', '0', '0', '0', '0', '0', '', '0', '0', '0', '0', '0', NULL, 'on'),
(3, 'Sale', '0', '21', '21', '21', '21', '21', '', '0', '300', '1', '0', '0', '20', '0', NULL, '0', '0', '0', '0', '0', '0', '0', '0', '0', '0', '0', '0', '0', '0', '0', '0', '0', '0', '', '0', '20', '0', '0', '4300', NULL, 'on'),
(1, 'Project Manager', NULL, '21', '21', '21', '21', '21', '', '1', '320', '1', '654321', '21', '21', '4321', NULL, '0', '0', '0', '0', '0', '0', '0', '0', '0', '0', '0', '0', '0', '0', '0', '0', '0', '0', '123456', '21', '0', '0', '0', '4300', NULL, 'on'),
(4, 'Sale Manager', NULL, '21', '21', '21', '21', '21', '0', '0', '320', '1', '0', '21', '20', '0', NULL, '0', '0', '0', '0', '0', '0', '0', '0', '0', '0', '0', '0', '0', '0', '0', '0', '0', '0', '123456', '21', '0', '0', '0', '4300', NULL, 'on'),
(5, 'Account Manager', NULL, '0', '20', '20', '20', '20', '', '0', '7050321', '1', '0', '0', '20', '0', NULL, '0', '0', '0', '0', '0', '0', '0', '0', '0', '0', '0', '0', '0', '0', '0', '0', '0', '0', '89ef', '0', '0', '0', '0', '0', NULL, 'on');

-- --------------------------------------------------------

--
-- Table structure for table `tb_postcode`
--

CREATE TABLE IF NOT EXISTS `tb_postcode` (
  `pc_id` int(10) NOT NULL,
  `pc_code` int(11) NOT NULL,
  `pc_district_id` int(10) NOT NULL
) ENGINE=MyISAM DEFAULT CHARSET=utf8 COLLATE=utf8_unicode_ci;

--
-- Dumping data for table `tb_postcode`
--

INSERT INTO `tb_postcode` (`pc_id`, `pc_code`, `pc_district_id`) VALUES
(1, 62000, 1),
(2, 62130, 2),
(3, 62140, 2),
(4, 62130, 2),
(5, 62140, 2),
(6, 62130, 2),
(7, 62120, 3),
(8, 62180, 4),
(9, 62190, 5),
(10, 62150, 6),
(11, 62210, 7),
(12, 62120, 8),
(13, 62110, 9),
(14, 62000, 10),
(15, 62160, 10),
(16, 62000, 10),
(17, 62160, 10),
(18, 62000, 10),
(19, 62170, 11),
(20, 57340, 12),
(21, 57140, 13),
(22, 57150, 14),
(23, 57110, 15),
(24, 57160, 16),
(25, 57230, 16),
(26, 57160, 16),
(27, 57230, 16),
(28, 57160, 16),
(29, 57230, 16),
(30, 57160, 16),
(31, 57230, 16),
(32, 57190, 17),
(33, 57290, 18),
(34, 57120, 19),
(35, 57280, 19),
(36, 57250, 19),
(37, 57120, 19),
(38, 57280, 19),
(39, 57120, 19),
(40, 57000, 20),
(41, 57100, 20),
(42, 57000, 20),
(43, 57100, 20),
(44, 57000, 20),
(45, 57100, 20),
(46, 57000, 20),
(47, 57110, 21),
(48, 57270, 21),
(49, 57110, 21),
(50, 57240, 21),
(51, 57110, 21),
(52, 57240, 21),
(53, 57110, 21),
(54, 57240, 22),
(55, 57110, 22),
(56, 57250, 23),
(57, 57000, 23),
(58, 57180, 24),
(59, 57130, 25),
(60, 57220, 25),
(61, 57130, 25),
(62, 57220, 25),
(63, 57310, 26),
(64, 57210, 27),
(64, 57210, 28),
(65, 57170, 29),
(66, 57260, 29),
(67, 57170, 29),
(68, 57260, 29),
(69, 57170, 29),
(70, 50160, 30),
(71, 50240, 30),
(72, 50160, 30),
(73, 50240, 30),
(74, 50160, 30),
(75, 50170, 31),
(76, 50320, 32),
(77, 50260, 33),
(78, 50220, 34),
(79, 50160, 35),
(80, 50110, 36),
(81, 50320, 36),
(82, 50110, 36),
(83, 50320, 36),
(84, 50110, 36),
(85, 50190, 37),
(86, 50100, 38),
(87, 50300, 38),
(88, 50000, 38),
(89, 50100, 38),
(90, 50300, 38),
(91, 50200, 38),
(92, 50000, 38),
(93, 50100, 38),
(94, 50000, 38),
(95, 50200, 38),
(96, 50000, 38),
(97, 50100, 38),
(98, 50270, 39),
(99, 58130, 39),
(100, 50270, 39),
(101, 58130, 39),
(102, 50270, 39),
(103, 58130, 39),
(104, 50270, 39),
(105, 50150, 40),
(106, 50330, 40),
(107, 50150, 40),
(108, 50180, 41),
(109, 50330, 41),
(110, 50180, 41),
(111, 50360, 42),
(112, 50130, 43),
(113, 50280, 44),
(114, 50350, 45),
(115, 50250, 46),
(116, 50130, 47),
(117, 50210, 48),
(118, 50290, 48),
(119, 50210, 48),
(120, 50290, 48),
(121, 50210, 48),
(122, 50120, 49),
(123, 50140, 50),
(124, 50230, 51),
(125, 50340, 51),
(126, 50230, 51),
(127, 50310, 52),
(128, 50240, 53),
(129, 63150, 54),
(130, 63120, 55),
(131, 63160, 56),
(132, 63000, 57),
(133, 63140, 58),
(134, 63110, 59),
(135, 63000, 60),
(136, 63130, 61),
(137, 63170, 62),
(138, 60230, 63),
(139, 60170, 64),
(140, 60150, 65),
(141, 60120, 66),
(142, 60250, 66),
(143, 60120, 66),
(144, 60250, 66),
(145, 60120, 66),
(146, 60190, 67),
(147, 60260, 68),
(148, 60210, 68),
(149, 60140, 68),
(150, 60210, 68),
(151, 60260, 68),
(152, 60210, 68),
(153, 60140, 68),
(154, 60210, 68),
(155, 60140, 68),
(156, 60160, 69),
(157, 60180, 70),
(158, 60130, 71),
(159, 60220, 72),
(160, 60000, 73),
(161, 60240, 73),
(162, 60000, 73),
(163, 60150, 74),
(163, 60150, 75),
(163, 60150, 76),
(164, 60110, 77),
(165, 55220, 78),
(166, 55130, 78),
(167, 55160, 79),
(168, 55140, 80),
(169, 55130, 81),
(170, 55150, 82),
(171, 55180, 83),
(172, 55220, 84),
(173, 55190, 85),
(174, 55120, 86),
(175, 55000, 87),
(175, 55000, 88),
(176, 55170, 89),
(177, 55110, 90),
(178, 55160, 91),
(179, 55210, 92),
(180, 56150, 93),
(181, 56110, 94),
(182, 56160, 95),
(183, 56120, 96),
(184, 56140, 97),
(185, 56000, 98),
(186, 56110, 99),
(187, 56000, 100),
(188, 56130, 101),
(189, 66210, 102),
(190, 66110, 103),
(191, 66150, 103),
(192, 66110, 103),
(193, 66150, 103),
(194, 66110, 103),
(195, 66230, 104),
(196, 66150, 104),
(197, 66120, 105),
(198, 66210, 105),
(199, 66120, 105),
(200, 66130, 106),
(200, 66130, 107),
(201, 66190, 108),
(202, 66000, 109),
(203, 66170, 109),
(204, 66000, 109),
(205, 66170, 109),
(206, 66140, 110),
(207, 66220, 110),
(208, 66180, 111),
(209, 66160, 112),
(210, 66220, 113),
(211, 66140, 113),
(212, 65170, 114),
(213, 65120, 115),
(214, 65190, 116),
(215, 65110, 117),
(216, 65210, 117),
(217, 65110, 117),
(218, 65210, 117),
(219, 65110, 117),
(220, 65240, 118),
(221, 65140, 118),
(222, 65180, 119),
(223, 65150, 119),
(224, 65180, 119),
(225, 65150, 119),
(226, 65180, 119),
(227, 65150, 119),
(228, 65180, 119),
(229, 65150, 119),
(230, 65230, 120),
(231, 65000, 120),
(232, 65230, 120),
(233, 65000, 120),
(234, 65230, 120),
(235, 65000, 120),
(236, 65220, 121),
(237, 65130, 121),
(238, 65220, 121),
(239, 65130, 121),
(240, 65160, 122),
(241, 67280, 123),
(242, 67270, 123),
(243, 67280, 123),
(244, 67270, 123),
(245, 67150, 124),
(246, 67190, 124),
(247, 67150, 124),
(248, 67190, 124),
(249, 67150, 124),
(250, 67260, 125),
(251, 67160, 126),
(252, 67230, 126),
(253, 67160, 126),
(254, 67000, 127),
(255, 67250, 127),
(256, 67000, 127),
(257, 67210, 127),
(258, 67000, 127),
(259, 67210, 127),
(260, 67000, 127),
(261, 67210, 127),
(262, 67000, 127),
(263, 67240, 128),
(264, 67130, 129),
(265, 67180, 129),
(266, 67130, 129),
(267, 67180, 129),
(268, 67130, 129),
(269, 67180, 129),
(270, 67130, 129),
(271, 67170, 130),
(272, 67140, 131),
(273, 67220, 131),
(274, 67140, 131),
(275, 67220, 131),
(276, 67140, 131),
(277, 67220, 131),
(278, 67120, 132),
(279, 67110, 133),
(280, 54110, 134),
(281, 54000, 135),
(282, 54140, 136),
(283, 54150, 137),
(284, 54160, 138),
(285, 54120, 139),
(286, 54130, 140),
(287, 54000, 140),
(288, 54130, 140),
(289, 54170, 141),
(290, 58140, 142),
(291, 58150, 143),
(292, 58130, 144),
(293, 58000, 145),
(294, 58120, 146),
(295, 58110, 147),
(295, 58110, 148),
(296, 52130, 149),
(297, 52110, 150),
(298, 52120, 151),
(299, 52160, 152),
(300, 52230, 152),
(301, 52160, 152),
(302, 52240, 153),
(303, 52000, 154),
(304, 52100, 154),
(305, 52000, 154),
(306, 52100, 154),
(307, 52000, 154),
(308, 52100, 154),
(309, 52000, 154),
(310, 52100, 154),
(311, 52000, 154),
(312, 52220, 154),
(313, 52000, 154),
(314, 52100, 154),
(315, 52000, 154),
(316, 52150, 155),
(317, 52220, 155),
(318, 52150, 155),
(319, 52180, 156),
(320, 52230, 156),
(321, 52180, 156),
(322, 52220, 157),
(323, 52000, 157),
(324, 52220, 157),
(325, 52140, 158),
(326, 52170, 159),
(327, 52210, 160),
(328, 52190, 161),
(329, 51160, 162),
(330, 51180, 163),
(331, 51130, 164),
(332, 51120, 165),
(333, 51000, 166),
(334, 51150, 166),
(335, 51000, 166),
(336, 51150, 166),
(337, 51170, 167),
(338, 51140, 167),
(339, 51170, 167),
(340, 51140, 167),
(341, 51110, 168),
(342, 51120, 169),
(343, 64170, 170),
(344, 64160, 171),
(345, 64150, 172),
(346, 64230, 172),
(347, 64150, 172),
(348, 64230, 172),
(349, 64140, 173),
(350, 64220, 174),
(351, 64000, 174),
(352, 64210, 174),
(353, 64220, 174),
(354, 64000, 174),
(355, 64210, 174),
(356, 64000, 174),
(357, 64210, 174),
(358, 64180, 175),
(359, 64130, 176),
(360, 64190, 176),
(361, 64130, 176),
(362, 64190, 176),
(363, 64130, 176),
(364, 64120, 177),
(365, 64110, 178),
(366, 53140, 179),
(367, 53230, 180),
(368, 53150, 181),
(369, 53110, 181),
(370, 53150, 181),
(371, 53190, 181),
(372, 53150, 181),
(373, 53190, 181),
(374, 53110, 182),
(375, 53180, 183),
(376, 53120, 184),
(377, 53220, 184),
(378, 53120, 184),
(379, 53220, 184),
(380, 53120, 184),
(381, 53160, 185),
(382, 53000, 186),
(383, 53170, 186),
(384, 53000, 186),
(385, 53170, 186),
(386, 53000, 186),
(387, 53130, 187),
(388, 53210, 187),
(389, 53130, 187),
(390, 53210, 187),
(391, 53130, 187),
(392, 61120, 188),
(393, 61140, 189),
(394, 61180, 189),
(395, 61140, 189),
(396, 61180, 189),
(397, 61000, 190),
(398, 61160, 191),
(399, 61150, 192),
(400, 61130, 193),
(401, 61110, 194),
(402, 61170, 194),
(403, 61110, 194),
(404, 61170, 195),
(405, 46130, 196),
(406, 46110, 197),
(407, 46160, 198),
(408, 46180, 199),
(409, 46130, 200),
(410, 46000, 201),
(411, 46190, 202),
(412, 46160, 203),
(413, 46230, 204),
(414, 46000, 205),
(415, 46120, 206),
(416, 46210, 207),
(417, 46150, 208),
(418, 46140, 209),
(419, 46180, 210),
(420, 46220, 211),
(421, 46240, 212),
(422, 46170, 213),
(423, 40170, 214),
(424, 40280, 215),
(425, 40160, 216),
(426, 40180, 217),
(427, 40130, 218),
(428, 40290, 218),
(429, 40130, 218),
(430, 40290, 218),
(431, 40130, 218),
(432, 40170, 219),
(433, 40310, 220),
(434, 40140, 220),
(435, 40310, 220),
(436, 40140, 220),
(437, 40310, 220),
(438, 40140, 220),
(439, 40310, 220),
(440, 40140, 220),
(441, 40110, 221),
(441, 40110, 222),
(442, 40270, 223),
(443, 40110, 224),
(444, 40340, 225),
(445, 40320, 226),
(446, 40120, 227),
(447, 40350, 228),
(448, 40150, 229),
(449, 40160, 230),
(450, 40000, 231),
(451, 40260, 231),
(452, 40000, 231),
(453, 40260, 231),
(454, 40000, 231),
(455, 40150, 232),
(456, 40230, 233),
(457, 40330, 234),
(458, 40220, 235),
(459, 40150, 236),
(460, 40210, 237),
(461, 40240, 237),
(462, 40210, 237),
(463, 40240, 237),
(464, 40210, 237),
(465, 40240, 237),
(466, 40210, 237),
(467, 40190, 238),
(468, 40250, 239),
(469, 36120, 240),
(470, 36150, 241),
(471, 36140, 242),
(472, 36180, 243),
(473, 36130, 244),
(474, 36220, 244),
(475, 36130, 244),
(475, 36130, 245),
(476, 36230, 246),
(477, 36130, 247),
(478, 36170, 248),
(479, 36190, 249),
(480, 36160, 250),
(481, 36220, 250),
(482, 36160, 250),
(483, 36220, 250),
(484, 36260, 251),
(485, 36110, 252),
(486, 36000, 253),
(487, 36240, 253),
(488, 36000, 253),
(489, 36240, 253),
(490, 36000, 253),
(491, 36240, 253),
(492, 36000, 253),
(493, 36210, 254),
(494, 36250, 255),
(495, 48120, 256),
(496, 48110, 257),
(497, 48130, 258),
(498, 48140, 259),
(499, 48180, 260),
(500, 48140, 261),
(501, 48160, 262),
(502, 48190, 263),
(503, 48000, 264),
(504, 48170, 265),
(505, 48130, 266),
(506, 48150, 267),
(507, 30440, 268),
(508, 30280, 269),
(509, 30290, 270),
(510, 30260, 271),
(511, 30250, 272),
(512, 30230, 273),
(512, 30230, 274),
(513, 30000, 274),
(514, 30230, 274),
(515, 30270, 275),
(516, 30190, 276),
(517, 30210, 277),
(518, 36220, 277),
(519, 30210, 277),
(520, 36220, 277),
(521, 30210, 277),
(521, 30210, 278),
(522, 30360, 279),
(523, 30220, 280),
(524, 30160, 281),
(525, 30420, 281),
(526, 30160, 281),
(527, 30120, 282),
(527, 30120, 283),
(528, 30350, 284),
(529, 30180, 285),
(530, 30150, 286),
(531, 30320, 287),
(532, 30130, 287),
(533, 30320, 287),
(534, 30130, 287),
(535, 30220, 288),
(536, 30110, 289),
(537, 30280, 290),
(538, 30310, 290),
(539, 30000, 290),
(540, 30310, 290),
(541, 30000, 290),
(542, 30310, 290),
(543, 30000, 290),
(544, 30310, 290),
(545, 30000, 290),
(546, 30270, 291),
(546, 30270, 292),
(547, 30370, 293),
(548, 30150, 293),
(549, 30370, 293),
(550, 30140, 294),
(551, 30340, 294),
(552, 30140, 294),
(553, 30340, 294),
(554, 30140, 294),
(555, 30430, 295),
(556, 30380, 296),
(557, 30170, 296),
(558, 30380, 296),
(559, 30170, 296),
(560, 30380, 296),
(561, 30330, 297),
(562, 30410, 298),
(563, 30240, 299),
(564, 31160, 300),
(565, 31190, 301),
(566, 31150, 302),
(567, 31110, 303),
(568, 31170, 303),
(569, 31110, 303),
(569, 31110, 304),
(569, 31110, 305),
(570, 31230, 306),
(571, 31260, 307),
(572, 31110, 308),
(573, 31180, 309),
(574, 31000, 310),
(575, 31120, 311),
(576, 31140, 312),
(577, 31220, 313),
(578, 31250, 314),
(579, 31120, 315),
(580, 31000, 316),
(581, 31170, 317),
(582, 31130, 318),
(583, 31150, 319),
(584, 31210, 320),
(585, 31240, 321),
(586, 31000, 322),
(587, 38150, 323),
(588, 38170, 324),
(589, 38000, 325),
(590, 38220, 326),
(591, 38000, 327),
(592, 38190, 328),
(593, 38180, 329),
(594, 38210, 330),
(595, 44150, 331),
(596, 44130, 332),
(597, 44190, 333),
(598, 44140, 334),
(599, 44160, 335),
(599, 44160, 336),
(600, 44170, 337),
(601, 44180, 338),
(602, 44130, 339),
(603, 44110, 340),
(604, 44000, 341),
(605, 44210, 342),
(606, 44120, 343),
(607, 49110, 344),
(608, 49140, 345),
(609, 49120, 346),
(610, 49130, 347),
(611, 49000, 348),
(612, 49160, 349),
(613, 49150, 350),
(614, 35140, 351),
(615, 35160, 352),
(616, 35110, 353),
(617, 35180, 353),
(618, 35110, 353),
(619, 35180, 353),
(620, 35110, 353),
(621, 35170, 354),
(622, 35120, 355),
(623, 35150, 356),
(624, 35130, 357),
(625, 35000, 358),
(626, 35120, 359),
(627, 45150, 360),
(628, 45180, 361),
(629, 45000, 362),
(629, 45000, 363),
(630, 45170, 363),
(630, 45170, 364),
(630, 45170, 365),
(631, 45190, 366),
(632, 45140, 367),
(633, 45230, 368),
(634, 45240, 369),
(635, 45110, 370),
(636, 45250, 371),
(637, 45000, 372),
(638, 45220, 373),
(639, 45000, 374),
(640, 45280, 374),
(641, 45000, 374),
(642, 45280, 374),
(643, 45000, 374),
(644, 45130, 375),
(645, 45120, 376),
(646, 45210, 377),
(647, 45140, 378),
(648, 45160, 379),
(649, 42110, 380),
(650, 42120, 381),
(651, 42140, 382),
(652, 42210, 383),
(653, 42170, 384),
(654, 42150, 385),
(655, 42240, 386),
(656, 42180, 387),
(657, 42160, 388),
(658, 42230, 389),
(659, 42000, 390),
(660, 42100, 390),
(661, 42000, 390),
(662, 42100, 390),
(663, 42000, 390),
(664, 42130, 391),
(665, 42190, 392),
(666, 42220, 393),
(667, 33110, 394),
(668, 33130, 395),
(669, 33140, 396),
(670, 33150, 397),
(671, 33130, 398),
(672, 33250, 399),
(673, 33220, 400),
(674, 33110, 401),
(675, 33170, 402),
(676, 33230, 403),
(677, 33120, 404),
(678, 33180, 405),
(679, 33140, 406),
(680, 33120, 407),
(681, 33000, 408),
(682, 33190, 409),
(683, 33160, 410),
(684, 33270, 411),
(685, 33240, 412),
(686, 33160, 413),
(687, 33210, 414),
(688, 33120, 415),
(689, 47180, 416),
(690, 47210, 417),
(691, 47230, 417),
(692, 47210, 417),
(693, 47230, 417),
(694, 47250, 418),
(695, 47280, 419),
(696, 47290, 420),
(697, 47260, 421),
(698, 47270, 422),
(699, 47140, 423),
(700, 47130, 424),
(701, 47220, 424),
(702, 47130, 424),
(703, 47220, 424),
(704, 47130, 424),
(705, 47160, 425),
(706, 47230, 426),
(707, 47180, 427),
(708, 47220, 428),
(709, 47000, 428),
(710, 47230, 428),
(711, 47000, 428),
(712, 47220, 428),
(713, 47000, 428),
(714, 47120, 429),
(715, 47150, 430),
(716, 47110, 431),
(717, 47240, 431),
(718, 47110, 431),
(719, 47240, 431),
(720, 47110, 431),
(721, 47240, 431),
(722, 47110, 431),
(723, 47240, 431),
(724, 47110, 431),
(725, 47190, 432),
(726, 47170, 433),
(727, 32210, 434),
(728, 32000, 435),
(729, 32180, 436),
(730, 32190, 437),
(731, 32120, 438),
(732, 32130, 439),
(733, 32230, 440),
(734, 32140, 441),
(734, 32140, 442),
(735, 32000, 443),
(736, 32130, 444),
(737, 32220, 445),
(738, 32150, 446),
(739, 32110, 447),
(740, 32160, 448),
(741, 32150, 449),
(742, 32170, 450),
(743, 43110, 451),
(744, 43120, 452),
(745, 43130, 453),
(746, 43120, 454),
(747, 43000, 455),
(748, 43100, 455),
(749, 43000, 455),
(750, 43100, 455),
(751, 43000, 455),
(752, 43100, 455),
(753, 43000, 455),
(754, 43120, 456),
(755, 43130, 457),
(756, 43100, 458),
(757, 43160, 459),
(758, 39350, 460),
(759, 39170, 460),
(760, 39350, 460),
(761, 39170, 460),
(761, 39170, 461),
(762, 39140, 462),
(763, 39000, 463),
(764, 39180, 464),
(765, 39270, 465),
(766, 37210, 466),
(767, 37110, 467),
(768, 37180, 468),
(769, 37000, 469),
(769, 37000, 470),
(770, 37290, 471),
(771, 37240, 472),
(772, 41250, 473),
(773, 41110, 474),
(774, 41370, 474),
(775, 41110, 474),
(776, 41370, 474),
(777, 41110, 474),
(778, 41130, 475),
(779, 41290, 476),
(780, 41310, 477),
(781, 41380, 478),
(782, 41210, 479),
(783, 41240, 480),
(784, 41190, 481),
(785, 41160, 482),
(786, 41110, 483),
(787, 41130, 484),
(788, 41150, 485),
(789, 41000, 486),
(790, 41330, 486),
(791, 41000, 486),
(792, 41330, 486),
(793, 41000, 486),
(794, 41280, 487),
(795, 41230, 488),
(796, 41260, 489),
(797, 41220, 490),
(798, 41360, 490),
(799, 41220, 490),
(800, 41360, 490),
(801, 41220, 490),
(802, 41360, 490),
(803, 41220, 490),
(804, 41340, 491),
(805, 41130, 492),
(806, 41320, 492),
(807, 41130, 492),
(808, 41320, 492),
(809, 41130, 492),
(810, 34270, 493),
(811, 34170, 494),
(812, 34320, 495),
(813, 34150, 495),
(814, 34320, 495),
(815, 34150, 495),
(816, 34220, 496),
(817, 34000, 497),
(818, 34160, 498),
(819, 34130, 499),
(820, 34330, 500),
(821, 34160, 501),
(822, 34280, 502),
(823, 34170, 503),
(824, 34160, 504),
(825, 34260, 505),
(825, 34260, 506),
(826, 34230, 507),
(827, 34110, 508),
(828, 34340, 509),
(829, 34140, 510),
(830, 34000, 511),
(831, 34190, 512),
(832, 34310, 512),
(833, 34190, 512),
(834, 34310, 512),
(835, 34190, 512),
(836, 34310, 512),
(837, 34250, 513),
(838, 34190, 514),
(839, 34360, 515),
(840, 34350, 516),
(841, 34000, 517),
(842, 10110, 518),
(843, 10600, 519),
(844, 10510, 520),
(845, 10230, 521),
(846, 10900, 522),
(847, 10150, 523),
(848, 10210, 524),
(849, 10400, 525),
(850, 10300, 526),
(851, 10170, 527),
(851, 10170, 528),
(852, 10140, 529),
(853, 10600, 530),
(854, 10700, 531),
(855, 10600, 532),
(856, 10240, 533),
(857, 10250, 533),
(858, 10150, 534),
(859, 10220, 535),
(860, 10230, 535),
(861, 10220, 535),
(862, 10120, 536),
(863, 10160, 537),
(864, 10800, 538),
(865, 10260, 539),
(866, 10150, 540),
(867, 10700, 541),
(868, 10500, 542),
(869, 10230, 543),
(870, 10240, 543),
(871, 10330, 544),
(872, 10110, 544),
(873, 10120, 544),
(874, 10500, 544),
(875, 10330, 544),
(876, 10400, 544),
(877, 10250, 545),
(878, 10100, 546),
(879, 10400, 547),
(880, 10260, 548),
(881, 10200, 549),
(882, 10160, 550),
(883, 10510, 551),
(884, 10120, 552),
(885, 10400, 553),
(886, 10140, 554),
(887, 10520, 555),
(888, 10230, 556),
(889, 10310, 557),
(890, 10110, 558),
(891, 10250, 559),
(892, 10240, 560),
(893, 10250, 560),
(894, 10100, 561),
(895, 10120, 562),
(896, 10220, 563),
(897, 10160, 564),
(898, 10530, 565),
(899, 10210, 566),
(900, 10310, 567),
(901, 71260, 568),
(902, 71180, 569),
(903, 71110, 570),
(904, 71130, 570),
(905, 71110, 570),
(906, 71000, 570),
(907, 71110, 570),
(908, 71130, 570),
(909, 71110, 570),
(910, 71120, 571),
(911, 71130, 571),
(912, 71120, 571),
(913, 71130, 571),
(914, 71120, 571),
(915, 71130, 571),
(916, 71120, 571),
(917, 70190, 571),
(918, 71130, 571),
(919, 71120, 571),
(920, 71130, 571),
(921, 71150, 572),
(922, 71160, 573),
(923, 71220, 573),
(924, 71160, 573),
(925, 71220, 573),
(926, 71160, 573),
(927, 71140, 574),
(928, 71170, 574),
(929, 71140, 574),
(930, 71000, 575),
(931, 71190, 575),
(932, 71000, 575),
(933, 71190, 575),
(934, 71000, 575),
(935, 71190, 575),
(936, 71000, 575),
(937, 71210, 576),
(938, 71220, 577),
(939, 71250, 577),
(940, 71240, 578),
(941, 71220, 579),
(942, 71170, 580),
(943, 24000, 581),
(944, 24110, 581),
(945, 24000, 581),
(946, 24160, 582),
(947, 24110, 583),
(948, 24170, 584),
(949, 24150, 584),
(950, 24170, 584),
(951, 24150, 584),
(952, 24000, 584),
(953, 24150, 584),
(954, 24130, 585),
(955, 24180, 585),
(956, 24130, 585),
(957, 24180, 585),
(958, 24130, 585),
(959, 24180, 585),
(960, 24140, 586),
(961, 24190, 587),
(962, 24120, 588),
(963, 24000, 589),
(964, 24120, 590),
(965, 24160, 591),
(966, 17130, 592),
(967, 17110, 593),
(968, 17170, 593),
(969, 17110, 593),
(970, 17170, 593),
(971, 17110, 593),
(972, 17170, 593),
(973, 17000, 594),
(974, 17120, 594),
(974, 17120, 595),
(975, 17140, 596),
(976, 17150, 597),
(977, 17120, 598),
(978, 17130, 599),
(979, 17160, 599),
(980, 17130, 599),
(981, 26110, 600),
(982, 26130, 601),
(983, 26000, 602),
(984, 26120, 603),
(985, 73180, 604),
(986, 73140, 604),
(987, 73180, 604),
(988, 73140, 604),
(989, 73180, 604),
(990, 73140, 604),
(991, 73180, 604),
(992, 73140, 604),
(993, 73150, 605),
(994, 73120, 606),
(995, 73130, 607),
(996, 73190, 607),
(997, 73130, 607),
(998, 73190, 607),
(999, 73170, 608),
(1000, 73000, 609),
(1001, 73220, 610),
(1002, 73110, 610),
(1003, 73210, 610),
(1004, 73110, 610),
(1005, 73210, 610),
(1006, 73110, 610),
(1007, 73210, 610),
(1008, 73110, 610),
(1009, 73210, 610),
(1010, 73110, 610),
(1011, 73160, 610),
(1012, 11150, 611),
(1013, 11130, 612),
(1014, 11110, 613),
(1015, 11140, 614),
(1016, 11120, 615),
(1017, 11000, 616),
(1018, 12120, 617),
(1019, 12110, 618),
(1020, 12130, 618),
(1021, 12110, 618),
(1022, 12130, 618),
(1023, 12110, 618),
(1024, 12000, 619),
(1025, 12140, 620),
(1026, 12130, 621),
(1027, 12150, 621),
(1028, 12160, 622),
(1029, 12170, 623),
(1030, 77150, 624),
(1031, 77130, 625),
(1032, 77140, 626),
(1033, 77190, 626),
(1034, 77230, 626),
(1035, 77190, 626),
(1036, 77140, 626),
(1037, 77230, 626),
(1038, 77170, 627),
(1039, 77120, 628),
(1040, 77160, 628),
(1041, 77120, 628),
(1042, 77220, 628),
(1043, 77120, 628),
(1044, 77000, 629),
(1045, 77210, 629),
(1046, 77000, 629),
(1047, 77210, 629),
(1048, 77180, 630),
(1049, 77120, 630),
(1050, 77110, 631),
(1051, 25110, 632),
(1052, 25240, 632),
(1053, 25110, 632),
(1054, 25220, 633),
(1055, 25150, 634),
(1056, 25130, 635),
(1057, 25230, 636),
(1058, 25000, 636),
(1059, 25230, 636),
(1060, 25000, 636),
(1061, 25230, 636),
(1062, 25000, 636),
(1063, 25140, 637),
(1064, 25190, 638),
(1065, 13130, 639),
(1066, 18270, 639),
(1067, 13130, 639),
(1068, 13260, 640),
(1069, 13270, 641),
(1070, 13190, 642),
(1071, 13290, 642),
(1072, 13190, 642),
(1073, 13290, 642),
(1074, 13190, 642),
(1075, 13290, 642),
(1076, 13190, 642),
(1077, 13250, 643),
(1078, 13220, 644),
(1079, 13160, 645),
(1080, 13180, 645),
(1081, 13160, 645),
(1082, 13170, 645),
(1083, 13160, 645),
(1084, 13240, 646),
(1085, 13120, 647),
(1086, 13280, 647),
(1087, 13120, 647),
(1088, 13280, 647),
(1089, 13120, 647),
(1090, 13280, 647),
(1091, 13120, 647),
(1092, 13000, 648),
(1093, 13140, 649),
(1094, 18250, 649),
(1095, 13140, 649),
(1096, 13150, 650),
(1097, 13230, 651),
(1098, 13170, 652),
(1099, 13180, 652),
(1100, 13170, 652),
(1101, 13110, 653),
(1102, 13000, 654),
(1103, 13210, 654),
(1104, 76170, 655),
(1105, 76140, 656),
(1106, 76120, 657),
(1107, 76130, 658),
(1108, 76150, 659),
(1109, 76110, 660),
(1110, 76100, 660),
(1111, 76000, 661),
(1112, 76100, 661),
(1113, 76000, 661),
(1114, 76100, 661),
(1115, 76160, 662),
(1116, 70150, 663),
(1117, 70130, 664),
(1118, 70210, 664),
(1119, 70130, 664),
(1120, 70210, 664),
(1121, 70130, 664),
(1122, 70160, 665),
(1123, 70180, 666),
(1124, 70190, 667),
(1125, 70110, 667),
(1126, 70140, 668),
(1127, 70120, 669),
(1128, 70000, 670),
(1129, 70170, 671),
(1130, 70180, 672),
(1131, 15250, 673),
(1132, 15120, 674),
(1133, 15130, 675),
(1134, 15230, 675),
(1135, 15130, 675),
(1136, 15190, 675),
(1137, 15130, 675),
(1138, 15230, 675),
(1139, 15130, 675),
(1140, 15180, 676),
(1141, 15150, 676),
(1142, 15230, 677),
(1143, 15110, 678),
(1144, 15180, 678),
(1145, 15110, 678),
(1146, 15180, 678),
(1147, 15110, 678),
(1148, 15180, 678),
(1149, 15110, 678),
(1150, 15140, 679),
(1151, 15220, 679),
(1152, 15140, 679),
(1153, 15220, 679),
(1154, 15140, 679),
(1155, 18220, 679),
(1156, 15000, 680),
(1157, 13240, 680),
(1158, 15160, 680),
(1159, 15000, 680),
(1160, 15160, 680),
(1161, 15210, 680),
(1162, 15000, 680),
(1163, 15160, 680),
(1164, 15000, 680),
(1165, 15190, 681),
(1166, 15130, 681),
(1167, 15190, 681),
(1168, 15240, 682),
(1169, 15250, 682),
(1170, 15240, 682),
(1171, 15170, 683),
(1172, 10550, 684),
(1173, 10560, 684),
(1174, 10540, 685),
(1174, 10540, 686),
(1175, 10130, 687),
(1176, 10290, 688),
(1177, 10280, 689),
(1178, 10270, 689),
(1179, 10280, 689),
(1180, 10270, 689),
(1181, 10280, 689),
(1182, 10270, 689),
(1183, 75120, 690),
(1184, 75000, 691),
(1185, 75110, 692),
(1186, 74110, 693),
(1187, 74130, 693),
(1188, 74120, 694),
(1189, 74000, 695),
(1190, 27000, 696),
(1191, 27260, 697),
(1192, 27120, 698),
(1193, 27180, 699),
(1194, 27000, 700),
(1195, 27210, 701),
(1196, 27250, 702),
(1197, 27160, 703),
(1198, 27120, 704),
(1199, 18110, 705),
(1200, 18260, 705),
(1201, 18110, 705),
(1202, 18000, 706),
(1203, 18240, 706),
(1204, 18000, 706),
(1205, 18240, 706),
(1206, 18210, 707),
(1207, 18130, 708),
(1208, 18270, 708),
(1209, 18130, 708),
(1210, 18210, 708),
(1211, 18120, 709),
(1212, 18220, 710),
(1213, 18180, 710),
(1214, 30130, 710),
(1215, 18180, 710),
(1216, 18000, 711),
(1217, 18220, 712),
(1218, 18150, 713),
(1219, 18160, 714),
(1220, 18140, 715),
(1221, 18250, 715),
(1222, 18230, 715),
(1223, 18140, 715),
(1224, 18230, 715),
(1225, 18140, 715),
(1226, 18250, 715),
(1227, 18140, 715),
(1228, 18230, 715),
(1229, 18140, 715),
(1230, 18230, 715),
(1231, 18170, 716),
(1232, 18190, 717),
(1233, 16150, 718),
(1234, 16140, 719),
(1235, 16130, 720),
(1236, 16120, 721),
(1237, 16160, 721),
(1238, 16120, 721),
(1239, 16000, 722),
(1240, 16110, 723),
(1241, 72170, 724),
(1242, 72250, 724),
(1243, 72170, 724),
(1244, 72250, 724),
(1245, 72170, 724),
(1246, 72180, 725),
(1247, 72120, 726),
(1248, 72150, 727),
(1249, 72000, 728),
(1250, 72230, 728),
(1251, 72000, 728),
(1252, 72210, 728),
(1253, 72000, 728),
(1254, 72210, 728),
(1255, 72230, 728),
(1256, 72000, 728),
(1257, 72230, 728),
(1258, 72210, 728),
(1259, 72140, 729),
(1260, 72110, 730),
(1261, 72190, 730),
(1262, 72110, 730),
(1263, 72190, 730),
(1264, 72110, 730),
(1265, 72190, 730),
(1266, 72110, 730),
(1267, 72190, 730),
(1268, 71170, 730),
(1269, 72110, 730),
(1270, 72130, 731),
(1271, 72240, 732),
(1272, 72160, 733),
(1273, 71170, 733),
(1274, 72160, 733),
(1275, 72220, 733),
(1276, 72160, 733),
(1277, 72220, 733),
(1278, 72160, 733),
(1279, 14140, 734),
(1280, 14130, 735),
(1281, 14120, 736),
(1282, 14000, 737),
(1283, 14110, 738),
(1284, 14160, 739),
(1285, 14150, 740),
(1286, 22160, 741),
(1287, 22110, 742),
(1288, 22150, 742),
(1289, 22110, 742),
(1290, 22210, 743),
(1291, 22170, 744),
(1292, 22120, 744),
(1293, 22170, 744),
(1294, 22120, 744),
(1295, 22170, 744),
(1296, 22120, 744),
(1297, 22170, 744),
(1298, 22120, 744),
(1299, 22170, 745),
(1300, 22160, 745),
(1301, 22170, 745),
(1302, 22140, 746),
(1303, 22150, 747),
(1304, 22000, 748),
(1305, 22180, 749),
(1306, 22130, 750),
(1307, 22190, 750),
(1308, 22120, 750),
(1309, 22190, 750),
(1310, 22130, 750),
(1311, 22190, 750),
(1312, 22130, 750),
(1313, 20240, 751),
(1314, 20120, 752),
(1315, 20270, 753),
(1316, 20150, 754),
(1317, 20220, 755),
(1318, 20170, 755),
(1319, 20220, 755),
(1320, 20140, 756),
(1321, 20240, 756),
(1322, 20140, 756),
(1323, 20240, 756),
(1324, 20140, 756),
(1325, 20160, 757),
(1326, 20000, 758),
(1327, 20130, 758),
(1328, 20000, 758),
(1329, 20130, 758),
(1330, 20000, 758),
(1331, 20130, 758),
(1332, 20000, 758),
(1333, 20110, 759),
(1334, 20230, 759),
(1335, 20110, 759),
(1336, 20230, 759),
(1337, 20110, 759),
(1338, 20250, 760),
(1339, 20180, 760),
(1340, 20190, 761),
(1341, 23000, 762),
(1342, 23120, 762),
(1343, 23170, 763),
(1344, 23130, 764),
(1345, 23150, 764),
(1346, 23130, 764),
(1347, 23150, 764),
(1348, 23130, 764),
(1349, 23150, 764),
(1350, 23110, 765),
(1351, 23140, 766),
(1352, 23000, 767),
(1353, 23120, 768),
(1354, 21110, 769),
(1355, 21190, 769),
(1356, 22160, 769),
(1357, 21170, 769),
(1358, 21110, 769),
(1359, 21190, 769),
(1360, 21110, 769),
(1361, 21170, 769),
(1362, 21110, 769),
(1362, 21110, 770),
(1363, 21180, 771),
(1364, 21120, 772),
(1365, 21130, 773),
(1366, 21140, 774),
(1367, 21100, 775),
(1368, 21160, 775),
(1369, 21000, 775),
(1370, 21150, 775),
(1371, 21000, 775),
(1372, 21160, 775),
(1373, 21150, 775),
(1374, 21100, 775),
(1375, 21150, 775),
(1376, 21210, 776),
(1377, 81120, 777),
(1378, 81150, 777),
(1379, 81120, 777),
(1380, 81150, 777),
(1381, 81140, 778),
(1382, 80240, 778),
(1383, 81140, 778),
(1384, 80240, 778),
(1385, 81140, 778),
(1386, 81120, 779),
(1387, 81170, 779),
(1388, 81120, 779),
(1389, 81160, 780),
(1390, 81000, 781),
(1391, 81120, 782),
(1392, 81130, 783),
(1393, 81110, 784),
(1394, 86140, 785),
(1395, 86190, 785),
(1396, 86140, 785),
(1397, 86190, 785),
(1398, 86220, 786),
(1399, 86210, 787),
(1400, 86160, 787),
(1401, 86210, 787),
(1402, 86160, 787),
(1403, 86210, 787),
(1404, 86230, 787),
(1405, 86180, 788),
(1406, 86000, 789),
(1407, 86190, 789),
(1408, 86000, 789),
(1409, 86190, 789),
(1410, 86100, 789),
(1411, 86000, 789),
(1412, 86120, 789),
(1413, 86100, 789),
(1414, 86000, 789),
(1415, 86190, 789),
(1416, 86120, 789),
(1417, 86000, 789),
(1418, 86190, 789),
(1419, 86100, 789),
(1420, 86120, 789),
(1421, 86000, 789),
(1422, 86170, 790),
(1423, 86130, 791),
(1424, 86110, 792),
(1425, 86150, 792),
(1426, 86110, 792),
(1427, 86150, 792),
(1428, 86110, 792),
(1429, 86150, 792),
(1430, 86110, 792),
(1431, 92110, 793),
(1432, 92170, 794),
(1433, 92120, 795),
(1434, 92140, 795),
(1435, 92180, 795),
(1436, 92140, 795),
(1437, 92180, 795),
(1438, 92120, 795),
(1439, 92180, 795),
(1440, 92000, 796),
(1441, 92190, 796),
(1442, 92170, 796),
(1443, 92000, 796),
(1444, 92170, 796),
(1445, 92000, 796),
(1446, 92140, 797),
(1447, 92160, 798),
(1448, 92130, 798),
(1449, 92220, 799),
(1450, 92000, 799),
(1451, 92220, 799),
(1452, 92150, 800),
(1453, 92000, 800),
(1454, 92150, 800),
(1455, 92130, 801),
(1456, 92210, 801),
(1457, 92130, 801),
(1458, 92210, 801),
(1459, 92130, 801),
(1460, 92190, 801),
(1461, 92210, 801),
(1462, 92130, 801),
(1463, 92120, 802),
(1464, 80210, 803),
(1465, 80130, 804),
(1466, 80180, 804),
(1467, 80130, 804),
(1468, 80260, 805),
(1469, 80250, 805),
(1470, 80150, 805),
(1471, 80250, 805),
(1472, 80150, 805),
(1473, 80260, 805),
(1474, 80150, 805),
(1475, 80260, 805),
(1476, 80150, 805),
(1477, 80260, 805),
(1478, 80250, 805),
(1479, 80150, 805),
(1480, 80260, 805),
(1481, 80190, 806),
(1482, 80290, 806),
(1483, 80350, 806),
(1484, 80190, 806),
(1485, 80180, 807),
(1486, 80220, 808),
(1487, 80250, 808),
(1488, 80190, 809),
(1489, 80260, 810),
(1490, 80160, 811),
(1491, 80310, 812),
(1492, 80110, 812),
(1493, 80310, 812),
(1494, 80110, 812),
(1495, 80310, 812),
(1496, 80110, 812),
(1497, 80240, 813),
(1498, 80160, 814),
(1499, 80220, 815),
(1500, 80250, 815),
(1501, 80220, 815),
(1502, 80360, 816),
(1503, 80330, 817),
(1504, 80140, 817),
(1505, 80330, 817),
(1506, 80140, 817),
(1507, 80320, 818),
(1508, 80000, 819),
(1509, 80270, 820),
(1510, 80280, 821),
(1511, 80000, 821),
(1512, 80280, 821),
(1513, 80000, 821),
(1514, 80290, 821),
(1515, 80000, 821),
(1516, 80280, 821),
(1517, 80000, 821),
(1518, 80330, 821),
(1519, 80000, 821),
(1520, 80130, 822),
(1521, 80350, 822),
(1522, 80230, 823),
(1523, 80120, 824),
(1524, 80340, 824),
(1525, 80120, 824),
(1526, 80340, 824),
(1527, 80170, 825),
(1528, 96220, 826),
(1529, 96130, 827),
(1530, 96110, 828),
(1531, 96170, 829),
(1532, 96000, 830),
(1533, 96180, 831),
(1534, 96130, 832),
(1535, 96220, 832),
(1536, 96130, 832),
(1537, 96150, 833),
(1538, 96160, 834),
(1539, 96210, 835),
(1540, 96190, 836),
(1541, 96120, 837),
(1542, 96140, 838),
(1543, 94230, 839),
(1544, 94180, 840),
(1545, 94120, 840),
(1546, 94180, 840),
(1547, 94120, 840),
(1548, 94180, 840),
(1549, 94120, 840),
(1550, 94180, 840),
(1551, 94120, 840),
(1552, 94140, 841),
(1553, 94190, 842),
(1554, 94130, 842),
(1555, 94190, 842),
(1556, 94130, 842),
(1557, 94140, 843),
(1558, 94190, 843),
(1559, 94140, 843),
(1560, 94190, 843),
(1561, 94140, 843),
(1562, 94000, 844),
(1563, 94180, 845),
(1564, 94220, 846),
(1565, 94160, 847),
(1566, 94150, 848),
(1567, 94190, 848),
(1568, 94150, 848),
(1569, 94190, 848),
(1570, 94150, 848),
(1571, 94110, 849),
(1572, 94190, 849),
(1573, 94110, 849),
(1574, 94170, 850),
(1575, 82170, 851),
(1576, 82160, 852),
(1577, 83000, 852),
(1578, 82150, 853),
(1579, 82130, 854),
(1580, 82140, 854),
(1581, 82130, 854),
(1582, 82140, 854),
(1583, 82190, 855),
(1584, 82110, 855),
(1585, 82180, 856),
(1586, 82120, 857),
(1587, 82210, 857),
(1588, 82120, 857),
(1589, 82000, 858),
(1590, 93180, 859),
(1591, 93000, 859),
(1592, 93130, 860),
(1593, 93110, 861),
(1594, 93150, 861),
(1595, 93110, 861),
(1596, 93150, 861),
(1597, 93110, 861),
(1598, 93150, 861),
(1599, 93110, 861),
(1600, 93160, 862),
(1601, 93140, 863),
(1602, 93160, 863),
(1603, 93140, 863),
(1604, 93120, 864),
(1605, 93170, 865),
(1606, 93110, 866),
(1607, 93000, 867),
(1607, 93000, 868),
(1608, 93190, 869),
(1609, 83150, 870),
(1610, 83120, 870),
(1611, 83150, 870),
(1612, 83110, 871),
(1613, 83100, 872),
(1614, 83000, 872),
(1615, 83130, 872),
(1616, 83000, 872),
(1617, 83130, 872),
(1618, 83000, 872),
(1619, 95000, 873),
(1620, 95120, 874),
(1621, 95150, 875),
(1622, 95130, 875),
(1623, 95170, 875),
(1624, 95130, 876),
(1625, 95110, 877),
(1626, 95000, 878),
(1627, 95160, 878),
(1628, 95000, 878),
(1629, 95160, 878),
(1630, 95000, 878),
(1631, 95120, 879),
(1632, 95140, 880),
(1633, 85110, 881),
(1634, 85120, 882),
(1635, 85000, 883),
(1636, 85130, 883),
(1637, 85000, 883),
(1638, 85130, 884),
(1639, 85120, 885),
(1640, 90270, 886),
(1641, 90110, 887),
(1642, 90230, 887),
(1643, 90220, 888),
(1644, 90130, 889),
(1645, 90150, 890),
(1646, 90260, 890),
(1647, 90150, 890),
(1648, 90260, 890),
(1649, 90150, 890),
(1650, 90160, 891),
(1651, 90310, 892),
(1652, 90110, 893),
(1653, 90000, 894),
(1654, 90100, 894),
(1655, 90000, 894),
(1656, 90100, 894),
(1657, 90140, 895),
(1658, 90180, 896),
(1659, 90220, 896),
(1660, 90180, 896),
(1661, 90190, 897),
(1662, 90170, 898),
(1663, 90240, 898),
(1664, 90120, 898),
(1665, 90240, 898),
(1666, 90170, 898),
(1667, 90120, 898),
(1668, 90320, 898),
(1669, 90120, 898),
(1670, 90210, 899),
(1671, 90330, 900),
(1672, 90280, 900),
(1673, 90330, 900),
(1674, 90280, 900),
(1675, 90110, 901),
(1676, 90250, 901),
(1677, 90230, 901),
(1678, 90110, 901),
(1679, 91130, 902),
(1680, 91160, 903),
(1681, 91150, 904),
(1682, 91120, 905),
(1683, 91130, 906),
(1684, 91140, 907),
(1685, 91000, 907),
(1686, 91110, 907),
(1687, 91000, 907),
(1688, 91140, 907),
(1689, 91000, 907),
(1690, 91140, 907),
(1691, 91000, 907),
(1692, 91140, 907),
(1693, 91000, 907),
(1694, 91110, 908),
(1695, 84160, 909),
(1696, 84290, 909),
(1697, 84160, 909),
(1698, 84340, 909),
(1699, 84290, 909),
(1700, 84160, 909),
(1701, 84360, 910),
(1702, 84280, 910),
(1703, 84140, 911),
(1704, 84320, 911),
(1705, 84310, 911),
(1706, 84330, 911),
(1707, 84140, 911),
(1708, 84180, 912),
(1709, 84260, 913),
(1710, 84210, 913),
(1711, 84260, 913),
(1712, 84350, 914),
(1713, 84110, 915),
(1714, 84160, 916),
(1715, 84220, 916),
(1716, 84340, 916),
(1717, 84150, 917),
(1718, 84170, 918),
(1719, 84230, 919),
(1720, 84240, 920),
(1721, 84120, 921),
(1722, 84270, 921),
(1723, 84120, 921),
(1724, 84240, 921),
(1725, 84120, 921),
(1726, 84270, 921),
(1727, 84120, 921),
(1728, 84250, 922),
(1729, 84210, 923),
(1730, 84130, 924),
(1731, 84100, 925),
(1732, 84000, 925),
(1733, 84180, 926),
(1734, 84190, 927);

-- --------------------------------------------------------

--
-- Table structure for table `tb_project`
--

CREATE TABLE IF NOT EXISTS `tb_project` (
  `pj_id` int(11) NOT NULL,
  `pj_name` text,
  `pj_detail` text,
  `pj_image` varchar(250) DEFAULT NULL,
  `pj_datebase_name` text,
  `pj_active` varchar(3) DEFAULT 'on'
) ENGINE=MyISAM AUTO_INCREMENT=7 DEFAULT CHARSET=utf8;

--
-- Dumping data for table `tb_project`
--

INSERT INTO `tb_project` (`pj_id`, `pj_name`, `pj_detail`, `pj_image`, `pj_datebase_name`, `pj_active`) VALUES
(4, 'Diplomat Sathorn', 'Rama 9', 'Images/project/4/1432088478.png', 'rama9', 'on'),
(2, 'MyStory', 'MyStory', 'Images/project/2/1439887634.png', 'mystory', 'on'),
(5, 'THAN LIVING Ratchada-Wongsawang', '', 'Images/project/5/1442204323.png', 'wongsawang', 'on'),
(6, 'Real Condo', 'RealCondo', 'Images/project/6/1458185334.jpg', 'RealCondo', 'off');

-- --------------------------------------------------------

--
-- Table structure for table `tb_province`
--

CREATE TABLE IF NOT EXISTS `tb_province` (
  `pv_id` int(5) NOT NULL,
  `pv_name_th` varchar(150) COLLATE utf8_unicode_ci NOT NULL,
  `pv_name_en` varchar(150) COLLATE utf8_unicode_ci NOT NULL,
  `pv_country_id` int(11) DEFAULT NULL
) ENGINE=MyISAM AUTO_INCREMENT=79 DEFAULT CHARSET=utf8 COLLATE=utf8_unicode_ci;

--
-- Dumping data for table `tb_province`
--

INSERT INTO `tb_province` (`pv_id`, `pv_name_th`, `pv_name_en`, `pv_country_id`) VALUES
(1, 'กำแพงเพชร', '', 213),
(2, 'เชียงราย', '', 213),
(3, 'เชียงใหม่', '', 213),
(4, 'ตาก', '', 213),
(5, 'นครสวรรค์', '', 213),
(6, 'น่าน', '', 213),
(7, 'พะเยา', '', 213),
(8, 'พิจิตร', '', 213),
(9, 'พิษณุโลก', '', 213),
(10, 'เพชรบูรณ์', '', 213),
(11, 'แพร่', '', 213),
(12, 'แม่ฮ่องสอน', '', 213),
(13, 'ลำปาง', '', 213),
(14, 'ลำพูน', '', 213),
(15, 'สุโขทัย', '', 213),
(16, 'อุตรดิตถ์', '', 213),
(17, 'อุทัยธานี', '', 213),
(18, 'กาฬสินธุ์', '', 213),
(19, 'ขอนแก่น', '', 213),
(20, 'ชัยภูมิ', '', 213),
(21, 'นครพนม', '', 213),
(22, 'นครราชสีมา', '', 213),
(23, 'บุรีรัมย์', '', 213),
(24, 'บึงกาฬ', '', 213),
(25, 'มหาสารคาม', '', 213),
(26, 'มุกดาหาร', '', 213),
(27, 'ยโสธร', '', 213),
(28, 'ร้อยเอ็ด', '', 213),
(29, 'เลย', '', 213),
(30, 'ศรีสะเกษ', '', 213),
(31, 'สกลนคร', '', 213),
(32, 'สุรินทร์', '', 213),
(33, 'หนองคาย', '', 213),
(34, 'หนองบัวลำภู', '', 213),
(35, 'อำนาจเจริญ', '', 213),
(36, 'อุดรธานี', '', 213),
(37, 'อุบลราชธานี', '', 213),
(38, 'กรุงเทพมหานคร', '', 213),
(39, 'กาญจนบุรี', '', 213),
(40, 'ฉะเชิงเทรา', '', 213),
(41, 'ชัยนาท', '', 213),
(42, 'นครนายก', '', 213),
(43, 'นครปฐม', '', 213),
(44, 'นนทบุรี', '', 213),
(45, 'ปทุมธานี', '', 213),
(46, 'ประจวบคีรีขันธ์', '', 213),
(47, 'ปราจีนบุรี', '', 213),
(48, 'พระนครศรีอยุธยา', '', 213),
(49, 'เพชรบุรี', '', 213),
(50, 'ราชบุรี', '', 213),
(51, 'ลพบุรี', '', 213),
(52, 'สมุทรปราการ', '', 213),
(53, 'สมุทรสงคราม', '', 213),
(54, 'สมุทรสาคร', '', 213),
(55, 'สระแก้ว', '', 213),
(56, 'สระบุรี', '', 213),
(57, 'สิงห์บุรี', '', 213),
(58, 'สุพรรณบุรี', '', 213),
(59, 'อ่างทอง', '', 213),
(60, 'จันทบุรี', '', 213),
(61, 'ชลบุรี', '', 213),
(62, 'ตราด', '', 213),
(63, 'ระยอง', '', 213),
(64, 'กระบี่', '', 213),
(65, 'ชุมพร', '', 213),
(66, 'ตรัง', '', 213),
(67, 'นครศรีธรรมราช', '', 213),
(68, 'นราธิวาส', '', 213),
(69, 'ปัตตานี', '', 213),
(70, 'พังงา', '', 213),
(71, 'พัทลุง', '', 213),
(72, 'ภูเก็ต', '', 213),
(73, 'ยะลา', '', 213),
(74, 'ระนอง', '', 213),
(75, 'สงขลา', '', 213),
(76, 'สตูล', '', 213),
(77, 'สุราษฎร์ธานี', '', 213),
(78, '', '', 0);

-- --------------------------------------------------------

--
-- Table structure for table `tb_regis_from_web`
--

CREATE TABLE IF NOT EXISTS `tb_regis_from_web` (
  `regis_id` int(11) NOT NULL,
  `regis_fname` varchar(100) NOT NULL,
  `regis_lname` varchar(100) NOT NULL,
  `regis_mobile` varchar(50) DEFAULT NULL,
  `regis_email` varchar(100) DEFAULT NULL,
  `regis_interest` varchar(100) DEFAULT NULL,
  `regis_budget` varchar(50) DEFAULT NULL,
  `regis_salary` varchar(50) DEFAULT NULL,
  `regis_remark` text,
  `regis_project_id` int(11) DEFAULT NULL,
  `regis_url_ref` varchar(100) DEFAULT NULL,
  `regis_media_type_id` int(11) DEFAULT NULL,
  `regis_visit_type_id` int(11) DEFAULT NULL,
  `regis_stages_id` int(11) DEFAULT NULL,
  `regis_status` varchar(20) DEFAULT NULL,
  `regis_date` datetime DEFAULT NULL
) ENGINE=MyISAM DEFAULT CHARSET=utf8;

-- --------------------------------------------------------

--
-- Table structure for table `tb_room_type`
--

CREATE TABLE IF NOT EXISTS `tb_room_type` (
  `room_type_id` int(11) NOT NULL,
  `room_type_name` varchar(100) NOT NULL,
  `room_type_info` text,
  `room_type_sts_active` varchar(5) NOT NULL DEFAULT 'on'
) ENGINE=MyISAM AUTO_INCREMENT=7 DEFAULT CHARSET=utf8;

--
-- Dumping data for table `tb_room_type`
--

INSERT INTO `tb_room_type` (`room_type_id`, `room_type_name`, `room_type_info`, `room_type_sts_active`) VALUES
(1, '1 BR', '1 BED ROOM', 'on'),
(2, '2 BR', '2 BED ROOM', 'on'),
(3, 'DP', 'DUPLEX ห้อง 2 ชั้น มีบรรไดเดินขึ้น', 'on'),
(4, 'Penthouse', 'บ้านเล็กบนหลังคาตึก', 'on'),
(5, '2 Exclusive', 'ห้อง พิเศษ,เฉพาะตัว,แต่ผู้เดียว,ซึ่งผูกขาด,เว้นไว้แต่ผู้เดียว', 'on'),
(6, '3 BR', '3 BED ROOM', 'on');

-- --------------------------------------------------------

--
-- Table structure for table `tb_sub_district`
--

CREATE TABLE IF NOT EXISTS `tb_sub_district` (
  `sd_id` int(5) NOT NULL,
  `sd_name_th` varchar(150) COLLATE utf8_unicode_ci NOT NULL,
  `sd_name_eng` varchar(150) COLLATE utf8_unicode_ci DEFAULT NULL,
  `sd_district_id` int(5) NOT NULL DEFAULT '0',
  `sd_province_id` int(5) NOT NULL DEFAULT '0'
) ENGINE=MyISAM AUTO_INCREMENT=7402 DEFAULT CHARSET=utf8 COLLATE=utf8_unicode_ci;

--
-- Dumping data for table `tb_sub_district`
--

INSERT INTO `tb_sub_district` (`sd_id`, `sd_name_th`, `sd_name_eng`, `sd_district_id`, `sd_province_id`) VALUES
(1, 'โกสัมพี', '', 1, 1),
(2, 'เพชรชมภู', '', 1, 1),
(3, 'ลานดอกไม้ตก', '', 1, 1),
(4, 'เกาะตาล', '', 2, 1),
(5, 'โค้งไผ่', '', 2, 1),
(6, 'ดอนแตง', '', 2, 1),
(7, 'บ่อถ้ำ', '', 2, 1),
(8, 'ปางมะค่า', '', 2, 1),
(9, 'ป่าพุทรา', '', 2, 1),
(10, 'ยางสูง', '', 2, 1),
(11, 'วังชะพลู', '', 2, 1),
(12, 'วังหามแห', '', 2, 1),
(13, 'สลกบาตร', '', 2, 1),
(14, 'แสนตอ', '', 2, 1),
(15, 'คลองขลุง', '', 3, 1),
(16, 'คลองสมบูรณ์', '', 3, 1),
(17, 'ท่าพุทรา', '', 3, 1),
(18, 'ท่ามะเขือ', '', 3, 1),
(19, 'แม่ลาด', '', 3, 1),
(20, 'วังแขม', '', 3, 1),
(21, 'วังไทร', '', 3, 1),
(22, 'วังบัว', '', 3, 1),
(23, 'วังยาง', '', 3, 1),
(24, 'หัวถนน', '', 3, 1),
(25, 'คลองน้ำไหล', '', 4, 1),
(26, 'คลองลานพัฒนา', '', 4, 1),
(27, 'โป่งน้ำร้อน', '', 4, 1),
(28, 'สักงาม', '', 4, 1),
(29, 'ถาวรวัฒนา', '', 5, 1),
(30, 'ทุ่งทราย', '', 5, 1),
(31, 'ทุ่งทอง', '', 5, 1),
(32, 'ไทรงาม', '', 6, 1),
(33, 'พานทอง', '', 6, 1),
(34, 'มหาชัย', '', 6, 1),
(35, 'หนองคล้า', '', 6, 1),
(36, 'หนองทอง', '', 6, 1),
(37, 'หนองแม่แตง', '', 6, 1),
(38, 'หนองไม้กอง', '', 6, 1),
(39, 'เทพนิมิต', '', 7, 1),
(40, 'บึงสามัคคี', '', 7, 1),
(41, 'ระหาน', '', 7, 1),
(42, 'วังชะโอน', '', 7, 1),
(43, 'ปางตาไว', '', 8, 1),
(44, 'โพธิ์ทอง', '', 8, 1),
(45, 'หินดาต', '', 8, 1),
(46, 'เขาคีริส', '', 9, 1),
(47, 'คลองพิไกร', '', 9, 1),
(48, 'คุยบ้านโอง', '', 9, 1),
(49, 'ถ้ำกระต่ายทอง', '', 9, 1),
(50, 'ท่าไม้', '', 9, 1),
(51, 'พรานกระต่าย', '', 9, 1),
(52, 'วังควง', '', 9, 1),
(53, 'วังตะแบก', '', 9, 1),
(54, 'หนองหัววัว', '', 9, 1),
(55, 'ห้วยยั้ง', '', 9, 1),
(56, 'คณฑี', '', 10, 1),
(57, 'คลองแม่ลาย', '', 10, 1),
(58, 'ไตรตรึงษ์', '', 10, 1),
(59, 'ทรงธรรม', '', 10, 1),
(60, 'ท่าขุนราม', '', 10, 1),
(61, 'เทพนคร', '', 10, 1),
(62, 'ธำมรงค์', '', 10, 1),
(63, 'นครชุม', '', 10, 1),
(64, 'นาบ่อคำ', '', 10, 1),
(65, 'นิคมทุ่งโพธิ์ทะเล', '', 10, 1),
(66, 'ในเมือง', '', 10, 1),
(67, 'ลานดอกไม้', '', 10, 1),
(68, 'วังทอง', '', 10, 1),
(69, 'สระแก้ว', '', 10, 1),
(70, 'หนองปลิง', '', 10, 1),
(71, 'อ่างทอง', '', 10, 1),
(72, 'จันทิมา', '', 11, 1),
(73, 'ช่องลม', '', 11, 1),
(74, 'โนนพลวง', '', 11, 1),
(75, 'บึงทับแรต', '', 11, 1),
(76, 'ประชาสุขสันต์', '', 11, 1),
(77, 'ลานกระบือ', '', 11, 1),
(78, 'หนองหลวง', '', 11, 1),
(79, 'ต้า', '', 12, 2),
(80, 'ป่าตาล', '', 12, 2),
(81, 'ยางฮอม', '', 12, 2),
(82, 'ครึ่ง', '', 13, 2),
(83, 'บุญเรือง', '', 13, 2),
(84, 'ริมโขง', '', 13, 2),
(85, 'เวียง', '', 13, 2),
(86, 'ศรีดอนชัย', '', 13, 2),
(87, 'สถาน', '', 13, 2),
(88, 'ห้วยซ้อ', '', 13, 2),
(89, 'บ้านแซว', '', 14, 2),
(90, 'ป่าสัก', '', 14, 2),
(91, 'แม่เงิน', '', 14, 2),
(92, 'โยนก', '', 14, 2),
(93, 'เวียง', '', 14, 2),
(94, 'ศรีดอนมูล', '', 14, 2),
(95, 'โชคชัย', '', 15, 2),
(96, 'ปงน้อย', '', 15, 2),
(97, 'หนองป่าก่อ', '', 15, 2),
(98, 'งิ้ว', '', 16, 2),
(99, 'เชียงเคี่ยน', '', 16, 2),
(100, 'ตับเต่า', '', 16, 2),
(101, 'ปล้อง', '', 16, 2),
(102, 'แม่ลอย', '', 16, 2),
(103, 'เวียง', '', 16, 2),
(104, 'ศรีดอนไชย', '', 16, 2),
(105, 'สันทรายงาม', '', 16, 2),
(106, 'หงาว', '', 16, 2),
(107, 'หนองแรด', '', 16, 2),
(108, 'ป่าแงะ', '', 17, 2),
(109, 'ป่าแดด', '', 17, 2),
(110, 'โรงช้าง', '', 17, 2),
(111, 'ศรีโพธิ์เงิน', '', 17, 2),
(112, 'สันมะค่า', '', 17, 2),
(113, 'ตาดควัน', '', 18, 2),
(114, 'เม็งราย', '', 18, 2),
(115, 'แม่ต๋ำ', '', 18, 2),
(116, 'แม่เปา', '', 18, 2),
(117, 'ไม้ยา', '', 18, 2),
(118, 'เจริญเมือง', '', 19, 2),
(119, 'ดอยงาม', '', 19, 2),
(120, 'ทรายขาว', '', 19, 2),
(121, 'ทานตะวัน', '', 19, 2),
(122, 'ธารทอง', '', 19, 2),
(123, 'ป่าหุ่ง', '', 19, 2),
(124, 'ม่วงคำ', '', 19, 2),
(125, 'เมืองพาน', '', 19, 2),
(126, 'แม่เย็น', '', 19, 2),
(127, 'แม่อ้อ', '', 19, 2),
(128, 'เวียงห้าว', '', 19, 2),
(129, 'สันกลาง', '', 19, 2),
(130, 'สันติสุข', '', 19, 2),
(131, 'สันมะเค็ด', '', 19, 2),
(132, 'หัวง้ม', '', 19, 2),
(133, 'ดอยลาน', '', 20, 2),
(134, 'ดอยฮาง', '', 20, 2),
(135, 'ท่าสาย', '', 20, 2),
(136, 'ท่าสุด', '', 20, 2),
(137, 'นางแล', '', 20, 2),
(138, 'บ้านดู่', '', 20, 2),
(139, 'ป่าอ้อดอนชัย', '', 20, 2),
(140, 'แม่กรณ์', '', 20, 2),
(141, 'แม่ข้าวต้ม', '', 20, 2),
(142, 'แม่ยาว', '', 20, 2),
(143, 'รอบเวียง', '', 20, 2),
(144, 'ริมกก', '', 20, 2),
(145, 'เวียง', '', 20, 2),
(146, 'สันทราย', '', 20, 2),
(147, 'ห้วยชมภู', '', 20, 2),
(148, 'ห้วยสัก', '', 20, 2),
(149, 'จอมสวรรค์', '', 21, 2),
(150, 'จันจว้า', '', 21, 2),
(151, 'จันจว้าใต้', '', 21, 2),
(152, 'ท่าข้าวเปลือก', '', 21, 2),
(153, 'ป่าซาง', '', 21, 2),
(154, 'ป่าตึง', '', 21, 2),
(155, 'แม่คำ', '', 21, 2),
(156, 'แม่จัน', '', 21, 2),
(157, 'แม่ไร่', '', 21, 2),
(158, 'ศรีค้ำ', '', 21, 2),
(159, 'สันทราย', '', 21, 2),
(160, 'เทอดไทย', '', 22, 2),
(161, 'แม่ฟ้าหลวง', '', 22, 2),
(162, 'แม่สลองนอก', '', 22, 2),
(163, 'แม่สลองใน', '', 22, 2),
(164, 'จอมหมอกแก้ว', '', 23, 2),
(165, 'ดงมะดะ', '', 23, 2),
(166, 'บัวสลี', '', 23, 2),
(167, 'ป่าก่อดำ', '', 23, 2),
(168, 'โป่งแพร่', '', 23, 2),
(169, 'เจดีย์หลวง', '', 24, 2),
(170, 'ท่าก๊อ', '', 24, 2),
(171, 'ป่าแดด', '', 24, 2),
(172, 'แม่พริก', '', 24, 2),
(173, 'แม่สรวย', '', 24, 2),
(174, 'วาวี', '', 24, 2),
(175, 'ศรีถ้อย', '', 24, 2),
(176, 'เกาะช้าง', '', 25, 2),
(177, 'บ้านด้าย', '', 25, 2),
(178, 'โป่งงาม', '', 25, 2),
(179, 'โป่งผา', '', 25, 2),
(180, 'แม่สาย', '', 25, 2),
(181, 'เวียงพางคำ', '', 25, 2),
(182, 'ศรีเมืองชุม', '', 25, 2),
(183, 'ห้วยไคร้', '', 25, 2),
(184, 'ท่าข้าม', '', 26, 2),
(185, 'ปอ', '', 26, 2),
(186, 'ม่วงยาย', '', 26, 2),
(187, 'หล่ายงาว', '', 26, 2),
(188, 'ดอนศิลา', '', 27, 2),
(189, 'ผางาม', '', 27, 2),
(190, 'เมืองชุม', '', 27, 2),
(191, 'เวียงชัย', '', 27, 2),
(192, 'เวียงเหนือ', '', 27, 2),
(193, 'ดงมหาวัน', '', 28, 2),
(194, 'ทุ่งก่อ', '', 28, 2),
(195, 'ป่าซาง', '', 28, 2),
(196, 'บ้านโป่ง', '', 29, 2),
(197, 'ป่างิ้ว', '', 29, 2),
(198, 'แม่เจดีย์', '', 29, 2),
(199, 'แม่เจดีย์ใหม่', '', 29, 2),
(200, 'เวียง', '', 29, 2),
(201, 'เวียงกาหลง', '', 29, 2),
(202, 'สันสลี', '', 29, 2),
(203, 'ข่วงเปา', '', 30, 3),
(204, 'ดอยแก้ว', '', 30, 3),
(205, 'บ้านแปะ', '', 30, 3),
(206, 'บ้านหลวง', '', 30, 3),
(207, 'แม่สอย', '', 30, 3),
(208, 'สบเตี๊ยะ', '', 30, 3),
(209, 'เชียงดาว', '', 31, 3),
(210, 'ทุ่งข้าวพวง', '', 31, 3),
(211, 'ปิงโค้ง', '', 31, 3),
(212, 'เมืองคอง', '', 31, 3),
(213, 'เมืองงาย', '', 31, 3),
(214, 'เมืองนะ', '', 31, 3),
(215, 'แม่นะ', '', 31, 3),
(216, 'ปงตำ', '', 32, 3),
(217, 'แม่ทะลบ', '', 32, 3),
(218, 'ศรีดงเย็น', '', 32, 3),
(219, 'หนองบัว', '', 32, 3),
(220, 'ดอยเต่า', '', 33, 3),
(221, 'ท่าเดื่อ', '', 33, 3),
(222, 'บงตัน', '', 33, 3),
(223, 'บ้านแอ่น', '', 33, 3),
(224, 'โปงทุ่ง', '', 33, 3),
(225, 'มืดกา', '', 33, 3),
(226, 'เชิงดอย', '', 34, 3),
(227, 'ตลาดขวัญ', '', 34, 3),
(228, 'ตลาดใหญ่', '', 34, 3),
(229, 'เทพเสด็จ', '', 34, 3),
(230, 'ป่าป้อง', '', 34, 3),
(231, 'ป่าเมี่ยง', '', 34, 3),
(232, 'ป่าลาน', '', 34, 3),
(233, 'แม่คือ', '', 34, 3),
(234, 'แม่โป่ง', '', 34, 3),
(235, 'แม่ฮ้อยเงิน', '', 34, 3),
(236, 'ลวงเหนือ', '', 34, 3),
(237, 'สง่าบ้าน', '', 34, 3),
(238, 'สันปูเลย', '', 34, 3),
(239, 'สำราญราษฎร์', '', 34, 3),
(240, 'ดอยหล่อ', '', 35, 3),
(241, 'ยางคราม', '', 35, 3),
(242, 'สองแคว', '', 35, 3),
(243, 'สันติสุข', '', 35, 3),
(244, 'โป่งน้ำร้อน', '', 36, 3),
(245, 'ม่อนปิ่น', '', 36, 3),
(246, 'แม่ข่า', '', 36, 3),
(247, 'แม่คะ', '', 36, 3),
(248, 'แม่งอน', '', 36, 3),
(249, 'แม่สูน', '', 36, 3),
(250, 'เวียง', '', 36, 3),
(251, 'สันทราย', '', 36, 3),
(252, 'เขื่อนผาก', '', 37, 3),
(253, 'ทุ่งหลวง', '', 37, 3),
(254, 'น้ำแพร่', '', 37, 3),
(255, 'บ้านโป่ง', '', 37, 3),
(256, 'ป่าตุ้ม', '', 37, 3),
(257, 'ป่าไหน่', '', 37, 3),
(258, 'แม่ปั๋ง', '', 37, 3),
(259, 'แม่แวน', '', 37, 3),
(260, 'เวียง', '', 37, 3),
(261, 'สันทราย', '', 37, 3),
(262, 'โหล่งขอด', '', 37, 3),
(263, 'ช้างคลาน', '', 38, 3),
(264, 'ช้างเผือก', '', 38, 3),
(265, 'ช้างม่อย', '', 38, 3),
(266, 'ท่าศาลา', '', 38, 3),
(267, 'ป่าแดด', '', 38, 3),
(268, 'ป่าตัน', '', 38, 3),
(269, 'พระสิงห์', '', 38, 3),
(270, 'ฟ้าฮ่าม', '', 38, 3),
(271, 'แม่เหียะ', '', 38, 3),
(272, 'วัดเกต', '', 38, 3),
(273, 'ศรีภูมิ', '', 38, 3),
(274, 'สุเทพ', '', 38, 3),
(275, 'หนองป่าครั่ง', '', 38, 3),
(276, 'หนองหอย', '', 38, 3),
(277, 'หายยา', '', 38, 3),
(278, 'กองแขก', '', 39, 3),
(279, 'แจ่มหลวง', '', 39, 3),
(280, 'ช่างเคิ่ง', '', 39, 3),
(281, 'ท่าผา', '', 39, 3),
(282, 'บ้านจันทร์', '', 39, 3),
(283, 'บ้านทับ', '', 39, 3),
(284, 'ปางหินฝน', '', 39, 3),
(285, 'แม่แดด', '', 39, 3),
(286, 'แม่นาจร', '', 39, 3),
(287, 'แม่ศึก', '', 39, 3),
(288, 'กื้ดช้าง', '', 40, 3),
(289, 'ขี้เหล็ก', '', 40, 3),
(290, 'ช่อแล', '', 40, 3),
(291, 'บ้านช้าง', '', 40, 3),
(292, 'บ้านเป้า', '', 40, 3),
(293, 'ป่าแป๋', '', 40, 3),
(294, 'เมืองก๋าย', '', 40, 3),
(295, 'แม่แตง', '', 40, 3),
(296, 'แม่หอพระ', '', 40, 3),
(297, 'สบเปิง', '', 40, 3),
(298, 'สันป่ายาง', '', 40, 3),
(299, 'สันมหาพน', '', 40, 3),
(300, 'อินทขิล', '', 40, 3),
(301, 'ขี้เหล็ก', '', 41, 3),
(302, 'ดอนแก้ว', '', 41, 3),
(303, 'โป่งแยง', '', 41, 3),
(304, 'แม่แรม', '', 41, 3),
(305, 'แม่สา', '', 41, 3),
(306, 'ริมใต้', '', 41, 3),
(307, 'ริมเหนือ', '', 41, 3),
(308, 'สะลวง', '', 41, 3),
(309, 'สันโป่ง', '', 41, 3),
(310, 'ห้วยทราย', '', 41, 3),
(311, 'เหมืองแก้ว', '', 41, 3),
(312, 'ดอนเปา', '', 42, 3),
(313, 'ทุ่งปี้', '', 42, 3),
(314, 'ทุ่งรวงทอง', '', 42, 3),
(315, 'บ้านกาด', '', 42, 3),
(316, 'แม่วิน', '', 42, 3),
(317, 'ทาเหนือ', '', 43, 3),
(318, 'บ้านสหกรณ์', '', 43, 3),
(319, 'แม่ทา', '', 43, 3),
(320, 'ห้วยแก้ว', '', 43, 3),
(321, 'ออนกลาง', '', 43, 3),
(322, 'ออนเหนือ', '', 43, 3),
(323, 'ท่าตอน', '', 44, 3),
(324, 'บ้านหลวง', '', 44, 3),
(325, 'มะลิกา', '', 44, 3),
(326, 'แม่นาวาง', '', 44, 3),
(327, 'แม่สาว', '', 44, 3),
(328, 'แม่อาย', '', 44, 3),
(329, 'สันต้นหมื้อ', '', 44, 3),
(330, 'เปียงหลวง', '', 45, 3),
(331, 'เมืองแหง', '', 45, 3),
(332, 'แสนไห', '', 45, 3),
(333, 'บ่อแก้ว', '', 46, 3),
(334, 'แม่สาบ', '', 46, 3),
(335, 'ยั้งเมิน', '', 46, 3),
(336, 'สะเมิงใต้', '', 46, 3),
(337, 'สะเมิงเหนือ', '', 46, 3),
(338, 'แช่ช้าง', '', 47, 3),
(339, 'ต้นเปา', '', 47, 3),
(340, 'ทรายมูล', '', 47, 3),
(341, 'บวกค้าง', '', 47, 3),
(342, 'แม่ปูคา', '', 47, 3),
(343, 'ร้องวัวแดง', '', 47, 3),
(344, 'สันกลาง', '', 47, 3),
(345, 'สันกำแพง', '', 47, 3),
(346, 'ห้วยทราย', '', 47, 3),
(347, 'ออนใต้', '', 47, 3),
(348, 'ป่าไผ่', '', 48, 3),
(349, 'เมืองเล็น', '', 48, 3),
(350, 'แม่แฝก', '', 48, 3),
(351, 'แม่แฝกใหม่', '', 48, 3),
(352, 'สันทรายน้อย', '', 48, 3),
(353, 'สันทรายหลวง', '', 48, 3),
(354, 'สันนาเม็ง', '', 48, 3),
(355, 'สันป่าเปา', '', 48, 3),
(356, 'สันพระเนตร', '', 48, 3),
(357, 'หนองหาร', '', 48, 3),
(358, 'หนองแหย่ง', '', 48, 3),
(359, 'ท่าวังพร้าว', '', 49, 3),
(360, 'ทุ่งต้อม', '', 49, 3),
(361, 'ทุ่งสะโตก', '', 49, 3),
(362, 'น้ำบ่อหลวง', '', 49, 3),
(363, 'บ้านกลาง', '', 49, 3),
(364, 'บ้านแม', '', 49, 3),
(365, 'มะขามหลวง', '', 49, 3),
(366, 'มะขุนหวาน', '', 49, 3),
(367, 'แม่ก๊า', '', 49, 3),
(368, 'ยุหว่า', '', 49, 3),
(369, 'สันกลาง', '', 49, 3),
(370, 'ขัวมุง', '', 50, 3),
(371, 'ชมภู', '', 50, 3),
(372, 'ไชยสถาน', '', 50, 3),
(373, 'ดอนแก้ว', '', 50, 3),
(374, 'ท่ากว้าง', '', 50, 3),
(375, 'ท่าวังตาล', '', 50, 3),
(376, 'ป่าบง', '', 50, 3),
(377, 'ยางเนิ้ง', '', 50, 3),
(378, 'สันทราย', '', 50, 3),
(379, 'สารภี', '', 50, 3),
(380, 'หนองผึ้ง', '', 50, 3),
(381, 'หนองแฝก', '', 50, 3),
(382, 'ขุนคง', '', 51, 3),
(383, 'น้ำแพร่', '', 51, 3),
(384, 'บ้านปง', '', 51, 3),
(385, 'บ้านแหวน', '', 51, 3),
(386, 'สบแม่ข่า', '', 51, 3),
(387, 'สันผักหวาน', '', 51, 3),
(388, 'หนองแก๋ว', '', 51, 3),
(389, 'หนองควาย', '', 51, 3),
(390, 'หนองตอง', '', 51, 3),
(391, 'หางดง', '', 51, 3),
(392, 'หารแก้ว', '', 51, 3),
(393, 'นาเกียน', '', 52, 3),
(394, 'ม่อนจอง', '', 52, 3),
(395, 'แม่ตื่น', '', 52, 3),
(396, 'ยางเปียง', '', 52, 3),
(397, 'สบโขง', '', 52, 3),
(398, 'อมก๋อย', '', 52, 3),
(399, 'นาคอเรือ', '', 53, 3),
(400, 'บ่อสลี', '', 53, 3),
(401, 'บ่อหลวง', '', 53, 3),
(402, 'บ้านตาล', '', 53, 3),
(403, 'หางดง', '', 53, 3),
(404, 'ฮอด', '', 53, 3),
(405, 'ท่าสองยาง', '', 54, 4),
(406, 'แม่ต้าน', '', 54, 4),
(407, 'แม่วะหลวง', '', 54, 4),
(408, 'แม่สอง', '', 54, 4),
(409, 'แม่หละ', '', 54, 4),
(410, 'แม่อุสุ', '', 54, 4),
(411, 'เกาะตะเภา', '', 55, 4),
(412, 'ตากตก', '', 55, 4),
(413, 'ตากออก', '', 55, 4),
(414, 'ท้องฟ้า', '', 55, 4),
(415, 'ทุ่งกระเชาะ', '', 55, 4),
(416, 'แม่สลิด', '', 55, 4),
(417, 'สมอโคน', '', 55, 4),
(418, 'คีรีราษฎร์', '', 56, 4),
(419, 'ช่องแคบ', '', 56, 4),
(420, 'พบพระ', '', 56, 4),
(421, 'รวมไทยพัฒนา', '', 56, 4),
(422, 'วาเล่ย์', '', 56, 4),
(423, 'เชียงเงิน', '', 57, 4),
(424, 'ตลุกกลางทุ่ง', '', 57, 4),
(425, 'น้ำรึม', '', 57, 4),
(426, 'ป่ามะม่วง', '', 57, 4),
(427, 'โป่งแดง', '', 57, 4),
(428, 'แม่ท้อ', '', 57, 4),
(429, 'ไม้งาม', '', 57, 4),
(430, 'ระแหง', '', 57, 4),
(431, 'วังประจบ', '', 57, 4),
(432, 'วังหิน', '', 57, 4),
(433, 'หนองบัวใต้', '', 57, 4),
(434, 'หนองบัวเหนือ', '', 57, 4),
(435, 'หนองหลวง', '', 57, 4),
(436, 'หัวเดียด', '', 57, 4),
(437, 'ขะเนจื้อ', '', 58, 4),
(438, 'พระธาตุ', '', 58, 4),
(439, 'แม่จะเรา', '', 58, 4),
(440, 'แม่ตื่น', '', 58, 4),
(441, 'แม่ระมาด', '', 58, 4),
(442, 'สามหมื่น', '', 58, 4),
(443, 'ด่านแม่ละเมา', '', 59, 4),
(444, 'ท่าสายลวด', '', 59, 4),
(445, 'พระธาตุผาแดง', '', 59, 4),
(446, 'พะวอ', '', 59, 4),
(447, 'มหาวัน', '', 59, 4),
(448, 'แม่กาษา', '', 59, 4),
(449, 'แม่กุ', '', 59, 4),
(450, 'แม่ตาว', '', 59, 4),
(451, 'แม่ปะ', '', 59, 4),
(452, 'แม่สอด', '', 59, 4),
(453, 'เชียงทอง', '', 60, 4),
(454, 'นาโบสถ์', '', 60, 4),
(455, 'ประดาง', '', 60, 4),
(456, 'บ้านนา', '', 61, 4),
(457, 'ยกกระบัตร', '', 61, 4),
(458, 'ย่านรี', '', 61, 4),
(459, 'วังจันทร์', '', 61, 4),
(460, 'วังหมัน', '', 61, 4),
(461, 'สามเงา', '', 61, 4),
(462, 'แม่กลอง', '', 62, 4),
(463, 'แม่จัน', '', 62, 4),
(464, 'แม่ละมุ้ง', '', 62, 4),
(465, 'โมโกร', '', 62, 4),
(466, 'หนองหลวง', '', 62, 4),
(467, 'อุ้มผาง', '', 62, 4),
(468, 'เก้าเลี้ยว', '', 63, 5),
(469, 'เขาดิน', '', 63, 5),
(470, 'มหาโพธิ', '', 63, 5),
(471, 'หนองเต่า', '', 63, 5),
(472, 'หัวดง', '', 63, 5),
(473, 'โกรกพระ', '', 64, 5),
(474, 'นากลาง', '', 64, 5),
(475, 'เนินกว้าว', '', 64, 5),
(476, 'เนินศาลา', '', 64, 5),
(477, 'บางประมุง', '', 64, 5),
(478, 'บางมะฝ่อ', '', 64, 5),
(479, 'ยางตาล', '', 64, 5),
(480, 'ศาลาแดง', '', 64, 5),
(481, 'หาดสูง', '', 64, 5),
(482, 'ชุมตาบง', '', 65, 5),
(483, 'ปางสวรรค์', '', 65, 5),
(484, 'เกยไชย', '', 66, 5),
(485, 'โคกหม้อ', '', 66, 5),
(486, 'ฆะมัง', '', 66, 5),
(487, 'ชุมแสง', '', 66, 5),
(488, 'ทับกฤช', '', 66, 5),
(489, 'ทับกฤชใต้', '', 66, 5),
(490, 'ท่าไม้', '', 66, 5),
(491, 'บางเคียน', '', 66, 5),
(492, 'ไผ่สิงห์', '', 66, 5),
(493, 'พันลาน', '', 66, 5),
(494, 'พิกุล', '', 66, 5),
(495, 'หนองกระเจา', '', 66, 5),
(496, 'เขาชายธง', '', 67, 5),
(497, 'ตากฟ้า', '', 67, 5),
(498, 'พุนกยูง', '', 67, 5),
(499, 'ลำพยนต์', '', 67, 5),
(500, 'สุขสำราญ', '', 67, 5),
(501, 'หนองพิกุล', '', 67, 5),
(502, 'อุดมธัญญา', '', 67, 5),
(503, 'จันเสน', '', 68, 5),
(504, 'ช่องแค', '', 68, 5),
(505, 'ตาคลี', '', 68, 5),
(506, 'พรหมนิมิต', '', 68, 5),
(507, 'ลาดทิพรส', '', 68, 5),
(508, 'สร้อยทอง', '', 68, 5),
(509, 'หนองโพ', '', 68, 5),
(510, 'หนองหม้อ', '', 68, 5),
(511, 'ห้วยหอม', '', 68, 5),
(512, 'หัวหวาย', '', 68, 5),
(513, 'ดอนคา', '', 69, 5),
(514, 'ท่าตะโก', '', 69, 5),
(515, 'ทำนบ', '', 69, 5),
(516, 'พนมรอก', '', 69, 5),
(517, 'พนมเศษ', '', 69, 5),
(518, 'วังมหากร', '', 69, 5),
(519, 'วังใหญ่', '', 69, 5),
(520, 'สายลำโพง', '', 69, 5),
(521, 'หนองหลวง', '', 69, 5),
(522, 'หัวถนน', '', 69, 5),
(523, 'เจริญผล', '', 70, 5),
(524, 'ด่านช้าง', '', 70, 5),
(525, 'ตาขีด', '', 70, 5),
(526, 'ตาสัง', '', 70, 5),
(527, 'ท่างิ้ว', '', 70, 5),
(528, 'บางแก้ว', '', 70, 5),
(529, 'บางตาหงาย', '', 70, 5),
(530, 'บ้านแดน', '', 70, 5),
(531, 'บึงปลาทู', '', 70, 5),
(532, 'หนองกรด', '', 70, 5),
(533, 'หนองตางู', '', 70, 5),
(534, 'หูกวาง', '', 70, 5),
(535, 'อ่างทอง', '', 70, 5),
(536, 'เขากะลา', '', 71, 5),
(537, 'เขาทอง', '', 71, 5),
(538, 'ท่าน้ำอ้อย', '', 71, 5),
(539, 'น้ำทรง', '', 71, 5),
(540, 'นิคมเขาบ่อแก้ว', '', 71, 5),
(541, 'เนินมะกอก', '', 71, 5),
(542, 'พยุหะ', '', 71, 5),
(543, 'ม่วงหัก', '', 71, 5),
(544, 'ยางขาว', '', 71, 5),
(545, 'ย่านมัทรี', '', 71, 5),
(546, 'สระทะเล', '', 71, 5),
(547, 'โคกเดื่อ', '', 72, 5),
(548, 'ตะคร้อ', '', 72, 5),
(549, 'นาขอม', '', 72, 5),
(550, 'โพธิ์ประสาท', '', 72, 5),
(551, 'ไพศาลี', '', 72, 5),
(552, 'วังข่อย', '', 72, 5),
(553, 'วังน้ำลัด', '', 72, 5),
(554, 'สำโรงชัย', '', 72, 5),
(555, 'กลางแดด', '', 73, 5),
(556, 'เกรียงไกร', '', 73, 5),
(557, 'แควใหญ่', '', 73, 5),
(558, 'ตะเคียนเลื่อน', '', 73, 5),
(559, 'นครสวรรค์ตก', '', 73, 5),
(560, 'นครสวรรค์ออก', '', 73, 5),
(561, 'บางพระหลวง', '', 73, 5),
(562, 'บางม่วง', '', 73, 5),
(563, 'บ้านแก่ง', '', 73, 5),
(564, 'บ้านมะเกลือ', '', 73, 5),
(565, 'บึงเสนาท', '', 73, 5),
(566, 'ปากน้ำโพ', '', 73, 5),
(567, 'พระนอน', '', 73, 5),
(568, 'วัดไทรย์', '', 73, 5),
(569, 'หนองกรด', '', 73, 5),
(570, 'หนองกระโดน', '', 73, 5),
(571, 'หนองปลิง', '', 73, 5),
(572, 'แม่เปิน', '', 74, 5),
(573, 'เขาชนกัน', '', 75, 5),
(574, 'แม่เล่ย์', '', 75, 5),
(575, 'แม่วงก์', '', 75, 5),
(576, 'วังซ่าน', '', 75, 5),
(577, 'เนินขี้เหล็ก', '', 76, 5),
(578, 'บ้านไร่', '', 76, 5),
(579, 'มาบแก', '', 76, 5),
(580, 'ลาดยาว', '', 76, 5),
(581, 'วังม้า', '', 76, 5),
(582, 'วังเมือง', '', 76, 5),
(583, 'ศาลเจ้าไก่ต่อ', '', 76, 5),
(584, 'สร้อยละคร', '', 76, 5),
(585, 'สระแก้ว', '', 76, 5),
(586, 'หนองนมวัว', '', 76, 5),
(587, 'หนองยาว', '', 76, 5),
(588, 'ห้วยน้ำหอม', '', 76, 5),
(589, 'ทุ่งทอง', '', 77, 5),
(590, 'ธารทหาร', '', 77, 5),
(591, 'วังบ่อ', '', 77, 5),
(592, 'หนองกลับ', '', 77, 5),
(593, 'หนองบัว', '', 77, 5),
(594, 'ห้วยถั่วใต้', '', 77, 5),
(595, 'ห้วยถั่วเหนือ', '', 77, 5),
(596, 'ห้วยร่วม', '', 77, 5),
(597, 'ห้วยใหญ่', '', 77, 5),
(598, 'ขุนน่าน', '', 78, 6),
(599, 'ห้วยโก๋น', '', 78, 6),
(600, 'เชียงกลาง', '', 79, 6),
(601, 'เชียงคาน', '', 79, 6),
(602, 'เปือ', '', 79, 6),
(603, 'พญาแก้ว', '', 79, 6),
(604, 'พระธาตุ', '', 79, 6),
(605, 'พระพุทธบาท', '', 79, 6),
(606, 'จอมพระ', '', 80, 6),
(607, 'ตาลชุม', '', 80, 6),
(608, 'ท่าวังผา', '', 80, 6),
(609, 'ป่าคา', '', 80, 6),
(610, 'ผาตอ', '', 80, 6),
(611, 'ผาทอง', '', 80, 6),
(612, 'ยม', '', 80, 6),
(613, 'ริม', '', 80, 6),
(614, 'ศรีภูมิ', '', 80, 6),
(615, 'แสนทอง', '', 80, 6),
(616, 'งอบ', '', 81, 6),
(617, 'ทุ่งช้าง', '', 81, 6),
(618, 'ปอน', '', 81, 6),
(619, 'และ', '', 81, 6),
(620, 'เชียงของ', '', 82, 6),
(621, 'นาน้อย', '', 82, 6),
(622, 'น้ำตก', '', 82, 6),
(623, 'บ้วใหญ่', '', 82, 6),
(624, 'ศรีษะเกษ', '', 82, 6),
(625, 'สถาน', '', 82, 6),
(626, 'สันทะ', '', 82, 6),
(627, 'นาทะนุง', '', 83, 6),
(628, 'บ่อแก้ว', '', 83, 6),
(629, 'ปิงหลวง', '', 83, 6),
(630, 'เมืองลี', '', 83, 6),
(631, 'ดงพญา', '', 84, 6),
(632, 'บ่อเกลือใต้', '', 84, 6),
(633, 'บ่อเกลือเหนือ', '', 84, 6),
(634, 'ภูฟ้า', '', 84, 6),
(635, 'บ้านพี้', '', 85, 6),
(636, 'บ้านฟ้า', '', 85, 6),
(637, 'ป่าคาหลวง', '', 85, 6),
(638, 'สวด', '', 85, 6),
(639, 'แงง', '', 86, 6),
(640, 'เจดีย์ชัย', '', 86, 6),
(641, 'ไชยวัฒนา', '', 86, 6),
(642, 'ปัว', '', 86, 6),
(643, 'ป่ากลาง', '', 86, 6),
(644, 'ภูคา', '', 86, 6),
(645, 'วรนคร', '', 86, 6),
(646, 'ศิลาเพชร', '', 86, 6),
(647, 'ศิลาแลง', '', 86, 6),
(648, 'สกาด', '', 86, 6),
(649, 'สถาน', '', 86, 6),
(650, 'อวน', '', 86, 6),
(651, 'ท่าน้าว', '', 87, 6),
(652, 'นาปัง', '', 87, 6),
(653, 'น้ำเกี๋ยน', '', 87, 6),
(654, 'น้ำแก่น', '', 87, 6),
(655, 'ฝายแก้ว', '', 87, 6),
(656, 'ม่วงตึ๊ด', '', 87, 6),
(657, 'เมืองจัง', '', 87, 6),
(658, 'กองควาย', '', 88, 6),
(659, 'ไชยสถาน', '', 88, 6),
(660, 'ดู่ใต้', '', 88, 6),
(661, 'ถืมตอง', '', 88, 6),
(662, 'นาซาว', '', 88, 6),
(663, 'ในเวียง', '', 88, 6),
(664, 'บ่อ', '', 88, 6),
(665, 'ผาสิงห์', '', 88, 6),
(666, 'เรือง', '', 88, 6),
(667, 'สวก', '', 88, 6),
(668, 'สะเนียน', '', 88, 6),
(669, 'น้ำปาย', '', 89, 6),
(670, 'น้ำพาง', '', 89, 6),
(671, 'แม่จริม', '', 89, 6),
(672, 'หนองแดง', '', 89, 6),
(673, 'หมอเมือง', '', 89, 6),
(674, 'กลางเวียง', '', 90, 6),
(675, 'ขึ่ง', '', 90, 6),
(676, 'จอมจันทร์', '', 90, 6),
(677, 'ตาลชุม', '', 90, 6),
(678, 'ทุ่งศรีทอง', '', 90, 6),
(679, 'นาเหลือง', '', 90, 6),
(680, 'น้ำปั้ว', '', 90, 6),
(681, 'น้ำมวบ', '', 90, 6),
(682, 'ปงสนุก', '', 90, 6),
(683, 'แม่ขะนิง', '', 90, 6),
(684, 'แม่สา', '', 90, 6),
(685, 'แม่สาคร', '', 90, 6),
(686, 'ยาบหัวนา', '', 90, 6),
(687, 'ส้าน', '', 90, 6),
(688, 'ส้านนาหนองใหม่', '', 90, 6),
(689, 'ไหล่น่าน', '', 90, 6),
(690, 'อ่ายนาไลย', '', 90, 6),
(691, 'ชนแดน', '', 91, 6),
(692, 'นาไร่หลวง', '', 91, 6),
(693, 'ยอด', '', 91, 6),
(694, 'ดู่พงษ์', '', 92, 6),
(695, 'ป่าแลวหลวง', '', 92, 6),
(696, 'พงษ์', '', 92, 6),
(697, 'จุน', '', 93, 7),
(698, 'ทุ่งรวงทอง', '', 93, 7),
(699, 'พระธาตุขิงแกง', '', 93, 7),
(700, 'ลอ', '', 93, 7),
(701, 'หงส์หิน', '', 93, 7),
(702, 'ห้วยข้าวก่ำ', '', 93, 7),
(703, 'ห้วยยางขาม', '', 93, 7),
(704, 'เจดีย์คำ', '', 94, 7),
(705, 'เชียงบาน', '', 94, 7),
(706, 'ทุ่งผาสุข', '', 94, 7),
(707, 'น้ำแวน', '', 94, 7),
(708, 'ฝายกวาง', '', 94, 7),
(709, 'แม่ลาว', '', 94, 7),
(710, 'ร่มเย็น', '', 94, 7),
(711, 'เวียง', '', 94, 7),
(712, 'หย่วน', '', 94, 7),
(713, 'อ่างทอง', '', 94, 7),
(714, 'เชียงม่วน', '', 95, 7),
(715, 'บ้านมาง', '', 95, 7),
(716, 'สระ', '', 95, 7),
(717, 'คือเวียง', '', 96, 7),
(718, 'ดงสุวรรณ', '', 96, 7),
(719, 'ดอกคำใต้', '', 96, 7),
(720, 'ดอนศรีชุม', '', 96, 7),
(721, 'บ้านถ้ำ', '', 96, 7),
(722, 'บ้านปิน', '', 96, 7),
(723, 'บุญเกิด', '', 96, 7),
(724, 'ป่าซาง', '', 96, 7),
(725, 'สว่างอารมณ์', '', 96, 7),
(726, 'สันโค้ง', '', 96, 7),
(727, 'หนองหล่ม', '', 96, 7),
(728, 'ห้วยลาน', '', 96, 7),
(729, 'ขุนควร', '', 97, 7),
(730, 'ควร', '', 97, 7),
(731, 'งิม', '', 97, 7),
(732, 'นาปรัง', '', 97, 7),
(733, 'ปง', '', 97, 7),
(734, 'ผาช้างน้อย', '', 97, 7),
(735, 'ออย', '', 97, 7),
(736, 'ดงเจน', '', 98, 7),
(737, 'แม่อิง', '', 98, 7),
(738, 'ห้วยแก้ว', '', 98, 7),
(739, 'เชียงแรง', '', 99, 7),
(740, 'ทุ่งกล้วย', '', 99, 7),
(741, 'ป่าสัก', '', 99, 7),
(742, 'ภูซาง', '', 99, 7),
(743, 'สบบง', '', 99, 7),
(744, 'จำป่าหวาย', '', 100, 7),
(745, 'ท่าจำปี', '', 100, 7),
(746, 'ท่าวังทอง', '', 100, 7),
(747, 'บ้านต๋อม', '', 100, 7),
(748, 'บ้านต๊ำ', '', 100, 7),
(749, 'บ้านตุ่น', '', 100, 7),
(750, 'บ้านสาง', '', 100, 7),
(751, 'บ้านใหม่', '', 100, 7),
(752, 'แม่กา', '', 100, 7),
(753, 'แม่ต๋ำ', '', 100, 7),
(754, 'แม่นาเรือ', '', 100, 7),
(755, 'แม่ปืม', '', 100, 7),
(756, 'แม่ใส', '', 100, 7),
(757, 'เวียง', '', 100, 7),
(758, 'สันป่าม่วง', '', 100, 7),
(759, 'เจริญราษฎร์', '', 101, 7),
(760, 'บ้านเหล่า', '', 101, 7),
(761, 'ป่าแฝก', '', 101, 7),
(762, 'แม่ใจ', '', 101, 7),
(763, 'แม่สุก', '', 101, 7),
(764, 'ศรีถ้อย', '', 101, 7),
(765, 'วังงิ้ว', '', 102, 8),
(766, 'วังงิ้วใต้', '', 102, 8),
(767, 'สำนักขุนเณร', '', 102, 8),
(768, 'ห้วยพุก', '', 102, 8),
(769, 'ห้วยร่วม', '', 102, 8),
(770, 'คลองคูณ', '', 103, 8),
(771, 'งิ้วราย', '', 103, 8),
(772, 'ดงตะขบ', '', 103, 8),
(773, 'ตะพานหิน', '', 103, 8),
(774, 'ทับหมัน', '', 103, 8),
(775, 'ทุ่งโพธิ์', '', 103, 8),
(776, 'ไทรโรงโขน', '', 103, 8),
(777, 'ไผ่หลวง', '', 103, 8),
(778, 'วังสำโรง', '', 103, 8),
(779, 'วังหลุม', '', 103, 8),
(780, 'วังหว้า', '', 103, 8),
(781, 'หนองพยอม', '', 103, 8),
(782, 'ห้วยเกตุ', '', 103, 8),
(783, 'เขาเจ็ดลูก', '', 104, 8),
(784, 'เขาทราย', '', 104, 8),
(785, 'ทับคล้อ', '', 104, 8),
(786, 'ท้ายทุ่ง', '', 104, 8),
(787, 'เนินมะกอก', '', 105, 8),
(788, 'บางไผ่', '', 105, 8),
(789, 'บางมูลนาก', '', 105, 8),
(790, 'ภูมิ', '', 105, 8),
(791, 'ลำประดา', '', 105, 8),
(792, 'วังกรด', '', 105, 8),
(793, 'วังตะกู', '', 105, 8),
(794, 'วังสำโรง', '', 105, 8),
(795, 'ห้วยเขน', '', 105, 8),
(796, 'หอไกร', '', 105, 8),
(797, 'บางลาย', '', 106, 8),
(798, 'บึงนาราง', '', 106, 8),
(799, 'โพธิ์ไทรงาม', '', 106, 8),
(800, 'ห้วยแก้ว', '', 106, 8),
(801, 'แหลมรัง', '', 106, 8),
(802, 'ทะนง', '', 107, 8),
(803, 'ท่าขมิ้น', '', 107, 8),
(804, 'ท่านั่ง', '', 107, 8),
(805, 'ท่าบัว', '', 107, 8),
(806, 'ท้ายน้ำ', '', 107, 8),
(807, 'ท่าเสา', '', 107, 8),
(808, 'ทุ่งน้อย', '', 107, 8),
(809, 'บางคลาน', '', 107, 8),
(810, 'บ้านน้อย', '', 107, 8),
(811, 'โพทะเล', '', 107, 8),
(812, 'วัดขวาง', '', 107, 8),
(813, 'ดงเสือเหลือง', '', 108, 8),
(814, 'ทุ่งใหญ่', '', 108, 8),
(815, 'เนินสว่าง', '', 108, 8),
(816, 'ไผ่ท่าโพ', '', 108, 8),
(817, 'ไผ่รอบ', '', 108, 8),
(818, 'โพธิ์ประทับช้าง', '', 108, 8),
(819, 'วังจิก', '', 108, 8),
(820, 'คลองคะเชนทร์', '', 109, 8),
(821, 'ฆะมัง', '', 109, 8),
(822, 'ดงกลาง', '', 109, 8),
(823, 'ดงป่าคำ', '', 109, 8),
(824, 'ท่าหลวง', '', 109, 8),
(825, 'ท่าฬ่อ', '', 109, 8),
(826, 'ในเมือง', '', 109, 8),
(827, 'บ้านบุ่ง', '', 109, 8),
(828, 'ปากทาง', '', 109, 8),
(829, 'ป่ามะคาบ', '', 109, 8),
(830, 'ไผ่ขวาง', '', 109, 8),
(831, 'เมืองเก่า', '', 109, 8),
(832, 'ย่านยาว', '', 109, 8),
(833, 'โรงช้าง', '', 109, 8),
(834, 'สายคำโห้', '', 109, 8),
(835, 'หัวดง', '', 109, 8),
(836, 'บ้านนา', '', 110, 8),
(837, 'บึงบัว', '', 110, 8),
(838, 'วังโมกข์', '', 110, 8),
(839, 'หนองหลุม', '', 110, 8),
(840, 'วังทรายพูน', '', 111, 8),
(841, 'หนองปล้อง', '', 111, 8),
(842, 'หนองปลาไหล', '', 111, 8),
(843, 'หนองพระ', '', 111, 8),
(844, 'คลองทราย', '', 112, 8),
(845, 'ท่าเยี่ยม', '', 112, 8),
(846, 'วังทับไทร', '', 112, 8),
(847, 'สากเหล็ก', '', 112, 8),
(848, 'หนองหญ้าไทร', '', 112, 8),
(849, 'กำแพงดิน', '', 113, 8),
(850, 'เนินปอ', '', 113, 8),
(851, 'รังนก', '', 113, 8),
(852, 'สามง่าม', '', 113, 8),
(853, 'หนองโสน', '', 113, 8),
(854, 'ชาติตระการ', '', 114, 9),
(855, 'ท่าสะแก', '', 114, 9),
(856, 'บ่อภาค', '', 114, 9),
(857, 'บ้านดง', '', 114, 9),
(858, 'ป่าแดง', '', 114, 9),
(859, 'สวนเมี่ยง', '', 114, 9),
(860, 'นครชุม', '', 115, 9),
(861, 'นครไทย', '', 115, 9),
(862, 'นาบัว', '', 115, 9),
(863, 'น้ำกุ่ม', '', 115, 9),
(864, 'เนินเพิ่ม', '', 115, 9),
(865, 'บ่อโพธิ์', '', 115, 9),
(866, 'บ้านพร้าว', '', 115, 9),
(867, 'บ้านแยง', '', 115, 9),
(868, 'ยางโกลน', '', 115, 9),
(869, 'หนองกะท้าว', '', 115, 9),
(870, 'ห้วยเฮี้ย', '', 115, 9),
(871, 'ชมพู', '', 116, 9),
(872, 'ไทรย้อย', '', 116, 9),
(873, 'เนินมะปราง', '', 116, 9),
(874, 'บ้านน้อยซุ้มขี้เหล็ก', '', 116, 9),
(875, 'บ้านมุง', '', 116, 9),
(876, 'วังโพรง', '', 116, 9),
(877, 'วังยาง', '', 116, 9),
(878, 'โคกสลุด', '', 117, 9),
(879, 'ท่าตาล', '', 117, 9),
(880, 'นครป่าหมาก', '', 117, 9),
(881, 'เนินกุ่ม', '', 117, 9),
(882, 'บางกระทุ่ม', '', 117, 9),
(883, 'บ้านไร่', '', 117, 9),
(884, 'ไผ่ล้อม', '', 117, 9),
(885, 'วัดตายม', '', 117, 9),
(886, 'สนามคลี', '', 117, 9),
(887, 'คุยม่วง', '', 118, 9),
(888, 'ชุมแสงสงคราม', '', 118, 9),
(889, 'ท่านางงาม', '', 118, 9),
(890, 'นิคมพัฒนา', '', 118, 9),
(891, 'บ่อทอง', '', 118, 9),
(892, 'บางระกำ', '', 118, 9),
(893, 'บึงกอก', '', 118, 9),
(894, 'ปลักแรด', '', 118, 9),
(895, 'พันเสา', '', 118, 9),
(896, 'วังอิทก', '', 118, 9),
(897, 'หนองกุลา', '', 118, 9),
(898, 'ดงประคำ', '', 119, 9),
(899, 'ตลุกเทียม', '', 119, 9),
(900, 'ทับยายเชียง', '', 119, 9),
(901, 'ท่าช้าง', '', 119, 9),
(902, 'พรหมพิราม', '', 119, 9),
(903, 'มะต้อง', '', 119, 9),
(904, 'มะตูม', '', 119, 9),
(905, 'วงฆ้อง', '', 119, 9),
(906, 'วังวน', '', 119, 9),
(907, 'ศรีภิรมย์', '', 119, 9),
(908, 'หนองแขม', '', 119, 9),
(909, 'หอกลอง', '', 119, 9),
(910, 'งิ้วงาม', '', 120, 9),
(911, 'จอมทอง', '', 120, 9),
(912, 'ดอนทอง', '', 120, 9),
(913, 'ท่าทอง', '', 120, 9),
(914, 'ท่าโพธิ์', '', 120, 9),
(915, 'ในเมือง', '', 120, 9),
(916, 'บ้านกร่าง', '', 120, 9),
(917, 'บ้านคลอง', '', 120, 9),
(918, 'บ้านป่า', '', 120, 9),
(919, 'บึงพระ', '', 120, 9),
(920, 'ปากโทก', '', 120, 9),
(921, 'ไผ่ขอดอน', '', 120, 9),
(922, 'พลายชุมพล', '', 120, 9),
(923, 'มะขามสูง', '', 120, 9),
(924, 'วังน้ำคู้', '', 120, 9),
(925, 'วัดจันทร์', '', 120, 9),
(926, 'วัดพริก', '', 120, 9),
(927, 'สมอแข', '', 120, 9),
(928, 'หัวรอ', '', 120, 9),
(929, 'อรัญญิก', '', 120, 9),
(930, 'แก่งโสภา', '', 121, 9),
(931, 'ชัยนาม', '', 121, 9),
(932, 'ดินทอง', '', 121, 9),
(933, 'ท่าหมื่นราม', '', 121, 9),
(934, 'บ้านกลาง', '', 121, 9),
(935, 'พันชาลี', '', 121, 9),
(936, 'แม่ระกา', '', 121, 9),
(937, 'วังทอง', '', 121, 9),
(938, 'วังนกแอ่น', '', 121, 9),
(939, 'วังพิกุล', '', 121, 9),
(940, 'หนองพระ', '', 121, 9),
(941, 'คันโช้ง', '', 122, 9),
(942, 'ท้อแท้', '', 122, 9),
(943, 'ท่างาม', '', 122, 9),
(944, 'บ้านยาง', '', 122, 9),
(945, 'วัดโบสถ์', '', 122, 9),
(946, 'หินลาด', '', 122, 9),
(947, 'เข็กน้อย', '', 123, 10),
(948, 'เขาค้อ', '', 123, 10),
(949, 'แคมป์สน', '', 123, 10),
(950, 'ทุ่งสมอ', '', 123, 10),
(951, 'ริมสีม่วง', '', 123, 10),
(952, 'สะเดาะพง', '', 123, 10),
(953, 'หนองแม่นา', '', 123, 10),
(954, 'ชนแดน', '', 124, 10),
(955, 'ซับพุทรา', '', 124, 10),
(956, 'ดงขุย', '', 124, 10),
(957, 'ตะกุดไร', '', 124, 10),
(958, 'ท่าข้าม', '', 124, 10),
(959, 'บ้านกล้วย', '', 124, 10),
(960, 'พุทธบาท', '', 124, 10),
(961, 'ลาดแค', '', 124, 10),
(962, 'ศาลาลาย', '', 124, 10),
(963, 'โคกมน', '', 125, 10),
(964, 'น้ำหนาว', '', 125, 10),
(965, 'วังกวาง', '', 125, 10),
(966, 'หลักด่าน', '', 125, 10),
(967, 'กันจุ', '', 126, 10),
(968, 'ซับไม้แดง', '', 126, 10),
(969, 'ซับสมอทอด', '', 126, 10),
(970, 'บึงสามพัน', '', 126, 10),
(971, 'พญาวัง', '', 126, 10),
(972, 'วังพิกุล', '', 126, 10),
(973, 'ศรีมงคล', '', 126, 10),
(974, 'สระแก้ว', '', 126, 10),
(975, 'หนองแจง', '', 126, 10),
(976, 'ชอนไพร', '', 127, 10),
(977, 'ดงมูลเหล็ก', '', 127, 10),
(978, 'ตะเบาะ', '', 127, 10),
(979, 'ท่าพล', '', 127, 10),
(980, 'นางั่ว', '', 127, 10),
(981, 'นาป่า', '', 127, 10),
(982, 'นายม', '', 127, 10),
(983, 'น้ำร้อน', '', 127, 10),
(984, 'ในเมือง', '', 127, 10),
(985, 'บ้านโคก', '', 127, 10),
(986, 'บ้านโตก', '', 127, 10),
(987, 'ป่าเลา', '', 127, 10),
(988, 'ระวิง', '', 127, 10),
(989, 'วังชมภู', '', 127, 10),
(990, 'สะเดียง', '', 127, 10),
(991, 'ห้วยสะแก', '', 127, 10),
(992, 'ห้วยใหญ่', '', 127, 10),
(993, 'ซับเปิบ', '', 128, 10),
(994, 'ท้ายดง', '', 128, 10),
(995, 'วังโป่ง', '', 128, 10),
(996, 'วังศาล', '', 128, 10),
(997, 'วังหิน', '', 128, 10),
(998, 'โคกปรง', '', 129, 10),
(999, 'ซับน้อย', '', 129, 10),
(1000, 'ซับสมบูรณ์', '', 129, 10),
(1001, 'ท่าโรง', '', 129, 10),
(1002, 'น้ำร้อน', '', 129, 10),
(1003, 'บ่อรัง', '', 129, 10),
(1004, 'บึงกระจับ', '', 129, 10),
(1005, 'พุขาม', '', 129, 10),
(1006, 'พุเตย', '', 129, 10),
(1007, 'ภูน้ำหยด', '', 129, 10),
(1008, 'ยางสาว', '', 129, 10),
(1009, 'วังใหญ่', '', 129, 10),
(1010, 'สระประดู่', '', 129, 10),
(1011, 'สามแยก', '', 129, 10),
(1012, 'คลองกระจัง', '', 130, 10),
(1013, 'โคกสะอาด', '', 130, 10),
(1014, 'นาสนุ่น', '', 130, 10),
(1015, 'ประดู่งาม', '', 130, 10),
(1016, 'ศรีเทพ', '', 130, 10),
(1017, 'สระกรวด', '', 130, 10),
(1018, 'หนองย่างทอย', '', 130, 10),
(1019, 'กองทูล', '', 131, 10),
(1020, 'ท่าด้วง', '', 131, 10),
(1021, 'ท่าแดง', '', 131, 10),
(1022, 'นาเฉลียง', '', 131, 10),
(1023, 'บ่อไทย', '', 131, 10),
(1024, 'บัววัฒนา', '', 131, 10),
(1025, 'บ้านโภชน์', '', 131, 10),
(1026, 'เพชรละคร', '', 131, 10),
(1027, 'ยางงาม', '', 131, 10),
(1028, 'วังท่าดี', '', 131, 10),
(1029, 'วังโบสถ์', '', 131, 10),
(1030, 'หนองไผ่', '', 131, 10),
(1031, 'ห้วยโป่ง', '', 131, 10),
(1032, 'ตาดกลอย', '', 132, 10),
(1033, 'นาเกาะ', '', 132, 10),
(1034, 'นาซำ', '', 132, 10),
(1035, 'นาแซง', '', 132, 10),
(1036, 'บ้านเนิน', '', 132, 10),
(1037, 'วังบาล', '', 132, 10),
(1038, 'ศิลา', '', 132, 10),
(1039, 'หล่มเก่า', '', 132, 10),
(1040, 'หินฮาว', '', 132, 10),
(1041, 'ช้างตะลูด', '', 133, 10),
(1042, 'ตาลเดี่ยว', '', 133, 10),
(1043, 'ท่าอิบุญ', '', 133, 10),
(1044, 'น้ำก้อ', '', 133, 10),
(1045, 'น้ำชุน', '', 133, 10),
(1046, 'น้ำเฮี้ย', '', 133, 10),
(1047, 'บ้านกลาง', '', 133, 10),
(1048, 'บ้านติ้ว', '', 133, 10),
(1049, 'บ้านไร่', '', 133, 10),
(1050, 'บ้านโสก', '', 133, 10),
(1051, 'บ้านหวาย', '', 133, 10),
(1052, 'บุ่งคล้า', '', 133, 10),
(1053, 'บุ่งน้ำเต้า', '', 133, 10),
(1054, 'ปากช่อง', '', 133, 10),
(1055, 'ปากดุก', '', 133, 10),
(1056, 'ฝายนาแซง', '', 133, 10),
(1057, 'ลานบ่า', '', 133, 10),
(1058, 'วัดป่า', '', 133, 10),
(1059, 'สักหลง', '', 133, 10),
(1060, 'หนองไขว่', '', 133, 10),
(1061, 'หนองสว่าง', '', 133, 10),
(1062, 'หล่มสัก', '', 133, 10),
(1063, 'ห้วยไร่', '', 133, 10),
(1064, 'เด่นชัย', '', 134, 11),
(1065, 'ไทรย้อย', '', 134, 11),
(1066, 'ปงป่าหวาย', '', 134, 11),
(1067, 'แม่จั๊วะ', '', 134, 11),
(1068, 'ห้วยไร่', '', 134, 11),
(1069, 'กาญจนา', '', 135, 11),
(1070, 'ช่อแฮ', '', 135, 11),
(1071, 'ท่าข้าม', '', 135, 11),
(1072, 'ทุ่งกวาว', '', 135, 11),
(1073, 'ทุ่งโฮ้ง', '', 135, 11),
(1074, 'นาจักร', '', 135, 11),
(1075, 'น้ำชำ', '', 135, 11),
(1076, 'ในเวียง', '', 135, 11),
(1077, 'บ้านถิ่น', '', 135, 11),
(1078, 'ป่าแดง', '', 135, 11),
(1079, 'ป่าแมต', '', 135, 11),
(1080, 'แม่คำมี', '', 135, 11),
(1081, 'แม่ยม', '', 135, 11),
(1082, 'แม่หล่าย', '', 135, 11),
(1083, 'ร่องฟอง', '', 135, 11),
(1084, 'วังธง', '', 135, 11),
(1085, 'วังหงษ์', '', 135, 11),
(1086, 'สวนเขื่อน', '', 135, 11),
(1087, 'ห้วยม้า', '', 135, 11),
(1088, 'เหมืองหม้อ', '', 135, 11),
(1089, 'ทุ่งศรี', '', 136, 11),
(1090, 'น้ำเลา', '', 136, 11),
(1091, 'บ้านเวียง', '', 136, 11),
(1092, 'ไผ่โทน', '', 136, 11),
(1093, 'แม่ทราย', '', 136, 11),
(1094, 'แม่ยางตาล', '', 136, 11),
(1095, 'แม่ยางร้อง', '', 136, 11),
(1096, 'แม่ยางฮ่อ', '', 136, 11),
(1097, 'ร้องกวาง', '', 136, 11),
(1098, 'ร้องเข็ม', '', 136, 11),
(1099, 'ห้วยโรง', '', 136, 11),
(1100, 'ต้าผามอก', '', 137, 11),
(1101, 'ทุ่งแล้ง', '', 137, 11),
(1102, 'บ่อเหล็กลอง', '', 137, 11),
(1103, 'บ้านปิน', '', 137, 11),
(1104, 'ปากกาง', '', 137, 11),
(1105, 'แม่ปาน', '', 137, 11),
(1106, 'เวียงต้า', '', 137, 11),
(1107, 'ห้วยอ้อ', '', 137, 11),
(1108, 'หัวทุ่ง', '', 137, 11),
(1109, 'นาพูน', '', 138, 11),
(1110, 'ป่าสัก', '', 138, 11),
(1111, 'แม่เกิ๋ง', '', 138, 11),
(1112, 'แม่ป้าก', '', 138, 11),
(1113, 'แม่พุง', '', 138, 11),
(1114, 'วังชิ้น', '', 138, 11),
(1115, 'สรอย', '', 138, 11),
(1116, 'แดนชุมพล', '', 139, 11),
(1117, 'เตาปูน', '', 139, 11),
(1118, 'ทุ่งน้าว', '', 139, 11),
(1119, 'บ้านกลาง', '', 139, 11),
(1120, 'บ้านหนุน', '', 139, 11),
(1121, 'สะเอียบ', '', 139, 11),
(1122, 'ห้วยหม้าย', '', 139, 11),
(1123, 'หัวเมือง', '', 139, 11),
(1124, 'ดอนมูล', '', 140, 11),
(1125, 'น้ำชำ', '', 140, 11),
(1126, 'บ้านกวาง', '', 140, 11),
(1127, 'บ้านกาศ', '', 140, 11),
(1128, 'บ้านปง', '', 140, 11),
(1129, 'บ้านเหล่า', '', 140, 11),
(1130, 'พระหลวง', '', 140, 11),
(1131, 'ร่องกาศ', '', 140, 11),
(1132, 'เวียงทอง', '', 140, 11),
(1133, 'สบสาย', '', 140, 11),
(1134, 'สูงเม่น', '', 140, 11),
(1135, 'หัวฝาย', '', 140, 11),
(1136, 'ตำหนักธรรม', '', 141, 11),
(1137, 'ทุ่งแค้ว', '', 141, 11),
(1138, 'น้ำรัด', '', 141, 11),
(1139, 'แม่คำมี', '', 141, 11),
(1140, 'วังหลวง', '', 141, 11),
(1141, 'หนองม่วงไข่', '', 141, 11),
(1142, 'ขุนยวม', '', 142, 12),
(1143, 'เมืองปอน', '', 142, 12),
(1144, 'แม่กิ๊', '', 142, 12),
(1145, 'แม่เงา', '', 142, 12),
(1146, 'แม่ยวมน้อย', '', 142, 12),
(1147, 'แม่อูคอ', '', 142, 12),
(1148, 'ถ้ำลอด', '', 143, 12),
(1149, 'นาปู่ป้อม', '', 143, 12),
(1150, 'ปางมะผ้า', '', 143, 12),
(1151, 'สบป่อง', '', 143, 12),
(1152, 'ทุ่งยาว', '', 144, 12),
(1153, 'โป่งสา', '', 144, 12),
(1154, 'เมืองแปง', '', 144, 12),
(1155, 'แม่นาเติง', '', 144, 12),
(1156, 'แม่ฮี้', '', 144, 12),
(1157, 'เวียงใต้', '', 144, 12),
(1158, 'เวียงเหนือ', '', 144, 12),
(1159, 'จองคำ', '', 145, 12),
(1160, 'ปางหมู', '', 145, 12),
(1161, 'ผาบ่อง', '', 145, 12),
(1162, 'หมอกจำแป่', '', 145, 12),
(1163, 'ห้วยปูลิง', '', 145, 12),
(1164, 'ห้วยโป่ง', '', 145, 12),
(1165, 'ห้วยผา', '', 145, 12),
(1166, 'ขุนแม่ลาน้อย', '', 146, 12),
(1167, 'ท่าผาปุ้ม', '', 146, 12),
(1168, 'แม่โถ', '', 146, 12),
(1169, 'แม่นาจาง', '', 146, 12),
(1170, 'แม่ลาน้อย', '', 146, 12),
(1171, 'แม่ลาหลวง', '', 146, 12),
(1172, 'สันติคีรี', '', 146, 12),
(1173, 'ห้วยห้อม', '', 146, 12),
(1174, 'บ้านกาศ', '', 147, 12),
(1175, 'ป่าแป๋', '', 147, 12),
(1176, 'แม่คง', '', 147, 12),
(1177, 'แม่ยวม', '', 147, 12),
(1178, 'แม่สะเรียง', '', 147, 12),
(1179, 'แม่เหาะ', '', 147, 12),
(1180, 'เสาหิน', '', 147, 12),
(1181, 'กองก๋อย', '', 148, 12),
(1182, 'ป่าโป่ง', '', 148, 12),
(1183, 'แม่คะตวน', '', 148, 12),
(1184, 'แม่สวด', '', 148, 12),
(1185, 'แม่สามแลบ', '', 148, 12),
(1186, 'สบเมย', '', 148, 12),
(1187, 'เกาะคา', '', 149, 13),
(1188, 'ท่าผา', '', 149, 13),
(1189, 'นาแก้ว', '', 149, 13),
(1190, 'นาแส่ง', '', 149, 13),
(1191, 'ลำปางหลวง', '', 149, 13),
(1192, 'วังพร้าว', '', 149, 13),
(1193, 'ศาลา', '', 149, 13),
(1194, 'ใหม่พัฒนา', '', 149, 13),
(1195, 'ไหล่หิน', '', 149, 13),
(1196, 'นาแก', '', 150, 13),
(1197, 'บ้านโป่ง', '', 150, 13),
(1198, 'บ้านร้อง', '', 150, 13),
(1199, 'บ้านหวด', '', 150, 13),
(1200, 'บ้านแหง', '', 150, 13),
(1201, 'บ้านอ้อน', '', 150, 13),
(1202, 'ปงเตา', '', 150, 13),
(1203, 'แม่ตีบ', '', 150, 13),
(1204, 'หลวงใต้', '', 150, 13),
(1205, 'หลวงเหนือ', '', 150, 13),
(1206, 'แจ้ห่ม', '', 151, 13),
(1207, 'ทุ่งผึ้ง', '', 151, 13),
(1208, 'บ้านสา', '', 151, 13),
(1209, 'ปงดอน', '', 151, 13),
(1210, 'เมืองมาย', '', 151, 13),
(1211, 'แม่สุก', '', 151, 13),
(1212, 'วิเชตนคร', '', 151, 13),
(1213, 'เถินบุรี', '', 152, 13),
(1214, 'นาโป่ง', '', 152, 13),
(1215, 'แม่ถอด', '', 152, 13),
(1216, 'แม่ปะ', '', 152, 13),
(1217, 'แม่มอก', '', 152, 13),
(1218, 'แม่วะ', '', 152, 13),
(1219, 'ล้อมแรด', '', 152, 13),
(1220, 'เวียงมอก', '', 152, 13),
(1221, 'แจ้ซ้อน', '', 153, 13),
(1222, 'ทุ่งกว๋าว', '', 153, 13),
(1223, 'บ้านขอ', '', 153, 13),
(1224, 'เมืองปาน', '', 153, 13),
(1225, 'หัวเมือง', '', 153, 13),
(1226, 'กล้วยแพะ', '', 154, 13),
(1227, 'ชมพู', '', 154, 13),
(1228, 'ต้นธงชัย', '', 154, 13),
(1229, 'ทุ่งฝาย', '', 154, 13),
(1230, 'นิคมพัฒนา', '', 154, 13),
(1231, 'บ่อแฮ้ว', '', 154, 13),
(1232, 'บ้านค่า', '', 154, 13),
(1233, 'บ้านเป้า', '', 154, 13),
(1234, 'บ้านแลง', '', 154, 13),
(1235, 'บ้านเสด็จ', '', 154, 13),
(1236, 'บ้านเอื้อม', '', 154, 13),
(1237, 'บุญนาคพัฒนา', '', 154, 13),
(1238, 'ปงแสนทอง', '', 154, 13),
(1239, 'พระบาท', '', 154, 13),
(1240, 'พิชัย', '', 154, 13),
(1241, 'เวียงเหนือ', '', 154, 13),
(1242, 'สบตุ๋ย', '', 154, 13),
(1243, 'สวนดอก', '', 154, 13),
(1244, 'หัวเวียง', '', 154, 13),
(1245, 'ดอนไฟ', '', 155, 13),
(1246, 'นาครัว', '', 155, 13),
(1247, 'น้ำโจ้', '', 155, 13),
(1248, 'บ้านกิ่ว', '', 155, 13),
(1249, 'บ้านบอม', '', 155, 13),
(1250, 'ป่าตัน', '', 155, 13),
(1251, 'แม่ทะ', '', 155, 13),
(1252, 'วังเงิน', '', 155, 13),
(1253, 'สันดอนแก้ว', '', 155, 13),
(1254, 'หัวเสือ', '', 155, 13),
(1255, 'ผาปัง', '', 156, 13),
(1256, 'พระบาทวังตวง', '', 156, 13),
(1257, 'แม่ปุ', '', 156, 13),
(1258, 'แม่พริก', '', 156, 13),
(1259, 'จางเหนือ', '', 157, 13),
(1260, 'นาสัก', '', 157, 13),
(1261, 'บ้านดง', '', 157, 13),
(1262, 'แม่เมาะ', '', 157, 13),
(1263, 'สบป้าด', '', 157, 13),
(1264, 'ทุ่งฮั้ว', '', 158, 13),
(1265, 'ร่องเคาะ', '', 158, 13),
(1266, 'วังแก้ว', '', 158, 13),
(1267, 'วังซ้าย', '', 158, 13),
(1268, 'วังใต้', '', 158, 13),
(1269, 'วังทรายคำ', '', 158, 13),
(1270, 'วังทอง', '', 158, 13),
(1271, 'วังเหนือ', '', 158, 13),
(1272, 'นายาง', '', 159, 13),
(1273, 'แม่กัวะ', '', 159, 13),
(1274, 'สบปราบ', '', 159, 13),
(1275, 'สมัย', '', 159, 13),
(1276, 'ทุ่งงาม', '', 160, 13),
(1277, 'เสริมกลาง', '', 160, 13),
(1278, 'เสริมขวา', '', 160, 13),
(1279, 'เสริมซ้าย', '', 160, 13),
(1280, 'ปงยางคก', '', 161, 13),
(1281, 'เมืองยาว', '', 161, 13),
(1282, 'แม่สัน', '', 161, 13),
(1283, 'วอแก้ว', '', 161, 13),
(1284, 'เวียงตาล', '', 161, 13),
(1285, 'หนองหล่ม', '', 161, 13),
(1286, 'ห้างฉัตร', '', 161, 13),
(1287, 'ตะเคียนปม', '', 162, 14),
(1288, 'ทุ่งหัวช้าง', '', 162, 14),
(1289, 'บ้านปวง', '', 162, 14),
(1290, 'บ้านธิ', '', 163, 14),
(1291, 'ห้วยยาบ', '', 163, 14),
(1292, 'บ้านโฮ่ง', '', 164, 14),
(1293, 'ป่าพลู', '', 164, 14),
(1294, 'ศรีเตี้ย', '', 164, 14),
(1295, 'หนองปลาสะวาย', '', 164, 14),
(1296, 'เหล่ายาว', '', 164, 14),
(1297, 'ท่าตุ้ม', '', 165, 14),
(1298, 'นครเจดีย์', '', 165, 14),
(1299, 'น้ำดิบ', '', 165, 14),
(1300, 'บ้านเรือน', '', 165, 14),
(1301, 'ปากบ่อง', '', 165, 14),
(1302, 'ป่าซาง', '', 165, 14),
(1303, 'ม่วงน้อย', '', 165, 14),
(1304, 'มะกอก', '', 165, 14),
(1305, 'แม่แรง', '', 165, 14),
(1306, 'ต้นธง', '', 166, 14),
(1307, 'ในเมือง', '', 166, 14),
(1308, 'บ้านกลาง', '', 166, 14),
(1309, 'บ้านแป้น', '', 166, 14),
(1310, 'ประตูป่า', '', 166, 14),
(1311, 'ป่าสัก', '', 166, 14),
(1312, 'มะเขือแจ้', '', 166, 14),
(1313, 'ริมปิง', '', 166, 14),
(1314, 'เวียงยอง', '', 166, 14),
(1315, 'ศรีบัวบาน', '', 166, 14),
(1316, 'หนองช้างคืน', '', 166, 14),
(1317, 'หนองหนาม', '', 166, 14),
(1318, 'เหมืองง่า', '', 166, 14),
(1319, 'เหมืองจี้', '', 166, 14),
(1320, 'อุโมงค์', '', 166, 14),
(1321, 'ทากาศ', '', 167, 14),
(1322, 'ทาขุมเงิน', '', 167, 14),
(1323, 'ทาทุ่งหลวง', '', 167, 14),
(1324, 'ทาปลาดุก', '', 167, 14),
(1325, 'ทาแม่ลอบ', '', 167, 14),
(1326, 'ทาสบเส้า', '', 167, 14),
(1327, 'ก้อ', '', 168, 14),
(1328, 'ดงคำ', '', 168, 14),
(1329, 'นาทราย', '', 168, 14),
(1330, 'ป่าไผ่', '', 168, 14),
(1331, 'แม่ตืน', '', 168, 14),
(1332, 'แม่ลาน', '', 168, 14),
(1333, 'ลี้', '', 168, 14),
(1334, 'ศรีวิชัย', '', 168, 14),
(1335, 'วังผาง', '', 169, 14),
(1336, 'หนองยวง', '', 169, 14),
(1337, 'หนองล่อง', '', 169, 14),
(1338, 'กกแรต', '', 170, 15),
(1339, 'กง', '', 170, 15),
(1340, 'ไกรกลาง', '', 170, 15),
(1341, 'ไกรนอก', '', 170, 15),
(1342, 'ไกรใน', '', 170, 15),
(1343, 'ดงเดือย', '', 170, 15),
(1344, 'ท่าฉนวน', '', 170, 15),
(1345, 'บ้านกร่าง', '', 170, 15),
(1346, 'บ้านใหม่สุขเกษม', '', 170, 15),
(1347, 'ป่าแฝก', '', 170, 15),
(1348, 'หนองตูม', '', 170, 15),
(1349, 'โตนด', '', 171, 15),
(1350, 'ทุ่งยางเมือง', '', 171, 15),
(1351, 'ทุ่งหลวง', '', 171, 15),
(1352, 'นาเชิงคีรี', '', 171, 15),
(1353, 'บ้านน้ำพุ', '', 171, 15),
(1354, 'บ้านป้อม', '', 171, 15),
(1355, 'ศรีคีรีมาศ', '', 171, 15),
(1356, 'สามพวง', '', 171, 15),
(1357, 'หนองกระดิ่ง', '', 171, 15),
(1358, 'หนองจิก', '', 171, 15),
(1359, 'กลางดง', '', 172, 15),
(1360, 'เขาแก้วศรีสมบูรณ์', '', 172, 15),
(1361, 'ทุ่งเสลี่ยม', '', 172, 15),
(1362, 'ไทยชนะศึก', '', 172, 15),
(1363, 'บ้านใหม่ไชยมงคล', '', 172, 15),
(1364, 'ตลิ่งชัน', '', 173, 15),
(1365, 'บ้านด่าน', '', 173, 15),
(1366, 'ลานหอย', '', 173, 15),
(1367, 'วังตะคร้อ', '', 173, 15),
(1368, 'วังน้ำขาว', '', 173, 15),
(1369, 'วังลึก', '', 173, 15),
(1370, 'หนองหญ้าปล้อง', '', 173, 15),
(1371, 'ตาลเตี้ย', '', 174, 15),
(1372, 'ธานี', '', 174, 15),
(1373, 'บ้านกล้วย', '', 174, 15),
(1374, 'บ้านสวน', '', 174, 15),
(1375, 'บ้านหลุม', '', 174, 15),
(1376, 'ปากแคว', '', 174, 15),
(1377, 'ปากพระ', '', 174, 15),
(1378, 'เมืองเก่า', '', 174, 15),
(1379, 'ยางซ้าย', '', 174, 15),
(1380, 'วังทองแดง', '', 174, 15),
(1381, 'คลองมะพลับ', '', 175, 15),
(1382, 'นครเดิฐ', '', 175, 15),
(1383, 'น้ำขุม', '', 175, 15),
(1384, 'ศรีนคร', '', 175, 15),
(1385, 'หนองบัว', '', 175, 15),
(1386, 'ดงคู่', '', 176, 15),
(1387, 'ท่าชัย', '', 176, 15),
(1388, 'บ้านแก่ง', '', 176, 15),
(1389, 'บ้านตึก', '', 176, 15),
(1390, 'ป่างิ้ว', '', 176, 15),
(1391, 'แม่สำ', '', 176, 15),
(1392, 'แม่สิน', '', 176, 15),
(1393, 'ศรีสัชนาลัย', '', 176, 15),
(1394, 'สารจิตร', '', 176, 15),
(1395, 'หนองอ้อ', '', 176, 15),
(1396, 'หาดเสี้ยว', '', 176, 15),
(1397, 'เกาะตาเลี้ยง', '', 177, 15),
(1398, 'คลองตาล', '', 177, 15),
(1399, 'ทับผึ้ง', '', 177, 15),
(1400, 'นาขุนไกร', '', 177, 15),
(1401, 'บ้านซ่าน', '', 177, 15),
(1402, 'บ้านนา', '', 177, 15),
(1403, 'บ้านไร่', '', 177, 15),
(1404, 'ราวต้นจันทร์', '', 177, 15),
(1405, 'วังทอง', '', 177, 15),
(1406, 'วังลึก', '', 177, 15),
(1407, 'วังใหญ่', '', 177, 15),
(1408, 'วัดเกาะ', '', 177, 15),
(1409, 'สามเรือน', '', 177, 15),
(1410, 'คลองกระจง', '', 178, 15),
(1411, 'คลองยาง', '', 178, 15),
(1412, 'ท่าทอง', '', 178, 15),
(1413, 'นาทุ่ง', '', 178, 15),
(1414, 'ในเมือง', '', 178, 15),
(1415, 'ปากน้ำ', '', 178, 15),
(1416, 'ป่ากุมเกาะ', '', 178, 15),
(1417, 'เมืองบางขลัง', '', 178, 15),
(1418, 'เมืองบางยม', '', 178, 15),
(1419, 'เมืองสวรรคโลก', '', 178, 15),
(1420, 'ย่านยาว', '', 178, 15),
(1421, 'วังพิณพาทย์', '', 178, 15),
(1422, 'วังไม้ขอน', '', 178, 15),
(1423, 'หนองกลับ', '', 178, 15),
(1424, 'ข่อยสูง', '', 179, 16),
(1425, 'น้ำอ่าง', '', 179, 16),
(1426, 'บ้านแก่ง', '', 179, 16),
(1427, 'วังแดง', '', 179, 16),
(1428, 'หาดสองแคว', '', 179, 16),
(1429, 'น้ำพี้', '', 180, 16),
(1430, 'บ่อทอง', '', 180, 16),
(1431, 'ป่าคาย', '', 180, 16),
(1432, 'ผักขวง', '', 180, 16),
(1433, 'จริม', '', 181, 16),
(1434, 'ท่าปลา', '', 181, 16),
(1435, 'ท่าแฝก', '', 181, 16),
(1436, 'นางพญา', '', 181, 16),
(1437, 'น้ำหมัน', '', 181, 16),
(1438, 'ผาเลือด', '', 181, 16),
(1439, 'ร่วมจิต', '', 181, 16),
(1440, 'หาดล้า', '', 181, 16),
(1441, 'เด่นเหล็ก', '', 182, 16),
(1442, 'น้ำไคร้', '', 182, 16),
(1443, 'น้ำไผ่', '', 182, 16),
(1444, 'บ้านฝาย', '', 182, 16),
(1445, 'แสนตอ', '', 182, 16),
(1446, 'ห้วยมุ่น', '', 182, 16),
(1447, 'นาขุม', '', 183, 16),
(1448, 'บ่อเบี้ย', '', 183, 16),
(1449, 'บ้านโคก', '', 183, 16),
(1450, 'ม่วงเจ็ดต้น', '', 183, 16),
(1451, 'คอรุม', '', 184, 16),
(1452, 'ท่ามะเฟือง', '', 184, 16),
(1453, 'ท่าสัก', '', 184, 16),
(1454, 'นายาง', '', 184, 16),
(1455, 'นาอิน', '', 184, 16),
(1456, 'ในเมือง', '', 184, 16),
(1457, 'บ้านโคน', '', 184, 16),
(1458, 'บ้านดารา', '', 184, 16),
(1459, 'บ้านหม้อ', '', 184, 16),
(1460, 'พญาแมน', '', 184, 16),
(1461, 'ไร่อ้อย', '', 184, 16),
(1462, 'บ้านเสี้ยว', '', 185, 16),
(1463, 'ฟากท่า', '', 185, 16),
(1464, 'สองคอน', '', 185, 16),
(1465, 'สองห้อง', '', 185, 16),
(1466, 'ขุนฝาง', '', 186, 16),
(1467, 'คุ้งตะเภา', '', 186, 16),
(1468, 'งิ้วงาม', '', 186, 16),
(1469, 'ถ้ำฉลอง', '', 186, 16),
(1470, 'ท่าเสา', '', 186, 16),
(1471, 'ท่าอิฐ', '', 186, 16),
(1472, 'น้ำริด', '', 186, 16),
(1473, 'บ้านเกาะ', '', 186, 16),
(1474, 'บ้านด่าน', '', 186, 16),
(1475, 'บ้านด่านนาขาม', '', 186, 16),
(1476, 'ป่าเซ่า', '', 186, 16),
(1477, 'ผาจุก', '', 186, 16),
(1478, 'วังกะพี้', '', 186, 16),
(1479, 'วังดิน', '', 186, 16),
(1480, 'แสนตอ', '', 186, 16),
(1481, 'หาดกรวด', '', 186, 16),
(1482, 'หาดงิ้ว', '', 186, 16),
(1483, 'ชัยจุมพล', '', 187, 16),
(1484, 'ด่านแม่คำมัน', '', 187, 16),
(1485, 'ทุ่งยั้ง', '', 187, 16),
(1486, 'นานกกก', '', 187, 16),
(1487, 'ไผ่ล้อม', '', 187, 16),
(1488, 'ฝายหลวง', '', 187, 16),
(1489, 'แม่พูล', '', 187, 16),
(1490, 'ศรีพนมมาศ', '', 187, 16),
(1491, 'เขาขี้ฝอย', '', 188, 17),
(1492, 'โคกหม้อ', '', 188, 17),
(1493, 'ตลุกดู่', '', 188, 17),
(1494, 'ทัพทัน', '', 188, 17),
(1495, 'ทุ่งนาไทย', '', 188, 17),
(1496, 'หนองกระทุ่ม', '', 188, 17),
(1497, 'หนองกลางดง', '', 188, 17),
(1498, 'หนองยายดา', '', 188, 17),
(1499, 'หนองสระ', '', 188, 17),
(1500, 'หนองหญ้าปล้อง', '', 188, 17),
(1501, 'แก่นมะกรูด', '', 189, 17),
(1502, 'คอกควาย', '', 189, 17),
(1503, 'เจ้าวัด', '', 189, 17),
(1504, 'ทัพหลวง', '', 189, 17),
(1505, 'บ้านบึง', '', 189, 17),
(1506, 'บ้านไร่', '', 189, 17),
(1507, 'บ้านใหม่คลองเคียน', '', 189, 17),
(1508, 'เมืองการุ้ง', '', 189, 17),
(1509, 'วังหิน', '', 189, 17),
(1510, 'หนองจอก', '', 189, 17),
(1511, 'หนองบ่มกล้วย', '', 189, 17),
(1512, 'ห้วยแห้ง', '', 189, 17),
(1513, 'หูช้าง', '', 189, 17),
(1514, 'เกาะเทโพ', '', 190, 17),
(1515, 'ดอนขวาง', '', 190, 17),
(1516, 'ท่าซุง', '', 190, 17),
(1517, 'ทุ่งใหญ่', '', 190, 17),
(1518, 'น้ำซึม', '', 190, 17),
(1519, 'เนินแจง', '', 190, 17),
(1520, 'โนนเหล็ก', '', 190, 17),
(1521, 'สะแกกรัง', '', 190, 17),
(1522, 'หนองแก', '', 190, 17),
(1523, 'หนองเต่า', '', 190, 17),
(1524, 'หนองไผ่แบน', '', 190, 17),
(1525, 'หนองพังค่า', '', 190, 17),
(1526, 'หาดทนง', '', 190, 17),
(1527, 'อุทัยใหม่', '', 190, 17),
(1528, 'ทุ่งนางาม', '', 191, 17),
(1529, 'น้ำรอบ', '', 191, 17),
(1530, 'ประดู่ยืน', '', 191, 17),
(1531, 'ป่าอ้อ', '', 191, 17),
(1532, 'ระบำ', '', 191, 17),
(1533, 'ลานสัก', '', 191, 17),
(1534, 'บ่อยาง', '', 192, 17),
(1535, 'ไผ่เขียว', '', 192, 17),
(1536, 'พลวงสองนาง', '', 192, 17),
(1537, 'สว่างอารมณ์', '', 192, 17),
(1538, 'หนองหลวง', '', 192, 17),
(1539, 'ดงขวาง', '', 193, 17),
(1540, 'ดอนกลอย', '', 193, 17),
(1541, 'ท่าโพ', '', 193, 17),
(1542, 'ทุ่งพึ่ง', '', 193, 17),
(1543, 'หนองขาหย่าง', '', 193, 17),
(1544, 'หนองไผ่', '', 193, 17),
(1545, 'หมกแถว', '', 193, 17),
(1546, 'หลุมเข้า', '', 193, 17),
(1547, 'ห้วยรอบ', '', 193, 17),
(1548, 'เขากวางทอง', '', 194, 17),
(1549, 'เขาบางแกรก', '', 194, 17),
(1550, 'ทุ่งพง', '', 194, 17),
(1551, 'ทุ่งโพ', '', 194, 17),
(1552, 'บ้านเก่า', '', 194, 17),
(1553, 'หนองฉาง', '', 194, 17),
(1554, 'หนองนางนวล', '', 194, 17),
(1555, 'หนองยาง', '', 194, 17),
(1556, 'หนองสรวง', '', 194, 17),
(1557, 'อุทัยเก่า', '', 194, 17),
(1558, 'ทองหลาง', '', 195, 17),
(1559, 'สุขฤทัย', '', 195, 17),
(1560, 'ห้วยคต', '', 195, 17),
(1561, 'กมลาไสย', '', 196, 18),
(1562, 'โคกสมบูรณ์', '', 196, 18),
(1563, 'เจ้าท่า', '', 196, 18),
(1564, 'ดงลิง', '', 196, 18),
(1565, 'ธัญญา', '', 196, 18),
(1566, 'โพนงาม', '', 196, 18),
(1567, 'หนองแปน', '', 196, 18),
(1568, 'หลักเมือง', '', 196, 18),
(1569, 'กุดค้าว', '', 197, 18),
(1570, 'กุดหว้า', '', 197, 18),
(1571, 'จุมจัง', '', 197, 18),
(1572, 'แจนแลน', '', 197, 18),
(1573, 'นาโก', '', 197, 18),
(1574, 'นาขาม', '', 197, 18),
(1575, 'บัวขาว', '', 197, 18),
(1576, 'สมสะอาด', '', 197, 18),
(1577, 'สามขา', '', 197, 18),
(1578, 'หนองห้าง', '', 197, 18),
(1579, 'เหล่าใหญ่', '', 197, 18),
(1580, 'เหล่าไฮงาม', '', 197, 18),
(1581, 'กุดปลาค้าว', '', 198, 18),
(1582, 'กุดสิมคุ้มใหม่', '', 198, 18),
(1583, 'คุ้มเก่า', '', 198, 18),
(1584, 'สงเปลือย', '', 198, 18),
(1585, 'สระพังทอง', '', 198, 18),
(1586, 'หนองผือ', '', 198, 18),
(1587, 'ดินจี่', '', 199, 18),
(1588, 'ทุ่งคลอง', '', 199, 18),
(1589, 'นาทัน', '', 199, 18),
(1590, 'นาบอน', '', 199, 18),
(1591, 'เนินยาง', '', 199, 18),
(1592, 'โพน', '', 199, 18),
(1593, 'โคกสะอาด', '', 200, 18),
(1594, 'ฆ้องชัยพัฒนา', '', 200, 18),
(1595, 'โนนศิลาเลิง', '', 200, 18),
(1596, 'ลำชี', '', 200, 18),
(1597, 'เหล่ากลาง', '', 200, 18),
(1598, 'ดงพยุง', '', 201, 18),
(1599, 'ดอนจาน', '', 201, 18),
(1600, 'นาจำปา', '', 201, 18),
(1601, 'ม่วงนา', '', 201, 18),
(1602, 'สะอาดไชยศรี', '', 201, 18),
(1603, 'กุงเก่า', '', 202, 18),
(1604, 'กุดจิก', '', 202, 18),
(1605, 'ดงสมบูรณ์', '', 202, 18),
(1606, 'ท่าคันโท', '', 202, 18),
(1607, 'นาตาล', '', 202, 18),
(1608, 'ยางอู้ม', '', 202, 18),
(1609, 'นาคู', '', 203, 18),
(1610, 'โนนนาจาน', '', 203, 18),
(1611, 'บ่อแก้ว', '', 203, 18),
(1612, 'ภูแล่นช้าง', '', 203, 18),
(1613, 'สายนาวัง', '', 203, 18),
(1614, 'นามน', '', 204, 18),
(1615, 'ยอดแกง', '', 204, 18),
(1616, 'สงเปลือย', '', 204, 18),
(1617, 'หนองบัว', '', 204, 18),
(1618, 'หลักเหลี่ยม', '', 204, 18),
(1619, 'กลางหมื่น', '', 205, 18),
(1620, 'กาฬสินธุ์', '', 205, 18),
(1621, 'ขมิ้น', '', 205, 18),
(1622, 'เชียงเครือ', '', 205, 18),
(1623, 'นาจารย์', '', 205, 18),
(1624, 'บึงวิชัย', '', 205, 18),
(1625, 'ไผ่', '', 205, 18),
(1626, 'โพนทอง', '', 205, 18),
(1627, 'ภูดิน', '', 205, 18),
(1628, 'ภูปอ', '', 205, 18),
(1629, 'ลำคลอง', '', 205, 18),
(1630, 'ลำปาว', '', 205, 18),
(1631, 'ลำพาน', '', 205, 18),
(1632, 'หนองกุง', '', 205, 18),
(1633, 'หลุบ', '', 205, 18),
(1634, 'ห้วยโพธิ์', '', 205, 18),
(1635, 'เหนือ', '', 205, 18),
(1636, 'เขาพระนอน', '', 206, 18),
(1637, 'คลองขาม', '', 206, 18),
(1638, 'ดอนสมบูรณ์', '', 206, 18),
(1639, 'นาเชือก', '', 206, 18),
(1640, 'นาดี', '', 206, 18),
(1641, 'โนนสูง', '', 206, 18),
(1642, 'บัวบาน', '', 206, 18),
(1643, 'ยางตลาด', '', 206, 18),
(1644, 'เว่อ', '', 206, 18),
(1645, 'หนองตอกแป้น', '', 206, 18),
(1646, 'หนองอิเฒ่า', '', 206, 18),
(1647, 'หัวงัว', '', 206, 18),
(1648, 'หัวนาคำ', '', 206, 18),
(1649, 'อิตื้อ', '', 206, 18),
(1650, 'อุ่มเม่า', '', 206, 18),
(1651, 'ร่องคำ', '', 207, 18),
(1652, 'สามัคคี', '', 207, 18),
(1653, 'เหล่าอ้อย', '', 207, 18),
(1654, 'แซงบาดาล', '', 208, 18),
(1655, 'ผาเสวย', '', 208, 18),
(1656, 'มหาไชย', '', 208, 18),
(1657, 'ลำห้วยหลัว', '', 208, 18),
(1658, 'ศรีสมเด็จ', '', 208, 18),
(1659, 'สมเด็จ', '', 208, 18),
(1660, 'หนองแวง', '', 208, 18),
(1661, 'หมูม่น', '', 208, 18),
(1662, 'นามะเขือ', '', 209, 18),
(1663, 'นิคม', '', 209, 18),
(1664, 'โนนน้ำเกลี้ยง', '', 209, 18),
(1665, 'โนนบุรี', '', 209, 18),
(1666, 'โนนศิลา', '', 209, 18),
(1667, 'โนนแหลมทอง', '', 209, 18),
(1668, 'ภูสิงห์', '', 209, 18),
(1669, 'สหัสขันธ์', '', 209, 18),
(1670, 'คำสร้างเที่ยง', '', 210, 18),
(1671, 'สำราญ', '', 210, 18),
(1672, 'สำราญใต้', '', 210, 18),
(1673, 'หนองช้าง', '', 210, 18),
(1674, 'โคกเครือ', '', 211, 18),
(1675, 'ดงมูล', '', 211, 18),
(1676, 'ลำหนองแสน', '', 211, 18),
(1677, 'เสาเล้า', '', 211, 18),
(1678, 'หนองกุงศรี', '', 211, 18),
(1679, 'หนองบัว', '', 211, 18),
(1680, 'หนองสรวง', '', 211, 18),
(1681, 'หนองหิน', '', 211, 18),
(1682, 'หนองใหญ่', '', 211, 18),
(1683, 'คำบง', '', 212, 18),
(1684, 'ไค้นุ่น', '', 212, 18),
(1685, 'นิคมห้วยผึ้ง', '', 212, 18),
(1686, 'หนองอีบุตร', '', 212, 18),
(1687, 'กุดโดน', '', 213, 18),
(1688, 'คำเหมือดแก้ว', '', 213, 18),
(1689, 'คำใหญ่', '', 213, 18),
(1690, 'ทรายทอง', '', 213, 18),
(1691, 'โนนสะอาด', '', 213, 18),
(1692, 'บึงนาเรียง', '', 213, 18),
(1693, 'พิมูล', '', 213, 18),
(1694, 'ห้วยเม็ก', '', 213, 18),
(1695, 'หัวหิน', '', 213, 18),
(1696, 'ดูนสาด', '', 214, 19),
(1697, 'น้ำอ้อม', '', 214, 19),
(1698, 'บ้านฝาง', '', 214, 19),
(1699, 'หนองกุงใหญ่', '', 214, 19),
(1700, 'หนองโก', '', 214, 19),
(1701, 'หนองโน', '', 214, 19),
(1702, 'ห้วยโจด', '', 214, 19),
(1703, 'ห้วยยาง', '', 214, 19),
(1704, 'หัวนาคำ', '', 214, 19),
(1705, 'เขาสวนกวาง', '', 215, 19),
(1706, 'คำม่วง', '', 215, 19),
(1707, 'ดงเมืองแอม', '', 215, 19),
(1708, 'นางิ้ว', '', 215, 19),
(1709, 'โนนสมบูรณ์', '', 215, 19),
(1710, 'ซับสมบูรณ์', '', 216, 19),
(1711, 'นาแพง', '', 216, 19),
(1712, 'บ้านโคก', '', 216, 19),
(1713, 'โพธิ์ไชย', '', 216, 19),
(1714, 'กุดเพียขอม', '', 217, 19),
(1715, 'ชนบท', '', 217, 19),
(1716, 'โนนพะยอม', '', 217, 19),
(1717, 'บ้านแท่น', '', 217, 19),
(1718, 'ปอแดง', '', 217, 19),
(1719, 'วังแสง', '', 217, 19),
(1720, 'ศรีบุญเรือง', '', 217, 19),
(1721, 'ห้วยแก', '', 217, 19),
(1722, 'ขัวเรียง', '', 218, 19),
(1723, 'ชุมแพ', '', 218, 19),
(1724, 'ไชยสอ', '', 218, 19),
(1725, 'นาเพียง', '', 218, 19),
(1726, 'นาหนองทุ่ม', '', 218, 19),
(1727, 'โนนสะอาด', '', 218, 19),
(1728, 'โนนหัน', '', 218, 19),
(1729, 'โนนอุดม', '', 218, 19),
(1730, 'วังหินลาด', '', 218, 19),
(1731, 'หนองเขียด', '', 218, 19),
(1732, 'หนองไผ่', '', 218, 19),
(1733, 'หนองเสาเล้า', '', 218, 19),
(1734, 'กระนวน', '', 219, 19),
(1735, 'คำแมด', '', 219, 19),
(1736, 'คูคำ', '', 219, 19),
(1737, 'บ้านโนน', '', 219, 19),
(1738, 'ห้วยเตย', '', 219, 19);
INSERT INTO `tb_sub_district` (`sd_id`, `sd_name_th`, `sd_name_eng`, `sd_district_id`, `sd_province_id`) VALUES
(1739, 'กุดน้ำใส', '', 220, 19),
(1740, 'ทรายมูล', '', 220, 19),
(1741, 'ท่ากระเสริม', '', 220, 19),
(1742, 'น้ำพอง', '', 220, 19),
(1743, 'บัวเงิน', '', 220, 19),
(1744, 'บัวใหญ่', '', 220, 19),
(1745, 'บ้านขาม', '', 220, 19),
(1746, 'พังทุย', '', 220, 19),
(1747, 'ม่วงหวาน', '', 220, 19),
(1748, 'วังชัย', '', 220, 19),
(1749, 'สะอาด', '', 220, 19),
(1750, 'หนองกุง', '', 220, 19),
(1751, 'โนนแดง', '', 221, 19),
(1752, 'โนนศิลา', '', 221, 19),
(1753, 'บ้านหัน', '', 221, 19),
(1754, 'เปือยใหญ่', '', 221, 19),
(1755, 'หนองปลาหมอ', '', 221, 19),
(1756, 'แคนเหนือ', '', 222, 19),
(1757, 'ในเมือง', '', 222, 19),
(1758, 'บ้านไผ่', '', 222, 19),
(1759, 'บ้านลาน', '', 222, 19),
(1760, 'ป่าปอ', '', 222, 19),
(1761, 'ภูเหล็ก', '', 222, 19),
(1762, 'เมืองเพีย', '', 222, 19),
(1763, 'หนองน้ำใส', '', 222, 19),
(1764, 'หัวหนอง', '', 222, 19),
(1765, 'หินตั้ง', '', 222, 19),
(1766, 'โคกงาม', '', 223, 19),
(1767, 'โนนฆ้อง', '', 223, 19),
(1768, 'บ้านฝาง', '', 223, 19),
(1769, 'บ้านเหล่า', '', 223, 19),
(1770, 'ป่ามะนาว', '', 223, 19),
(1771, 'ป่าหวายนั่ง', '', 223, 19),
(1772, 'หนองบัว', '', 223, 19),
(1773, 'โคกสำราญ', '', 224, 19),
(1774, 'โนนสมบูรณ์', '', 224, 19),
(1775, 'บ้านแฮด', '', 224, 19),
(1776, 'หนองแซง', '', 224, 19),
(1777, 'ขามป้อม', '', 225, 19),
(1778, 'เปือยน้อย', '', 225, 19),
(1779, 'วังม่วง', '', 225, 19),
(1780, 'สระแก้ว', '', 225, 19),
(1781, 'ขามป้อม', '', 226, 19),
(1782, 'บ้านโต้น', '', 226, 19),
(1783, 'พระบุ', '', 226, 19),
(1784, 'พระยืน', '', 226, 19),
(1785, 'หนองแวง', '', 226, 19),
(1786, 'เก่างิ้ว', '', 227, 19),
(1787, 'โคกสง่า', '', 227, 19),
(1788, 'โจดหนองแก', '', 227, 19),
(1789, 'โนนข่า', '', 227, 19),
(1790, 'เพ็กใหญ่', '', 227, 19),
(1791, 'เมืองพล', '', 227, 19),
(1792, 'ลอมคอม', '', 227, 19),
(1793, 'โสกนกเต็น', '', 227, 19),
(1794, 'หนองมะเขือ', '', 227, 19),
(1795, 'หนองแวงนางเบ้า', '', 227, 19),
(1796, 'หนองแวงโสกพระ', '', 227, 19),
(1797, 'หัวทุ่ง', '', 227, 19),
(1798, 'นาฝาย', '', 228, 19),
(1799, 'โนนคอม', '', 228, 19),
(1800, 'ภูผาม่าน', '', 228, 19),
(1801, 'วังสวาบ', '', 228, 19),
(1802, 'ห้วยม่วง', '', 228, 19),
(1803, 'กุดขอนแก่น', '', 229, 19),
(1804, 'ดินดำ', '', 229, 19),
(1805, 'ทุ่งชมพู', '', 229, 19),
(1806, 'นาชุมแสง', '', 229, 19),
(1807, 'นาหว้า', '', 229, 19),
(1808, 'บ้านเรือ', '', 229, 19),
(1809, 'ภูเวียง', '', 229, 19),
(1810, 'สงเปือย', '', 229, 19),
(1811, 'หนองกุงเซิน', '', 229, 19),
(1812, 'หนองกุงธนสาร', '', 229, 19),
(1813, 'หว้าทอง', '', 229, 19),
(1814, 'กุดเค้า', '', 230, 19),
(1815, 'คำแคน', '', 230, 19),
(1816, 'ท่าศาลา', '', 230, 19),
(1817, 'นาข่า', '', 230, 19),
(1818, 'นางาม', '', 230, 19),
(1819, 'โพนเพ็ก', '', 230, 19),
(1820, 'สวนหม่อน', '', 230, 19),
(1821, 'หนองแปน', '', 230, 19),
(1822, 'โคกสี', '', 231, 19),
(1823, 'ดอนช้าง', '', 231, 19),
(1824, 'ดอนหัน', '', 231, 19),
(1825, 'แดงใหญ่', '', 231, 19),
(1826, 'ท่าพระ', '', 231, 19),
(1827, 'โนนท่อน', '', 231, 19),
(1828, 'ในเมือง', '', 231, 19),
(1829, 'บ้านค้อ', '', 231, 19),
(1830, 'บ้านทุ่ม', '', 231, 19),
(1831, 'บ้านเป็ด', '', 231, 19),
(1832, 'บ้านหว้า', '', 231, 19),
(1833, 'บึงเนียม', '', 231, 19),
(1834, 'พระลับ', '', 231, 19),
(1835, 'เมืองเก่า', '', 231, 19),
(1836, 'ศิลา', '', 231, 19),
(1837, 'สาวะถี', '', 231, 19),
(1838, 'สำราญ', '', 231, 19),
(1839, 'หนองตูม', '', 231, 19),
(1840, 'เขาน้อย', '', 232, 19),
(1841, 'ในเมือง', '', 232, 19),
(1842, 'เมืองเก่าพัฒนา', '', 232, 19),
(1843, 'ก้านเหลือง', '', 233, 19),
(1844, 'ทางขวาง', '', 233, 19),
(1845, 'ท่านางแนว', '', 233, 19),
(1846, 'ท่าวัด', '', 233, 19),
(1847, 'ละหานนา', '', 233, 19),
(1848, 'แวงน้อย', '', 233, 19),
(1849, 'คอนฉิม', '', 234, 19),
(1850, 'โนนทอง', '', 234, 19),
(1851, 'โนนสะอาด', '', 234, 19),
(1852, 'แวงใหญ่', '', 234, 19),
(1853, 'ใหม่นาเพียง', '', 234, 19),
(1854, 'ซำยาง', '', 235, 19),
(1855, 'ดงลาน', '', 235, 19),
(1856, 'นาจาน', '', 235, 19),
(1857, 'บริบูรณ์', '', 235, 19),
(1858, 'บ้านใหม่', '', 235, 19),
(1859, 'ภูห่าน', '', 235, 19),
(1860, 'วังเพิ่ม', '', 235, 19),
(1861, 'ศรีสุข', '', 235, 19),
(1862, 'สีชมพู', '', 235, 19),
(1863, 'หนองแดง', '', 235, 19),
(1864, 'กุดธาตุ', '', 236, 19),
(1865, 'ขนวน', '', 236, 19),
(1866, 'บ้านโคก', '', 236, 19),
(1867, 'กุดกว้าง', '', 237, 19),
(1868, 'จระเข้', '', 237, 19),
(1869, 'โนนทอง', '', 237, 19),
(1870, 'โนนทัน', '', 237, 19),
(1871, 'โนนสะอาด', '', 237, 19),
(1872, 'บ้านกง', '', 237, 19),
(1873, 'บ้านผือ', '', 237, 19),
(1874, 'บ้านเม็ง', '', 237, 19),
(1875, 'ยางคำ', '', 237, 19),
(1876, 'หนองเรือ', '', 237, 19),
(1877, 'คึมชาด', '', 238, 19),
(1878, 'ดงเค็ง', '', 238, 19),
(1879, 'ดอนดั่ง', '', 238, 19),
(1880, 'ดอนดู่', '', 238, 19),
(1881, 'ตะกั่วป่า', '', 238, 19),
(1882, 'โนนธาตุ', '', 238, 19),
(1883, 'วังหิน', '', 238, 19),
(1884, 'สำโรง', '', 238, 19),
(1885, 'หนองไผ่ล้อม', '', 238, 19),
(1886, 'หนองเม็ก', '', 238, 19),
(1887, 'หนองสองห้อง', '', 238, 19),
(1888, 'หันโจด', '', 238, 19),
(1889, 'เขื่อนอุบลรัตน์', '', 239, 19),
(1890, 'โคกสูง', '', 239, 19),
(1891, 'ทุ่งโป่ง', '', 239, 19),
(1892, 'นาคำ', '', 239, 19),
(1893, 'บ้านดง', '', 239, 19),
(1894, 'ศรีสุขสำราญ', '', 239, 19),
(1895, 'กุดเลาะ', '', 240, 20),
(1896, 'โนนกอก', '', 240, 20),
(1897, 'โนนทอง', '', 240, 20),
(1898, 'บ้านเดื่อ', '', 240, 20),
(1899, 'บ้านบัว', '', 240, 20),
(1900, 'บ้านเป้า', '', 240, 20),
(1901, 'บ้านยาง', '', 240, 20),
(1902, 'บ้านหัน', '', 240, 20),
(1903, 'สระโพนทอง', '', 240, 20),
(1904, 'หนองข่า', '', 240, 20),
(1905, 'หนองโพนงาม', '', 240, 20),
(1906, 'เก่าย่าดี', '', 241, 20),
(1907, 'โคกกุง', '', 241, 20),
(1908, 'ช่องสามหมอ', '', 241, 20),
(1909, 'ท่ามะไฟหวาน', '', 241, 20),
(1910, 'นาหนองทุ่ม', '', 241, 20),
(1911, 'บ้านแก้ง', '', 241, 20),
(1912, 'หนองขาม', '', 241, 20),
(1913, 'หนองไผ่', '', 241, 20),
(1914, 'หนองสังข์', '', 241, 20),
(1915, 'หลุบคา', '', 241, 20),
(1916, 'คอนสวรรค์', '', 242, 20),
(1917, 'โคกมั่งงอย', '', 242, 20),
(1918, 'ช่องสามหมอ', '', 242, 20),
(1919, 'โนนสะอาด', '', 242, 20),
(1920, 'บ้านโสก', '', 242, 20),
(1921, 'ยางหวาย', '', 242, 20),
(1922, 'ศรีสำราญ', '', 242, 20),
(1923, 'หนองขาม', '', 242, 20),
(1924, 'ห้วยไร่', '', 242, 20),
(1925, 'คอนสาร', '', 243, 20),
(1926, 'ดงกลาง', '', 243, 20),
(1927, 'ดงบัง', '', 243, 20),
(1928, 'ทุ่งนาเลา', '', 243, 20),
(1929, 'ทุ่งพระ', '', 243, 20),
(1930, 'ทุ่งลุยลาย', '', 243, 20),
(1931, 'โนนคูณ', '', 243, 20),
(1932, 'ห้วยยาง', '', 243, 20),
(1933, 'กุดน้ำใส', '', 244, 20),
(1934, 'บ้านกอก', '', 244, 20),
(1935, 'บ้านขาม', '', 244, 20),
(1936, 'ละหาน', '', 244, 20),
(1937, 'ส้มป่อย', '', 244, 20),
(1938, 'หนองโดน', '', 244, 20),
(1939, 'หนองบัวโคก', '', 244, 20),
(1940, 'หนองบัวบาน', '', 244, 20),
(1941, 'หนองบัวใหญ่', '', 244, 20),
(1942, 'ซับใหญ่', '', 245, 20),
(1943, 'ตะโกทอง', '', 245, 20),
(1944, 'ท่ากูบ', '', 245, 20),
(1945, 'นายางกลัก', '', 246, 20),
(1946, 'บ้านไร่', '', 246, 20),
(1947, 'โป่งนก', '', 246, 20),
(1948, 'วะตะแบก', '', 246, 20),
(1949, 'ห้วยยายจิ๋ว', '', 246, 20),
(1950, 'กะฮาด', '', 247, 20),
(1951, 'ตาเนิน', '', 247, 20),
(1952, 'รังงาม', '', 247, 20),
(1953, 'หนองฉิม', '', 247, 20),
(1954, 'ชีบน', '', 248, 20),
(1955, 'ตลาดแร้ง', '', 248, 20),
(1956, 'โนนแดง', '', 248, 20),
(1957, 'บ้านเขว้า', '', 248, 20),
(1958, 'ภูแลนคา', '', 248, 20),
(1959, 'ลุ่มลำชี', '', 248, 20),
(1960, 'บ้านเต่า', '', 249, 20),
(1961, 'บ้านแท่น', '', 249, 20),
(1962, 'สระพัง', '', 249, 20),
(1963, 'สามสวน', '', 249, 20),
(1964, 'หนองคู', '', 249, 20),
(1965, 'เกาะมะนาว', '', 250, 20),
(1966, 'โคกเพชรพัฒนา', '', 250, 20),
(1967, 'โคกเริงรมย์', '', 250, 20),
(1968, 'บ้านชวน', '', 250, 20),
(1969, 'บ้านตาล', '', 250, 20),
(1970, 'บ้านเพชร', '', 250, 20),
(1971, 'หัวทะเล', '', 250, 20),
(1972, 'เจาทอง', '', 251, 20),
(1973, 'บ้านเจียง', '', 251, 20),
(1974, 'วังทอง', '', 251, 20),
(1975, 'แหลมทอง', '', 251, 20),
(1976, 'กวางโจน', '', 252, 20),
(1977, 'กุดยม', '', 252, 20),
(1978, 'โคกสะอาด', '', 252, 20),
(1979, 'ธาตุทอง', '', 252, 20),
(1980, 'บ้านแก้ง', '', 252, 20),
(1981, 'บ้านดอน', '', 252, 20),
(1982, 'บ้านเพชร', '', 252, 20),
(1983, 'ผักปัง', '', 252, 20),
(1984, 'หนองคอนไทย', '', 252, 20),
(1985, 'หนองตูม', '', 252, 20),
(1986, 'โอโล', '', 252, 20),
(1987, 'กุดตุ้ม', '', 253, 20),
(1988, 'โคกสูง', '', 253, 20),
(1989, 'ชีลอง', '', 253, 20),
(1990, 'ซับสีทอง', '', 253, 20),
(1991, 'ท่าหินโงม', '', 253, 20),
(1992, 'นาฝาย', '', 253, 20),
(1993, 'นาเสียว', '', 253, 20),
(1994, 'โนนสำราญ', '', 253, 20),
(1995, 'ในเมือง', '', 253, 20),
(1996, 'บ้านค่าย', '', 253, 20),
(1997, 'บ้านเล่า', '', 253, 20),
(1998, 'บุ่งคล้า', '', 253, 20),
(1999, 'โพนทอง', '', 253, 20),
(2000, 'รอบเมือง', '', 253, 20),
(2001, 'ลาดใหญ่', '', 253, 20),
(2002, 'หนองนาแซง', '', 253, 20),
(2003, 'หนองไผ่', '', 253, 20),
(2004, 'ห้วยต้อน', '', 253, 20),
(2005, 'ห้วยบง', '', 253, 20),
(2006, 'กุดชุมแสง', '', 254, 20),
(2007, 'คูเมือง', '', 254, 20),
(2008, 'ถ้ำวัวแดง', '', 254, 20),
(2009, 'ท่าใหญ่', '', 254, 20),
(2010, 'นางแดด', '', 254, 20),
(2011, 'วังชมภู', '', 254, 20),
(2012, 'หนองบัวแดง', '', 254, 20),
(2013, 'หนองแวง', '', 254, 20),
(2014, 'โคกสะอาด', '', 255, 20),
(2015, 'วังตะเฆ่', '', 255, 20),
(2016, 'โสกปลาดุก', '', 255, 20),
(2017, 'หนองบัวระเหว', '', 255, 20),
(2018, 'ห้วยแย้', '', 255, 20),
(2019, 'ไชยบุรี', '', 256, 21),
(2020, 'ท่าจำปา', '', 256, 21),
(2021, 'ท่าอุเทน', '', 256, 21),
(2022, 'โนนตาล', '', 256, 21),
(2023, 'พนอม', '', 256, 21),
(2024, 'พะทาย', '', 256, 21),
(2025, 'รามราช', '', 256, 21),
(2026, 'เวินพระบาท', '', 256, 21),
(2027, 'หนองเทา', '', 256, 21),
(2028, 'กุดฉิม', '', 257, 21),
(2029, 'ดอนนางหงส์', '', 257, 21),
(2030, 'ธาตุพนม', '', 257, 21),
(2031, 'ธาตุพนมเหนือ', '', 257, 21),
(2032, 'นาถ่อน', '', 257, 21),
(2033, 'นาหนาด', '', 257, 21),
(2034, 'น้ำก่ำ', '', 257, 21),
(2035, 'ฝั่งแดง', '', 257, 21),
(2036, 'พระกลางทุ่ง', '', 257, 21),
(2037, 'โพนแพง', '', 257, 21),
(2038, 'แสนพัน', '', 257, 21),
(2039, 'อุ่มเหม้า', '', 257, 21),
(2040, 'ก้านเหลือง', '', 258, 21),
(2041, 'คำพี้', '', 258, 21),
(2042, 'นาแก', '', 258, 21),
(2043, 'นาคู่', '', 258, 21),
(2044, 'นาเลียง', '', 258, 21),
(2045, 'บ้านแก้ง', '', 258, 21),
(2046, 'พระซอง', '', 258, 21),
(2047, 'พิมาน', '', 258, 21),
(2048, 'พุ่มแก', '', 258, 21),
(2049, 'สีชมพู', '', 258, 21),
(2050, 'หนองบ่อ', '', 258, 21),
(2051, 'หนองสังข์', '', 258, 21),
(2052, 'ดอนเตย', '', 259, 21),
(2053, 'นาทม', '', 259, 21),
(2054, 'หนองซน', '', 259, 21),
(2055, 'ท่าเรือ', '', 260, 21),
(2056, 'นาคูณใหญ่', '', 260, 21),
(2057, 'นางัว', '', 260, 21),
(2058, 'นาหว้า', '', 260, 21),
(2059, 'บ้านเสียว', '', 260, 21),
(2060, 'เหล่าพัฒนา', '', 260, 21),
(2061, 'นาเข', '', 261, 21),
(2062, 'นางัว', '', 261, 21),
(2063, 'บ้านแพง', '', 261, 21),
(2064, 'ไผ่ล้อม', '', 261, 21),
(2065, 'โพนทอง', '', 261, 21),
(2066, 'หนองแวง', '', 261, 21),
(2067, 'กุตาไก้', '', 262, 21),
(2068, 'โคกสว่าง', '', 262, 21),
(2069, 'โคกสูง', '', 262, 21),
(2070, 'นามะเขือ', '', 262, 21),
(2071, 'ปลาปาก', '', 262, 21),
(2072, 'มหาชัย', '', 262, 21),
(2073, 'หนองเทาใหญ่', '', 262, 21),
(2074, 'หนองฮี', '', 262, 21),
(2075, 'นาขมิ้น', '', 263, 21),
(2076, 'นาใน', '', 263, 21),
(2077, 'นาหัวบ่อ', '', 263, 21),
(2078, 'บ้านค้อ', '', 263, 21),
(2079, 'โพนจาน', '', 263, 21),
(2080, 'โพนบก', '', 263, 21),
(2081, 'โพนสวรรค์', '', 263, 21),
(2082, 'กุรุคุ', '', 264, 21),
(2083, 'ขามเฒ่า', '', 264, 21),
(2084, 'คำเตย', '', 264, 21),
(2085, 'ดงขวาง', '', 264, 21),
(2086, 'ท่าค้อ', '', 264, 21),
(2087, 'นาทราย', '', 264, 21),
(2088, 'นาราชควาย', '', 264, 21),
(2089, 'ในเมือง', '', 264, 21),
(2090, 'บ้านกลาง', '', 264, 21),
(2091, 'บ้านผึ้ง', '', 264, 21),
(2092, 'โพธิ์ตาก', '', 264, 21),
(2093, 'วังตามัว', '', 264, 21),
(2094, 'หนองญาติ', '', 264, 21),
(2095, 'หนองแสง', '', 264, 21),
(2096, 'อาจสามารถ', '', 264, 21),
(2097, 'โคกหินแฮ่', '', 265, 21),
(2098, 'ท่าลาด', '', 265, 21),
(2099, 'นาขาม', '', 265, 21),
(2100, 'นางาม', '', 265, 21),
(2101, 'โพนทอง', '', 265, 21),
(2102, 'เรณู', '', 265, 21),
(2103, 'เรณูใต้', '', 265, 21),
(2104, 'หนองย่างชิ้น', '', 265, 21),
(2105, 'โคกสี', '', 266, 21),
(2106, 'ยอดชาด', '', 266, 21),
(2107, 'วังยาง', '', 266, 21),
(2108, 'หนองโพธิ์', '', 266, 21),
(2109, 'ท่าบ่อสงคราม', '', 267, 21),
(2110, 'นาคำ', '', 267, 21),
(2111, 'นาเดื่อ', '', 267, 21),
(2112, 'บ้านข่า', '', 267, 21),
(2113, 'บ้านเอื้อง', '', 267, 21),
(2114, 'โพนสว่าง', '', 267, 21),
(2115, 'ศรีสงคราม', '', 267, 21),
(2116, 'สามผง', '', 267, 21),
(2117, 'หาดแพง', '', 267, 21),
(2118, 'แก้งสนามนาง', '', 268, 22),
(2119, 'โนนสำราญ', '', 268, 22),
(2120, 'บึงพะไล', '', 268, 22),
(2121, 'บึงสำโรง', '', 268, 22),
(2122, 'สีสุก', '', 268, 22),
(2123, 'ขามทะเลสอ', '', 269, 22),
(2124, 'บึงอ้อ', '', 269, 22),
(2125, 'โป่งแดง', '', 269, 22),
(2126, 'พันดุง', '', 269, 22),
(2127, 'หนองสรวง', '', 269, 22),
(2128, 'ขามสะแกแสง', '', 270, 22),
(2129, 'ชีวึก', '', 270, 22),
(2130, 'โนนเมือง', '', 270, 22),
(2131, 'พะงาด', '', 270, 22),
(2132, 'เมืองเกษตร', '', 270, 22),
(2133, 'เมืองนาท', '', 270, 22),
(2134, 'หนองหัวฟาน', '', 270, 22),
(2135, 'ขามสมบูรณ์', '', 271, 22),
(2136, 'คูขาด', '', 271, 22),
(2137, 'ดอนใหญ่', '', 271, 22),
(2138, 'ตาจั่น', '', 271, 22),
(2139, 'เทพาลัย', '', 271, 22),
(2140, 'โนนเต็ง', '', 271, 22),
(2141, 'บ้านปรางค์', '', 271, 22),
(2142, 'เมืองคง', '', 271, 22),
(2143, 'หนองบัว', '', 271, 22),
(2144, 'หนองมะนาว', '', 271, 22),
(2145, 'ครบุรี', '', 272, 22),
(2146, 'ครบุรีใต้', '', 272, 22),
(2147, 'โคกกระชาย', '', 272, 22),
(2148, 'จระเข้หิน', '', 272, 22),
(2149, 'เฉลียง', '', 272, 22),
(2150, 'แชะ', '', 272, 22),
(2151, 'ตะแบกบาน', '', 272, 22),
(2152, 'บ้านใหม่', '', 272, 22),
(2153, 'มาบตะโกเอน', '', 272, 22),
(2154, 'ลำเพียก', '', 272, 22),
(2155, 'สระว่านพระยา', '', 272, 22),
(2156, 'อรพิมพ์', '', 272, 22),
(2157, 'คลองเมือง', '', 273, 22),
(2158, 'จักราช', '', 273, 22),
(2159, 'ทองหลาง', '', 273, 22),
(2160, 'ศรีละกอ', '', 273, 22),
(2161, 'สีสุก', '', 273, 22),
(2162, 'หนองขาม', '', 273, 22),
(2163, 'หนองพลวง', '', 273, 22),
(2164, 'หินโคน', '', 273, 22),
(2165, 'ช้างทอง', '', 274, 22),
(2166, 'ท่าช้าง', '', 274, 22),
(2167, 'พระพุทธ', '', 274, 22),
(2168, 'หนองงูเหลือม', '', 274, 22),
(2169, 'หนองยาง', '', 274, 22),
(2170, 'ชุมพวง', '', 275, 22),
(2171, 'ตลาดไทร', '', 275, 22),
(2172, 'ท่าลาด', '', 275, 22),
(2173, 'โนนตูม', '', 275, 22),
(2174, 'โนนยอ', '', 275, 22),
(2175, 'โนนรัง', '', 275, 22),
(2176, 'ประสุข', '', 275, 22),
(2177, 'สาหร่าย', '', 275, 22),
(2178, 'หนองหลัก', '', 275, 22),
(2179, 'กระโทก', '', 276, 22),
(2180, 'โชคชัย', '', 276, 22),
(2181, 'ด่านเกวียน', '', 276, 22),
(2182, 'ท่าจะหลุง', '', 276, 22),
(2183, 'ท่าเยี่ยม', '', 276, 22),
(2184, 'ท่าลาดขาว', '', 276, 22),
(2185, 'ท่าอ่าง', '', 276, 22),
(2186, 'ทุ่งอรุณ', '', 276, 22),
(2187, 'พลับพลา', '', 276, 22),
(2188, 'ละลมใหม่พัฒนา', '', 276, 22),
(2189, 'กุดพิมาน', '', 277, 22),
(2190, 'ด่านขุนทด', '', 277, 22),
(2191, 'ด่านนอก', '', 277, 22),
(2192, 'ด่านใน', '', 277, 22),
(2193, 'ตะเคียน', '', 277, 22),
(2194, 'โนนเมืองพัฒนา', '', 277, 22),
(2195, 'บ้านเก่า', '', 277, 22),
(2196, 'บ้านแปรง', '', 277, 22),
(2197, 'พันชนะ', '', 277, 22),
(2198, 'สระจรเข้', '', 277, 22),
(2199, 'หนองกราด', '', 277, 22),
(2200, 'หนองไทร', '', 277, 22),
(2201, 'หนองบัวตะเกียด', '', 277, 22),
(2202, 'หนองบัวละคร', '', 277, 22),
(2203, 'ห้วยบง', '', 277, 22),
(2204, 'หินดาด', '', 277, 22),
(2205, 'บึงปรือ', '', 278, 22),
(2206, 'วังยายทอง', '', 278, 22),
(2207, 'สำนักตะครัอ', '', 278, 22),
(2208, 'หนองแวง', '', 278, 22),
(2209, 'ดอนยาวใหญ่', '', 279, 22),
(2210, 'โนนแดง', '', 279, 22),
(2211, 'โนนตาเถร', '', 279, 22),
(2212, 'วังหิน', '', 279, 22),
(2213, 'สำพะเนียง', '', 279, 22),
(2214, 'กำปัง', '', 280, 22),
(2215, 'ค้างพลู', '', 280, 22),
(2216, 'ด่านจาก', '', 280, 22),
(2217, 'ถนนโพธิ์', '', 280, 22),
(2218, 'โนนไทย', '', 280, 22),
(2219, 'บัลลังก์', '', 280, 22),
(2220, 'บ้านวัง', '', 280, 22),
(2221, 'มะค่า', '', 280, 22),
(2222, 'สายออ', '', 280, 22),
(2223, 'สำโรง', '', 280, 22),
(2224, 'ขามเฒ่า', '', 281, 22),
(2225, 'จันอัด', '', 281, 22),
(2226, 'ดอนชมพู', '', 281, 22),
(2227, 'ดอนหวาย', '', 281, 22),
(2228, 'ด่านคล้า', '', 281, 22),
(2229, 'โตนด', '', 281, 22),
(2230, 'ธารปราสาท', '', 281, 22),
(2231, 'โนนสูง', '', 281, 22),
(2232, 'บิง', '', 281, 22),
(2233, 'พลสงคราม', '', 281, 22),
(2234, 'มะค่า', '', 281, 22),
(2235, 'เมืองปราสาท', '', 281, 22),
(2236, 'ลำคอหงษ์', '', 281, 22),
(2237, 'ลำมูล', '', 281, 22),
(2238, 'หลุมข้าว', '', 281, 22),
(2239, 'ใหม่', '', 281, 22),
(2240, 'โนนจาน', '', 282, 22),
(2241, 'บัวลาย', '', 282, 22),
(2242, 'เมืองพะไล', '', 282, 22),
(2243, 'หนองหว้า', '', 282, 22),
(2244, 'กุดจอก', '', 283, 22),
(2245, 'ขุนทอง', '', 283, 22),
(2246, 'ดอนตะหนิน', '', 283, 22),
(2247, 'ด่านช้าง', '', 283, 22),
(2248, 'โนนทองหลาง', '', 283, 22),
(2249, 'บัวใหญ่', '', 283, 22),
(2250, 'เสมาใหญ่', '', 283, 22),
(2251, 'หนองแจ้งใหญ่', '', 283, 22),
(2252, 'หนองบัวสะอาด', '', 283, 22),
(2253, 'ห้วยยาง', '', 283, 22),
(2254, 'โคกกระเบื้อง', '', 284, 22),
(2255, 'ช่อระกา', '', 284, 22),
(2256, 'บ้านเหลื่อม', '', 284, 22),
(2257, 'วังโพธิ์', '', 284, 22),
(2258, 'กระทุ่มราย', '', 285, 22),
(2259, 'โคกกลาง', '', 285, 22),
(2260, 'ดอนมัน', '', 285, 22),
(2261, 'ตลาดไทร', '', 285, 22),
(2262, 'ทุ่งสว่าง', '', 285, 22),
(2263, 'นางรำ', '', 285, 22),
(2264, 'โนนเพ็ด', '', 285, 22),
(2265, 'ประทาย', '', 285, 22),
(2266, 'เมืองโดน', '', 285, 22),
(2267, 'วังไม้แดง', '', 285, 22),
(2268, 'หนองค่าย', '', 285, 22),
(2269, 'หนองพลวง', '', 285, 22),
(2270, 'หันห้วยทราย', '', 285, 22),
(2271, 'เกษมทรัพย์', '', 286, 22),
(2272, 'โคกไทย', '', 286, 22),
(2273, 'งิ้ว', '', 286, 22),
(2274, 'ดอน', '', 286, 22),
(2275, 'ตะขบ', '', 286, 22),
(2276, 'ตะคุ', '', 286, 22),
(2277, 'ตูม', '', 286, 22),
(2278, 'ธงชัยเหนือ', '', 286, 22),
(2279, 'นกออก', '', 286, 22),
(2280, 'บ่อปลาทอง', '', 286, 22),
(2281, 'ภูหลวง', '', 286, 22),
(2282, 'เมืองปัก', '', 286, 22),
(2283, 'ลำนางแก้ว', '', 286, 22),
(2284, 'สะแกราช', '', 286, 22),
(2285, 'สำโรง', '', 286, 22),
(2286, 'สุขเกษม', '', 286, 22),
(2287, 'กลางดง', '', 287, 22),
(2288, 'ขนงพระ', '', 287, 22),
(2289, 'คลองม่วง', '', 287, 22),
(2290, 'จันทึก', '', 287, 22),
(2291, 'ปากช่อง', '', 287, 22),
(2292, 'โป่งตาลอง', '', 287, 22),
(2293, 'พญาเย็น', '', 287, 22),
(2294, 'วังกะทะ', '', 287, 22),
(2295, 'วังไทร', '', 287, 22),
(2296, 'หนองน้ำแดง', '', 287, 22),
(2297, 'หนองสาหร่าย', '', 287, 22),
(2298, 'หมูสี', '', 287, 22),
(2299, 'ทัพรั้ง', '', 288, 22),
(2300, 'พังเทียม', '', 288, 22),
(2301, 'มาบกราด', '', 288, 22),
(2302, 'สระพระ', '', 288, 22),
(2303, 'หนองหอย', '', 288, 22),
(2304, 'กระชอน', '', 289, 22),
(2305, 'กระเบื้องใหญ่', '', 289, 22),
(2306, 'ชีวาน', '', 289, 22),
(2307, 'ดงใหญ่', '', 289, 22),
(2308, 'ท่าหลวง', '', 289, 22),
(2309, 'ธารละหลอด', '', 289, 22),
(2310, 'นิคมสร้างตนเอง', '', 289, 22),
(2311, 'ในเมือง', '', 289, 22),
(2312, 'โบสถ์', '', 289, 22),
(2313, 'รังกาใหญ่', '', 289, 22),
(2314, 'สัมฤทธิ์', '', 289, 22),
(2315, 'หนองระเวียง', '', 289, 22),
(2316, 'โคกกรวด', '', 290, 22),
(2317, 'โคกสูง', '', 290, 22),
(2318, 'จอหอ', '', 290, 22),
(2319, 'ไชยมงคล', '', 290, 22),
(2320, 'ตลาด', '', 290, 22),
(2321, 'ในเมือง', '', 290, 22),
(2322, 'บ้านเกาะ', '', 290, 22),
(2323, 'บ้านโพธิ์', '', 290, 22),
(2324, 'บ้านใหม่', '', 290, 22),
(2325, 'ปรุใหญ่', '', 290, 22),
(2326, 'พลกรัง', '', 290, 22),
(2327, 'พะเนา', '', 290, 22),
(2328, 'พุดซา', '', 290, 22),
(2329, 'โพธิ์กลาง', '', 290, 22),
(2330, 'มะเริง', '', 290, 22),
(2331, 'สีมุม', '', 290, 22),
(2332, 'สุรนารี', '', 290, 22),
(2333, 'หนองกระทุ่ม', '', 290, 22),
(2334, 'หนองไข่น้ำ', '', 290, 22),
(2335, 'หนองจะบก', '', 290, 22),
(2336, 'หนองบัวศาลา', '', 290, 22),
(2337, 'หนองไผ่ล้อม', '', 290, 22),
(2338, 'หนองระเวียง', '', 290, 22),
(2339, 'หมื่นไวย', '', 290, 22),
(2340, 'หัวทะเล', '', 290, 22),
(2341, 'กระเบื้องนอก', '', 291, 22),
(2342, 'โนนอุดม', '', 291, 22),
(2343, 'เมืองยาง', '', 291, 22),
(2344, 'ละหานปลาค้าว', '', 291, 22),
(2345, 'ขุย', '', 292, 22),
(2346, 'ช่องแมว', '', 292, 22),
(2347, 'บ้านยาง', '', 292, 22),
(2348, 'ไพล', '', 292, 22),
(2349, 'ไทยสามัคคี', '', 293, 22),
(2350, 'ระเริง', '', 293, 22),
(2351, 'วังน้ำเขียว', '', 293, 22),
(2352, 'วังหมี', '', 293, 22),
(2353, 'อุดมทรัพย์', '', 293, 22),
(2354, 'กฤษณา', '', 294, 22),
(2355, 'กุดน้อย', '', 294, 22),
(2356, 'คลองไผ่', '', 294, 22),
(2357, 'ดอนเมือง', '', 294, 22),
(2358, 'บ้านหัน', '', 294, 22),
(2359, 'มิตรภาพ', '', 294, 22),
(2360, 'ลาดบัวขาว', '', 294, 22),
(2361, 'วังโรงใหญ่', '', 294, 22),
(2362, 'สีคิ้ว', '', 294, 22),
(2363, 'หนองน้ำใส', '', 294, 22),
(2364, 'หนองบัวน้อย', '', 294, 22),
(2365, 'หนองหญ้าขาว', '', 294, 22),
(2366, 'โนนประดู่', '', 295, 22),
(2367, 'โพนทอง', '', 295, 22),
(2368, 'สามเมือง', '', 295, 22),
(2369, 'สีดา', '', 295, 22),
(2370, 'หนองตาดใหญ่', '', 295, 22),
(2371, 'กุดจิก', '', 296, 22),
(2372, 'โค้งยาง', '', 296, 22),
(2373, 'โคราช', '', 296, 22),
(2374, 'นากลาง', '', 296, 22),
(2375, 'โนนค่า', '', 296, 22),
(2376, 'บุ่งขี้เหล็ก', '', 296, 22),
(2377, 'มะเกลือเก่า', '', 296, 22),
(2378, 'มะเกลือใหม่', '', 296, 22),
(2379, 'สูงเนิน', '', 296, 22),
(2380, 'เสมา', '', 296, 22),
(2381, 'หนองตะไก้', '', 296, 22),
(2382, 'กุดโบสถ์', '', 297, 22),
(2383, 'โนนสมบูรณ์', '', 297, 22),
(2384, 'บ้านราษฎร์', '', 297, 22),
(2385, 'สระตะเคียน', '', 297, 22),
(2386, 'สุขไพบูลย์', '', 297, 22),
(2387, 'เสิงสาง', '', 297, 22),
(2388, 'ไทยเจริญ', '', 298, 22),
(2389, 'บ้านใหม่', '', 298, 22),
(2390, 'ลุงเขว้า', '', 298, 22),
(2391, 'สารภี', '', 298, 22),
(2392, 'หนองตะไก้', '', 298, 22),
(2393, 'หนองบุนนาก', '', 298, 22),
(2394, 'หนองไม้ไผ่', '', 298, 22),
(2395, 'หนองหัวแรต', '', 298, 22),
(2396, 'แหลมทอง', '', 298, 22),
(2397, 'กงรถ', '', 299, 22),
(2398, 'งิ้ว', '', 299, 22),
(2399, 'ตะโก', '', 299, 22),
(2400, 'ทับสวาย', '', 299, 22),
(2401, 'เมืองพลับพลา', '', 299, 22),
(2402, 'หลุ่งตะเคียน', '', 299, 22),
(2403, 'หลุ่งประดู่', '', 299, 22),
(2404, 'ห้วยแคน', '', 299, 22),
(2405, 'ห้วยแถลง', '', 299, 22),
(2406, 'หินดาด', '', 299, 22),
(2407, 'กระสัง', '', 300, 23),
(2408, 'กันทรารมย์', '', 300, 23),
(2409, 'ชุมแสง', '', 300, 23),
(2410, 'บ้านปรือ', '', 300, 23),
(2411, 'เมืองไผ่', '', 300, 23),
(2412, 'ลำดวน', '', 300, 23),
(2413, 'ศรีภูมิ', '', 300, 23),
(2414, 'สองชั้น', '', 300, 23),
(2415, 'สูงเนิน', '', 300, 23),
(2416, 'หนองเต็ง', '', 300, 23),
(2417, 'ห้วยสำราญ', '', 300, 23),
(2418, 'คูเมือง', '', 301, 23),
(2419, 'ตูมใหญ่', '', 301, 23),
(2420, 'บ้านแพ', '', 301, 23),
(2421, 'ปะเคียบ', '', 301, 23),
(2422, 'พรสำราญ', '', 301, 23),
(2423, 'หนองขมาร', '', 301, 23),
(2424, 'หินเหล็กไฟ', '', 301, 23),
(2425, 'แคนดง', '', 302, 23),
(2426, 'ดงพลอง', '', 302, 23),
(2427, 'สระบัว', '', 302, 23),
(2428, 'หัวฝาย', '', 302, 23),
(2429, 'เจริญสุข', '', 303, 23),
(2430, 'ตาเป๊ก', '', 303, 23),
(2431, 'ถาวร', '', 303, 23),
(2432, 'ยายแย้มวัฒนา', '', 303, 23),
(2433, 'อีสานเขต', '', 303, 23),
(2434, 'โคกสนวน', '', 304, 23),
(2435, 'ช่อผกา', '', 304, 23),
(2436, 'ชำนิ', '', 304, 23),
(2437, 'เมืองยาง', '', 304, 23),
(2438, 'ละลวด', '', 304, 23),
(2439, 'หนองปล่อง', '', 304, 23),
(2440, 'ก้านเหลือง', '', 305, 23),
(2441, 'ชุมแสง', '', 305, 23),
(2442, 'ถนนหัก', '', 305, 23),
(2443, 'ทรัพย์พระยา', '', 305, 23),
(2444, 'ทุ่งแสงทอง', '', 305, 23),
(2445, 'นางรอง', '', 305, 23),
(2446, 'บ้านสิงห์', '', 305, 23),
(2447, 'ลำไทรโยง', '', 305, 23),
(2448, 'สะเดา', '', 305, 23),
(2449, 'หนองกง', '', 305, 23),
(2450, 'หนองไทร', '', 305, 23),
(2451, 'หนองโบสถ์', '', 305, 23),
(2452, 'หนองยายพิมพ์', '', 305, 23),
(2453, 'หนองโสน', '', 305, 23),
(2454, 'หัวถนน', '', 305, 23),
(2455, 'ดอนกอก', '', 306, 23),
(2456, 'นาโพธิ์', '', 306, 23),
(2457, 'บ้านคู', '', 306, 23),
(2458, 'บ้านดู่', '', 306, 23),
(2459, 'ศรีสว่าง', '', 306, 23),
(2460, 'โนนดินแดง', '', 307, 23),
(2461, 'ลำนางรอง', '', 307, 23),
(2462, 'ส้มป่อย', '', 307, 23),
(2463, 'โกรกแก้ว', '', 308, 23),
(2464, 'ดงอีจาน', '', 308, 23),
(2465, 'ทุ่งจังหัน', '', 308, 23),
(2466, 'โนนสุวรรณ', '', 308, 23),
(2467, 'เขาดินเหนือ', '', 309, 23),
(2468, 'จันทบเพชร', '', 309, 23),
(2469, 'โนนเจริญ', '', 309, 23),
(2470, 'บ้านกรวด', '', 309, 23),
(2471, 'บึงเจริญ', '', 309, 23),
(2472, 'ปราสาท', '', 309, 23),
(2473, 'สายตะกู', '', 309, 23),
(2474, 'หนองไม้งาม', '', 309, 23),
(2475, 'หินลาด', '', 309, 23),
(2476, 'โนนขวาง', '', 310, 23),
(2477, 'บ้านด่าน', '', 310, 23),
(2478, 'ปราสาท', '', 310, 23),
(2479, 'วังเหนือ', '', 310, 23),
(2480, 'กู่สวนแตง', '', 311, 23),
(2481, 'แดงใหญ่', '', 311, 23),
(2482, 'ทองหลาง', '', 311, 23),
(2483, 'หนองเยือง', '', 311, 23),
(2484, 'หนองแวง', '', 311, 23),
(2485, 'เขาคอก', '', 312, 23),
(2486, 'โคกตูม', '', 312, 23),
(2487, 'โคกมะขาม', '', 312, 23),
(2488, 'โคกม้า', '', 312, 23),
(2489, 'โคกย่าง', '', 312, 23),
(2490, 'จรเข้มาก', '', 312, 23),
(2491, 'ตะโกตาพิ', '', 312, 23),
(2492, 'บ้านไทร', '', 312, 23),
(2493, 'ประโคนชัย', '', 312, 23),
(2494, 'ประทัดบุ', '', 312, 23),
(2495, 'ปังกู', '', 312, 23),
(2496, 'ไพศาล', '', 312, 23),
(2497, 'ละเวี้ย', '', 312, 23),
(2498, 'สี่เหลี่ยม', '', 312, 23),
(2499, 'แสลงโทน', '', 312, 23),
(2500, 'หนองบอน', '', 312, 23),
(2501, 'โคกมะม่วง', '', 313, 23),
(2502, 'ไทยเจริญ', '', 313, 23),
(2503, 'ปะคำ', '', 313, 23),
(2504, 'หนองบัว', '', 313, 23),
(2505, 'หูทำนบ', '', 313, 23),
(2506, 'โคกขมิ้น', '', 314, 23),
(2507, 'จันดุม', '', 314, 23),
(2508, 'ป่าชัน', '', 314, 23),
(2509, 'สะเดา', '', 314, 23),
(2510, 'สำโรง', '', 314, 23),
(2511, 'บ้านจาน', '', 315, 23),
(2512, 'บ้านเป้า', '', 315, 23),
(2513, 'บ้านยาง', '', 315, 23),
(2514, 'บ้านแวง', '', 315, 23),
(2515, 'พุทไธสง', '', 315, 23),
(2516, 'มะเฟือง', '', 315, 23),
(2517, 'หายโศก', '', 315, 23),
(2518, 'กระสัง', '', 316, 23),
(2519, 'กลันทา', '', 316, 23),
(2520, 'ชุมเห็ด', '', 316, 23),
(2521, 'ถลุงเหล็ก', '', 316, 23),
(2522, 'ในเมือง', '', 316, 23),
(2523, 'บัวทอง', '', 316, 23),
(2524, 'บ้านบัว', '', 316, 23),
(2525, 'บ้านยาง', '', 316, 23),
(2526, 'พระครู', '', 316, 23),
(2527, 'เมืองฝาง', '', 316, 23),
(2528, 'ลุมปุ๊ก', '', 316, 23),
(2529, 'สวายจีก', '', 316, 23),
(2530, 'สองห้อง', '', 316, 23),
(2531, 'สะแกซำ', '', 316, 23),
(2532, 'สะแกโพรง', '', 316, 23),
(2533, 'เสม็ด', '', 316, 23),
(2534, 'หนองตาด', '', 316, 23),
(2535, 'หลักเขต', '', 316, 23),
(2536, 'อิสาณ', '', 316, 23),
(2537, 'โคกว่าน', '', 317, 23),
(2538, 'ตาจง', '', 317, 23),
(2539, 'ละหานทราย', '', 317, 23),
(2540, 'สำโรงใหม่', '', 317, 23),
(2541, 'หนองตะครอง', '', 317, 23),
(2542, 'หนองแวง', '', 317, 23),
(2543, 'โคกกลาง', '', 318, 23),
(2544, 'โคกล่าม', '', 318, 23),
(2545, 'โคกสะอาด', '', 318, 23),
(2546, 'ตลาดโพธิ์', '', 318, 23),
(2547, 'ทะเมนชัย', '', 318, 23),
(2548, 'บ้านยาง', '', 318, 23),
(2549, 'บุโพธิ์', '', 318, 23),
(2550, 'ผไทรินทร์', '', 318, 23),
(2551, 'เมืองแฝก', '', 318, 23),
(2552, 'ลำปลายมาศ', '', 318, 23),
(2553, 'แสลงพัน', '', 318, 23),
(2554, 'หนองกะทิง', '', 318, 23),
(2555, 'หนองคู', '', 318, 23),
(2556, 'หนองโดน', '', 318, 23),
(2557, 'หนองบัวโคก', '', 318, 23),
(2558, 'หินโคน', '', 318, 23),
(2559, 'กระสัง', '', 319, 23),
(2560, 'ชุมแสง', '', 319, 23),
(2561, 'ดอนมนต์', '', 319, 23),
(2562, 'ท่าม่วง', '', 319, 23),
(2563, 'ทุ่งวัง', '', 319, 23),
(2564, 'นิคม', '', 319, 23),
(2565, 'เมืองแก', '', 319, 23),
(2566, 'ร่อนทอง', '', 319, 23),
(2567, 'สตึก', '', 319, 23),
(2568, 'สนามชัย', '', 319, 23),
(2569, 'สะแก', '', 319, 23),
(2570, 'หนองใหญ่', '', 319, 23),
(2571, 'โคกสว่าง', '', 320, 23),
(2572, 'โคกสูง', '', 320, 23),
(2573, 'ดอนอะราง', '', 320, 23),
(2574, 'ท่าโพธิ์ชัย', '', 320, 23),
(2575, 'ทุ่งกระตาดพัฒนา', '', 320, 23),
(2576, 'ทุ่งกระเต็น', '', 320, 23),
(2577, 'บุกระสัง', '', 320, 23),
(2578, 'เมืองไผ่', '', 320, 23),
(2579, 'เย้ยปราสาท', '', 320, 23),
(2580, 'หนองกี่', '', 320, 23),
(2581, 'ไทยสามัคคี', '', 321, 23),
(2582, 'เมืองฝ้าย', '', 321, 23),
(2583, 'สระแก้ว', '', 321, 23),
(2584, 'สระทอง', '', 321, 23),
(2585, 'เสาเดียว', '', 321, 23),
(2586, 'หนองชัยศรี', '', 321, 23),
(2587, 'ห้วยหิน', '', 321, 23),
(2588, 'โคกเหล็ก', '', 322, 23),
(2589, 'ตาเสา', '', 322, 23),
(2590, 'บ้านตะโก', '', 322, 23),
(2591, 'เมืองโพธิ์', '', 322, 23),
(2592, 'สนวน', '', 322, 23),
(2593, 'สามแวง', '', 322, 23),
(2594, 'ห้วยราช', '', 322, 23),
(2595, 'ห้วยราชา', '', 322, 23),
(2596, 'ซาง', '', 323, 24),
(2597, 'เซกา', '', 323, 24),
(2598, 'ท่ากกแดง', '', 323, 24),
(2599, 'ท่าสะอาด', '', 323, 24),
(2600, 'น้ำจั้น', '', 323, 24),
(2601, 'บ้านต้อง', '', 323, 24),
(2602, 'ป่งไฮ', '', 323, 24),
(2603, 'โสกก่าม', '', 323, 24),
(2604, 'หนองทุ่ม', '', 323, 24),
(2605, 'คำแก้ว', '', 324, 24),
(2606, 'โซ่', '', 324, 24),
(2607, 'ถ้ำเจริญ', '', 324, 24),
(2608, 'บัวตูม', '', 324, 24),
(2609, 'ศรีชมภู', '', 324, 24),
(2610, 'หนองพันทา', '', 324, 24),
(2611, 'เหล่าทอง', '', 324, 24),
(2612, 'คำนาดี', '', 325, 24),
(2613, 'โคกก่อง', '', 325, 24),
(2614, 'ไคสี', '', 325, 24),
(2615, 'ชัยพร', '', 325, 24),
(2616, 'นาสวรรค์', '', 325, 24),
(2617, 'โนนสมบูรณ์', '', 325, 24),
(2618, 'บึงกาฬ', '', 325, 24),
(2619, 'โป่งเปือย', '', 325, 24),
(2620, 'วิศิษฐ์', '', 325, 24),
(2621, 'หนองเข็ง', '', 325, 24),
(2622, 'หนองเลิง', '', 325, 24),
(2623, 'หอคำ', '', 325, 24),
(2624, 'ดงบัง', '', 326, 24),
(2625, 'ท่าดอกคำ', '', 326, 24),
(2626, 'บึงโขงหลง', '', 326, 24),
(2627, 'โพธิ์หมากแข้ง', '', 326, 24),
(2628, 'โคกกว้าง', '', 327, 24),
(2629, 'บุ่งคล้า', '', 327, 24),
(2630, 'หนองเดิ่น', '', 327, 24),
(2631, 'นากั้ง', '', 328, 24),
(2632, 'นาดง', '', 328, 24),
(2633, 'โนนศิลา', '', 328, 24),
(2634, 'ปากคาด', '', 328, 24),
(2635, 'สมสนุก', '', 328, 24),
(2636, 'หนองยอง', '', 328, 24),
(2637, 'ดอนหญ้านาง', '', 329, 24),
(2638, 'ป่าแฝก', '', 329, 24),
(2639, 'พรเจริญ', '', 329, 24),
(2640, 'วังชมภู', '', 329, 24),
(2641, 'ศรีชมภู', '', 329, 24),
(2642, 'ศรีสำราญ', '', 329, 24),
(2643, 'หนองหัวช้าง', '', 329, 24),
(2644, 'ชุมภูพร', '', 330, 24),
(2645, 'นาสะแบง', '', 330, 24),
(2646, 'นาสิงห์', '', 330, 24),
(2647, 'นาแสง', '', 330, 24),
(2648, 'ศรีวิไล', '', 330, 24),
(2649, 'กุดใส้จ่อ', '', 331, 25),
(2650, 'ขามเฒ่าพัฒนา', '', 331, 25),
(2651, 'ขามเรียง', '', 331, 25),
(2652, 'เขวาใหญ่', '', 331, 25),
(2653, 'คันธารราษฎร์', '', 331, 25),
(2654, 'โคกพระ', '', 331, 25),
(2655, 'ท่าขอนยาง', '', 331, 25),
(2656, 'นาสีนวน', '', 331, 25),
(2657, 'มะค่า', '', 331, 25),
(2658, 'ศรีสุข', '', 331, 25),
(2659, 'กุดรัง', '', 332, 25),
(2660, 'นาโพธิ์', '', 332, 25),
(2661, 'เลิงแฝก', '', 332, 25),
(2662, 'หนองแวง', '', 332, 25),
(2663, 'ห้วยเตย', '', 332, 25),
(2664, 'แกดำ', '', 333, 25),
(2665, 'โนนภิบาล', '', 333, 25),
(2666, 'มิตรภาพ', '', 333, 25),
(2667, 'วังแสง', '', 333, 25),
(2668, 'หนองกุง', '', 333, 25),
(2669, 'แก้งแก', '', 334, 25),
(2670, 'เขวาไร่', '', 334, 25),
(2671, 'เขื่อน', '', 334, 25),
(2672, 'ดอนกลาง', '', 334, 25),
(2673, 'แพง', '', 334, 25),
(2674, 'โพนงาม', '', 334, 25),
(2675, 'ยางท่าแจ้ง', '', 334, 25),
(2676, 'ยางน้อย', '', 334, 25),
(2677, 'เลิงใต้', '', 334, 25),
(2678, 'วังยาว', '', 334, 25),
(2679, 'หนองกุงสวรรค์', '', 334, 25),
(2680, 'หนองบอน', '', 334, 25),
(2681, 'หนองบัว', '', 334, 25),
(2682, 'หนองเหล็ก', '', 334, 25),
(2683, 'หัวขวาง', '', 334, 25),
(2684, 'เหล่า', '', 334, 25),
(2685, 'แห่ใต้', '', 334, 25),
(2686, 'กุดปลาดุก', '', 335, 25),
(2687, 'ชื่นชม', '', 335, 25),
(2688, 'หนองกุง', '', 335, 25),
(2689, 'เหล่าดอกไม้', '', 335, 25),
(2690, 'กู่ทอง', '', 336, 25),
(2691, 'เชียงยืน', '', 336, 25),
(2692, 'ดอนเงิน', '', 336, 25),
(2693, 'นาทอง', '', 336, 25),
(2694, 'โพนทอง', '', 336, 25),
(2695, 'เสือเฒ่า', '', 336, 25),
(2696, 'หนองซอน', '', 336, 25),
(2697, 'เหล่าบัวบาน', '', 336, 25),
(2698, 'เขวาไร่', '', 337, 25),
(2699, 'นาเชือก', '', 337, 25),
(2700, 'ปอพาน', '', 337, 25),
(2701, 'สันป่าตอง', '', 337, 25),
(2702, 'สำโรง', '', 337, 25),
(2703, 'หนองกุง', '', 337, 25),
(2704, 'หนองแดง', '', 337, 25),
(2705, 'หนองโพธิ์', '', 337, 25),
(2706, 'หนองเม็ก', '', 337, 25),
(2707, 'หนองเรือ', '', 337, 25),
(2708, 'กู่สันตรัตน์', '', 338, 25),
(2709, 'ดงดวน', '', 338, 25),
(2710, 'ดงบัง', '', 338, 25),
(2711, 'ดงยาง', '', 338, 25),
(2712, 'นาดูน', '', 338, 25),
(2713, 'พระธาตุ', '', 338, 25),
(2714, 'หนองคู', '', 338, 25),
(2715, 'หนองไผ่', '', 338, 25),
(2716, 'หัวดง', '', 338, 25),
(2717, 'กำพี้', '', 339, 25),
(2718, 'ดอนงัว', '', 339, 25),
(2719, 'โนนแดง', '', 339, 25),
(2720, 'โนนราษี', '', 339, 25),
(2721, 'บรบือ', '', 339, 25),
(2722, 'บ่อใหญ่', '', 339, 25),
(2723, 'บัวมาศ', '', 339, 25),
(2724, 'ยาง', '', 339, 25),
(2725, 'วังไชย', '', 339, 25),
(2726, 'วังใหม่', '', 339, 25),
(2727, 'หนองโก', '', 339, 25),
(2728, 'หนองคูขาด', '', 339, 25),
(2729, 'หนองจิก', '', 339, 25),
(2730, 'หนองม่วง', '', 339, 25),
(2731, 'หนองสิม', '', 339, 25),
(2732, 'ก้ามปู', '', 340, 25),
(2733, 'นาสีนวล', '', 340, 25),
(2734, 'ปะหลาน', '', 340, 25),
(2735, 'ภารแอ่น', '', 340, 25),
(2736, 'เม็กดำ', '', 340, 25),
(2737, 'เมืองเตา', '', 340, 25),
(2738, 'เมืองเสือ', '', 340, 25),
(2739, 'ราษฎร์เจริญ', '', 340, 25),
(2740, 'ราษฎร์พัฒนา', '', 340, 25),
(2741, 'ลานสะแก', '', 340, 25),
(2742, 'เวียงชัย', '', 340, 25),
(2743, 'เวียงสะอาด', '', 340, 25),
(2744, 'หนองบัว', '', 340, 25),
(2745, 'หนองบัวแก้ว', '', 340, 25),
(2746, 'เกิ้ง', '', 341, 25),
(2747, 'แก่งเลิงจาน', '', 341, 25),
(2748, 'เขวา', '', 341, 25),
(2749, 'โคกก่อ', '', 341, 25),
(2750, 'ดอนหว่าน', '', 341, 25),
(2751, 'ตลาด', '', 341, 25),
(2752, 'ท่าตูม', '', 341, 25),
(2753, 'ท่าสองคอน', '', 341, 25),
(2754, 'บัวค้อ', '', 341, 25),
(2755, 'ลาดพัฒนา', '', 341, 25),
(2756, 'แวงน่าง', '', 341, 25),
(2757, 'หนองโน', '', 341, 25),
(2758, 'หนองปลิง', '', 341, 25),
(2759, 'ห้วยแอ่ง', '', 341, 25),
(2760, 'ขามเรียน', '', 342, 25),
(2761, 'ดงเมือง', '', 342, 25),
(2762, 'นาภู', '', 342, 25),
(2763, 'บ้านกู่', '', 342, 25),
(2764, 'ยางสีสุราช', '', 342, 25),
(2765, 'แวงดง', '', 342, 25),
(2766, 'หนองบัวสันตุ', '', 342, 25),
(2767, 'ขามป้อม', '', 343, 25),
(2768, 'แคน', '', 343, 25),
(2769, 'โคกสีทองหลาง', '', 343, 25),
(2770, 'งัวบา', '', 343, 25),
(2771, 'ดงใหญ่', '', 343, 25),
(2772, 'นาข่า', '', 343, 25),
(2773, 'บ้านหวาย', '', 343, 25),
(2774, 'ประชาพัฒนา', '', 343, 25),
(2775, 'โพธิ์ชัย', '', 343, 25),
(2776, 'เสือโก้ก', '', 343, 25),
(2777, 'หนองทุ่ม', '', 343, 25),
(2778, 'หนองแสง', '', 343, 25),
(2779, 'หนองแสน', '', 343, 25),
(2780, 'หนองไฮ', '', 343, 25),
(2781, 'หัวเรือ', '', 343, 25),
(2782, 'คำชะอี', '', 344, 26),
(2783, 'คำบก', '', 344, 26),
(2784, 'น้ำเที่ยง', '', 344, 26),
(2785, 'บ้านค้อ', '', 344, 26),
(2786, 'บ้านซ่ง', '', 344, 26),
(2787, 'บ้านเหล่า', '', 344, 26),
(2788, 'โพนงาม', '', 344, 26),
(2789, 'หนองเอี่ยน', '', 344, 26),
(2790, 'เหล่าสร้างถ่อ', '', 344, 26),
(2791, 'กกตูม', '', 345, 26),
(2792, 'ชะโนดน้อย', '', 345, 26),
(2793, 'ดงหลวง', '', 345, 26),
(2794, 'พังแดง', '', 345, 26),
(2795, 'หนองแคน', '', 345, 26),
(2796, 'หนองบัว', '', 345, 26),
(2797, 'ดอนตาล', '', 346, 26),
(2798, 'นาสะเม็ง', '', 346, 26),
(2799, 'บ้านแก้ง', '', 346, 26),
(2800, 'บ้านบาก', '', 346, 26),
(2801, 'ป่าไร่', '', 346, 26),
(2802, 'โพธิ์ไทร', '', 346, 26),
(2803, 'เหล่าหมี', '', 346, 26),
(2804, 'กกแดง', '', 347, 26),
(2805, 'โชคชัย', '', 347, 26),
(2806, 'นากอก', '', 347, 26),
(2807, 'นาอุดม', '', 347, 26),
(2808, 'นิคมคำสร้อย', '', 347, 26),
(2809, 'ร่มเกล้า', '', 347, 26),
(2810, 'หนองแวง', '', 347, 26),
(2811, 'กุดแข้', '', 348, 26),
(2812, 'คำป่าหลาย', '', 348, 26),
(2813, 'คำอาฮวน', '', 348, 26),
(2814, 'ดงมอน', '', 348, 26),
(2815, 'ดงเย็น', '', 348, 26),
(2816, 'นาสีนวน', '', 348, 26),
(2817, 'นาโสก', '', 348, 26),
(2818, 'บางทรายใหญ่', '', 348, 26),
(2819, 'บ้านโคก', '', 348, 26),
(2820, 'ผึ่งแดด', '', 348, 26),
(2821, 'โพนทราย', '', 348, 26),
(2822, 'มุกดาหาร', '', 348, 26),
(2823, 'ศรีบุญเรือง', '', 348, 26),
(2824, 'โนนยาง', '', 349, 26),
(2825, 'บ้านเป้า', '', 349, 26),
(2826, 'ภูวง', '', 349, 26),
(2827, 'หนองสูง', '', 349, 26),
(2828, 'หนองสูงใต้', '', 349, 26),
(2829, 'หนองสูงเหนือ', '', 349, 26),
(2830, 'ชะโนด', '', 350, 26),
(2831, 'ดงหมู', '', 350, 26),
(2832, 'บางทรายน้อย', '', 350, 26),
(2833, 'ป่งขาม', '', 350, 26),
(2834, 'หว้านใหญ่', '', 350, 26),
(2835, 'กำแมด', '', 351, 27),
(2836, 'กุดชุม', '', 351, 27),
(2837, 'คำน้ำสร้าง', '', 351, 27),
(2838, 'นาโส่', '', 351, 27),
(2839, 'โนนเปือย', '', 351, 27),
(2840, 'โพนงาม', '', 351, 27),
(2841, 'หนองหมี', '', 351, 27),
(2842, 'หนองแหน', '', 351, 27),
(2843, 'ห้วยแก้ง', '', 351, 27),
(2844, 'กุดน้ำใส', '', 352, 27),
(2845, 'ค้อวัง', '', 352, 27),
(2846, 'น้ำอ้อม', '', 352, 27),
(2847, 'ฟ้าห่วน', '', 352, 27),
(2848, 'กุดกุง', '', 353, 27),
(2849, 'กู่จาน', '', 353, 27),
(2850, 'แคนน้อย', '', 353, 27),
(2851, 'ดงแคนใหญ่', '', 353, 27),
(2852, 'ดงเจริญ', '', 353, 27),
(2853, 'ทุ่งมน', '', 353, 27),
(2854, 'นาแก', '', 353, 27),
(2855, 'นาคำ', '', 353, 27),
(2856, 'โพนทัน', '', 353, 27),
(2857, 'ย่อ', '', 353, 27),
(2858, 'ลุมพุก', '', 353, 27),
(2859, 'สงเปือย', '', 353, 27),
(2860, 'เหล่าไฮ', '', 353, 27),
(2861, 'ดงมะไฟ', '', 354, 27),
(2862, 'ดู่ลาด', '', 354, 27),
(2863, 'ทรายมูล', '', 354, 27),
(2864, 'นาเวียง', '', 354, 27),
(2865, 'ไผ่', '', 354, 27),
(2866, 'คำเตย', '', 355, 27),
(2867, 'คำไผ่', '', 355, 27),
(2868, 'ไทยเจริญ', '', 355, 27),
(2869, 'น้ำคำ', '', 355, 27),
(2870, 'ส้มผ่อ', '', 355, 27),
(2871, 'กระจาย', '', 356, 27),
(2872, 'โคกนาโก', '', 356, 27),
(2873, 'เชียงเพ็ง', '', 356, 27),
(2874, 'โพธิ์ไทร', '', 356, 27),
(2875, 'ศรีฐาน', '', 356, 27),
(2876, 'คูเมือง', '', 357, 27),
(2877, 'โนนทราย', '', 357, 27),
(2878, 'บากเรือ', '', 357, 27),
(2879, 'บึงแก', '', 357, 27),
(2880, 'ผือฮี', '', 357, 27),
(2881, 'พระเสาร์', '', 357, 27),
(2882, 'ฟ้าหยาด', '', 357, 27),
(2883, 'ม่วง', '', 357, 27),
(2884, 'สงยาง', '', 357, 27),
(2885, 'หัวเมือง', '', 357, 27),
(2886, 'ขั้นไดใหญ่', '', 358, 27),
(2887, 'ขุมเงิน', '', 358, 27),
(2888, 'เขื่องคำ', '', 358, 27),
(2889, 'ค้อเหนือ', '', 358, 27),
(2890, 'ดู่ทุ่ง', '', 358, 27),
(2891, 'เดิด', '', 358, 27),
(2892, 'ตาดทอง', '', 358, 27),
(2893, 'ทุ่งแต้', '', 358, 27),
(2894, 'ทุ่งนางโอก', '', 358, 27),
(2895, 'นาสะไมย์', '', 358, 27),
(2896, 'น้ำคำใหญ่', '', 358, 27),
(2897, 'ในเมือง', '', 358, 27),
(2898, 'สำราญ', '', 358, 27),
(2899, 'สิงห์', '', 358, 27),
(2900, 'หนองคู', '', 358, 27),
(2901, 'หนองเป็ด', '', 358, 27),
(2902, 'หนองเรือ', '', 358, 27),
(2903, 'หนองหิน', '', 358, 27),
(2904, 'กุดเชียงหมี', '', 359, 27),
(2905, 'กุดแห่', '', 359, 27),
(2906, 'โคกสำราญ', '', 359, 27),
(2907, 'บุ่งค้า', '', 359, 27),
(2908, 'ศรีแก้ว', '', 359, 27),
(2909, 'สร้างมิ่ง', '', 359, 27),
(2910, 'สวาท', '', 359, 27),
(2911, 'สามแยก', '', 359, 27),
(2912, 'สามัคคี', '', 359, 27),
(2913, 'ห้องแซง', '', 359, 27),
(2914, 'กำแพง', '', 360, 28),
(2915, 'กู่กาสิงห์', '', 360, 28),
(2916, 'เกษตรวิสัย', '', 360, 28),
(2917, 'ดงครั่งน้อย', '', 360, 28),
(2918, 'ดงครั่งใหญ่', '', 360, 28),
(2919, 'ทุ่งทอง', '', 360, 28),
(2920, 'น้ำอ้อม', '', 360, 28),
(2921, 'โนนสว่าง', '', 360, 28),
(2922, 'บ้านฝาง', '', 360, 28),
(2923, 'เมืองบัว', '', 360, 28),
(2924, 'สิงห์โคก', '', 360, 28),
(2925, 'หนองแวง', '', 360, 28),
(2926, 'เหล่าหลวง', '', 360, 28),
(2927, 'โคกล่าม', '', 361, 28),
(2928, 'ดงกลาง', '', 361, 28),
(2929, 'ดงแดง', '', 361, 28),
(2930, 'ดู่น้อย', '', 361, 28),
(2931, 'น้ำใส', '', 361, 28),
(2932, 'ป่าสังข์', '', 361, 28),
(2933, 'เมืองหงส์', '', 361, 28),
(2934, 'ลิ้นฟ้า', '', 361, 28),
(2935, 'ศรีโคตร', '', 361, 28),
(2936, 'หนองผือ', '', 361, 28),
(2937, 'หัวช้าง', '', 361, 28),
(2938, 'อีง่อง', '', 361, 28),
(2939, 'จังหาร', '', 362, 28),
(2940, 'ดงสิงห์', '', 362, 28),
(2941, 'ดินดำ', '', 362, 28),
(2942, 'ปาฝา', '', 362, 28),
(2943, 'ผักแว่น', '', 362, 28),
(2944, 'ม่วงลาด', '', 362, 28),
(2945, 'ยางใหญ่', '', 362, 28),
(2946, 'แสนชาติ', '', 362, 28),
(2947, 'เชียงขวัญ', '', 363, 28),
(2948, 'บ้านเขือง', '', 363, 28),
(2949, 'พระเจ้า', '', 363, 28),
(2950, 'พระธาตุ', '', 363, 28),
(2951, 'พลับพลา', '', 363, 28),
(2952, 'หมูม้น', '', 363, 28),
(2953, 'ทุ่งเขาหลวง', '', 364, 28),
(2954, 'เทอดไทย', '', 364, 28),
(2955, 'บึงงาม', '', 364, 28),
(2956, 'มะบ้า', '', 364, 28),
(2957, 'เหล่า', '', 364, 28),
(2958, 'เขวาทุ่ง', '', 365, 28),
(2959, 'ธงธานี', '', 365, 28),
(2960, 'ธวัชบุรี', '', 365, 28),
(2961, 'นิเวศน์', '', 365, 28),
(2962, 'บึงนคร', '', 365, 28),
(2963, 'ไพศาล', '', 365, 28),
(2964, 'มะอึ', '', 365, 28),
(2965, 'เมืองน้อย', '', 365, 28),
(2966, 'ราชธานี', '', 365, 28),
(2967, 'หนองไผ่', '', 365, 28),
(2968, 'หนองพอก', '', 365, 28),
(2969, 'อุ่มเม้า', '', 365, 28),
(2970, 'ขี้เหล็ก', '', 366, 28),
(2971, 'ดอกล้ำ', '', 366, 28),
(2972, 'โนนสง่า', '', 366, 28),
(2973, 'โนนสวรรค์', '', 366, 28),
(2974, 'บัวแดง', '', 366, 28),
(2975, 'โพนสูง', '', 366, 28),
(2976, 'สระบัว', '', 366, 28),
(2977, 'หนองแคน', '', 366, 28),
(2978, 'กุดน้ำใส', '', 367, 28),
(2979, 'ค้อใหญ่', '', 367, 28),
(2980, 'คำไฮ', '', 367, 28),
(2981, 'โคกสว่าง', '', 367, 28),
(2982, 'ชานุวรรณ', '', 367, 28),
(2983, 'นานวล', '', 367, 28),
(2984, 'พนมไพร', '', 367, 28),
(2985, 'โพธิ์ชัย', '', 367, 28),
(2986, 'โพธิ์ใหญ่', '', 367, 28),
(2987, 'วารีสวัสดิ์', '', 367, 28),
(2988, 'สระแก้ว', '', 367, 28),
(2989, 'แสนสุข', '', 367, 28),
(2990, 'หนองทัพไทย', '', 367, 28),
(2991, 'ขามเปี้ย', '', 368, 28),
(2992, 'คำพอุง', '', 368, 28),
(2993, 'เชียงใหม่', '', 368, 28),
(2994, 'ดอนโอง', '', 368, 28),
(2995, 'บัวคำ', '', 368, 28),
(2996, 'โพธิ์ศรี', '', 368, 28),
(2997, 'สะอาด', '', 368, 28),
(2998, 'หนองตาไก้', '', 368, 28),
(2999, 'อัคคะคำ', '', 368, 28),
(3000, 'ท่าหาดยาว', '', 369, 28),
(3001, 'โพนทราย', '', 369, 28),
(3002, 'ยางคำ', '', 369, 28),
(3003, 'ศรีสว่าง', '', 369, 28),
(3004, 'สามขา', '', 369, 28),
(3005, 'คำนาดี', '', 370, 28),
(3006, 'โคกกกม่วง', '', 370, 28),
(3007, 'โคกสูง', '', 370, 28),
(3008, 'นาอุดม', '', 370, 28),
(3009, 'โนนชัยศรี', '', 370, 28),
(3010, 'พรมสวรรค์', '', 370, 28),
(3011, 'โพธิ์ทอง', '', 370, 28),
(3012, 'โพธิ์ศรีสว่าง', '', 370, 28),
(3013, 'วังสามัคคี', '', 370, 28),
(3014, 'แวง', '', 370, 28),
(3015, 'สระนกแก้ว', '', 370, 28),
(3016, 'สว่าง', '', 370, 28),
(3017, 'หนองใหญ่', '', 370, 28),
(3018, 'อุ่มเม่า', '', 370, 28),
(3019, 'ชมสะอาด', '', 371, 28),
(3020, 'ชุมพร', '', 371, 28),
(3021, 'บุ่งเลิศ', '', 371, 28),
(3022, 'เมยวดี', '', 371, 28),
(3023, 'ขอนแก่น', '', 372, 28),
(3024, 'แคนใหญ่', '', 372, 28),
(3025, 'ดงลาน', '', 372, 28),
(3026, 'นาโพธิ์', '', 372, 28),
(3027, 'โนนตาล', '', 372, 28),
(3028, 'โนนรัง', '', 372, 28),
(3029, 'ในเมือง', '', 372, 28),
(3030, 'ปอภาร', '', 372, 28),
(3031, 'เมืองทอง', '', 372, 28),
(3032, 'รอบเมือง', '', 372, 28),
(3033, 'สะอาดสมบูรณ์', '', 372, 28),
(3034, 'สีแก้ว', '', 372, 28),
(3035, 'หนองแก้ว', '', 372, 28),
(3036, 'หนองแวง', '', 372, 28),
(3037, 'เหนือเมือง', '', 372, 28),
(3038, 'กกกุง', '', 373, 28),
(3039, 'คูเมือง', '', 373, 28),
(3040, 'เมืองสรวง', '', 373, 28),
(3041, 'หนองผือ', '', 373, 28),
(3042, 'หนองหิน', '', 373, 28),
(3043, 'บ้านบาก', '', 374, 28),
(3044, 'โพธิ์ทอง', '', 374, 28),
(3045, 'โพธิ์สัย', '', 374, 28),
(3046, 'เมืองเปลือย', '', 374, 28),
(3047, 'ศรีสมเด็จ', '', 374, 28),
(3048, 'สวนจิก', '', 374, 28),
(3049, 'หนองแวงควง', '', 374, 28),
(3050, 'หนองใหญ่', '', 374, 28),
(3051, 'จำปาขัน', '', 375, 28),
(3052, 'ช้างเผือก', '', 375, 28),
(3053, 'ดอกไม้', '', 375, 28),
(3054, 'ทุ่งกุลา', '', 375, 28),
(3055, 'ทุ่งศรีเมือง', '', 375, 28),
(3056, 'ทุ่งหลวง', '', 375, 28),
(3057, 'นาใหญ่', '', 375, 28),
(3058, 'น้ำคำ', '', 375, 28),
(3059, 'บ่อพันขัน', '', 375, 28),
(3060, 'เมืองทุ่ง', '', 375, 28),
(3061, 'สระคู', '', 375, 28),
(3062, 'ห้วยหินลาด', '', 375, 28),
(3063, 'หัวช้าง', '', 375, 28),
(3064, 'หัวโทน', '', 375, 28),
(3065, 'หินกอง', '', 375, 28),
(3066, 'กลาง', '', 376, 28),
(3067, 'เกาะแก้ว', '', 376, 28),
(3068, 'ขวัญเมือง', '', 376, 28),
(3069, 'ขวาว', '', 376, 28),
(3070, 'ท่าม่วง', '', 376, 28),
(3071, 'นางาม', '', 376, 28),
(3072, 'นาแซง', '', 376, 28),
(3073, 'นาเมือง', '', 376, 28),
(3074, 'นาเลิง', '', 376, 28),
(3075, 'บึงเกลือ', '', 376, 28),
(3076, 'พรสวรรค์', '', 376, 28),
(3077, 'โพธิ์ทอง', '', 376, 28),
(3078, 'ภูเงิน', '', 376, 28),
(3079, 'เมืองไพร', '', 376, 28),
(3080, 'วังหลวง', '', 376, 28),
(3081, 'ศรีวิลัย', '', 376, 28),
(3082, 'หนองหลวง', '', 376, 28),
(3083, 'เหล่าน้อย', '', 376, 28),
(3084, 'กกโพธิ์', '', 377, 28),
(3085, 'โคกสว่าง', '', 377, 28),
(3086, 'ท่าสีดา', '', 377, 28),
(3087, 'บึงงาม', '', 377, 28),
(3088, 'ผาน้ำย้อย', '', 377, 28),
(3089, 'ภูเขาทอง', '', 377, 28),
(3090, 'รอบเมือง', '', 377, 28),
(3091, 'หนองขุ่นใหญ่', '', 377, 28),
(3092, 'หนองพอก', '', 377, 28),
(3093, 'ดูกอึ่ง', '', 378, 28),
(3094, 'เด่นราษฎร์', '', 378, 28),
(3095, 'สาวแห', '', 378, 28),
(3096, 'หนองฮี', '', 378, 28),
(3097, 'ขี้เหล็ก', '', 379, 28),
(3098, 'บ้านแจ้ง', '', 379, 28),
(3099, 'บ้านดู่', '', 379, 28),
(3100, 'โพนเมือง', '', 379, 28),
(3101, 'หนองขาม', '', 379, 28),
(3102, 'หนองบัว', '', 379, 28),
(3103, 'หนองหมื่นถ่าน', '', 379, 28),
(3104, 'หน่อม', '', 379, 28),
(3105, 'โหรา', '', 379, 28),
(3106, 'อาจสามารถ', '', 379, 28),
(3107, 'เขาแก้ว', '', 380, 29),
(3108, 'จอมศรี', '', 380, 29),
(3109, 'เชียงคาน', '', 380, 29),
(3110, 'ธาตุ', '', 380, 29),
(3111, 'นาซ่าว', '', 380, 29),
(3112, 'บุฮม', '', 380, 29),
(3113, 'ปากตม', '', 380, 29),
(3114, 'หาดทรายขาว', '', 380, 29),
(3115, 'กกสะทอน', '', 381, 29),
(3116, 'โคกงาม', '', 381, 29),
(3117, 'ด่านซ้าย', '', 381, 29),
(3118, 'นาดี', '', 381, 29),
(3119, 'นาหอ', '', 381, 29),
(3120, 'ปากหมัน', '', 381, 29),
(3121, 'โป่ง', '', 381, 29),
(3122, 'โพนสูง', '', 381, 29),
(3123, 'วังยาว', '', 381, 29),
(3124, 'อิปุ่ม', '', 381, 29),
(3125, 'โคกใหญ่', '', 382, 29),
(3126, 'ท่าลี่', '', 382, 29),
(3127, 'น้ำแคม', '', 382, 29),
(3128, 'น้ำทูน', '', 382, 29),
(3129, 'หนองผือ', '', 382, 29),
(3130, 'อาฮี', '', 382, 29),
(3131, 'ท่าสวรรค์', '', 383, 29),
(3132, 'ท่าสะอาด', '', 383, 29),
(3133, 'นาด้วง', '', 383, 29),
(3134, 'นาดอกคำ', '', 383, 29),
(3135, 'นาพึง', '', 384, 29),
(3136, 'นามาลา', '', 384, 29),
(3137, 'นาแห้ว', '', 384, 29),
(3138, 'แสงภา', '', 384, 29),
(3139, 'เหล่ากอหก', '', 384, 29),
(3140, 'ชมเจริญ', '', 385, 29),
(3141, 'เชียงกลม', '', 385, 29),
(3142, 'ปากชม', '', 385, 29),
(3143, 'ห้วยบ่อซืน', '', 385, 29),
(3144, 'ห้วยพิชัย', '', 385, 29),
(3145, 'หาดคัมภีร์', '', 385, 29),
(3146, 'ท่าช้างคล้อง', '', 386, 29),
(3147, 'โนนปอแดง', '', 386, 29),
(3148, 'โนนป่าซาง', '', 386, 29),
(3149, 'บ้านเพิ่ม', '', 386, 29),
(3150, 'ผาขาว', '', 386, 29),
(3151, 'ผานกเค้า', '', 387, 29),
(3152, 'ภูกระดึง', '', 387, 29),
(3153, 'ศรีฐาน', '', 387, 29),
(3154, 'ห้วยส้ม', '', 387, 29),
(3155, 'ท่าศาลา', '', 388, 29),
(3156, 'ปลาบ่า', '', 388, 29),
(3157, 'ร่องจิก', '', 388, 29),
(3158, 'ลาดค่าง', '', 388, 29),
(3159, 'สานตม', '', 388, 29),
(3160, 'หนองบัว', '', 388, 29),
(3161, 'แก่งศรีภูมิ', '', 389, 29),
(3162, 'ภูหอ', '', 389, 29),
(3163, 'เลยวังไสย์', '', 389, 29),
(3164, 'หนองคัน', '', 389, 29),
(3165, 'ห้วยสีเสียด', '', 389, 29),
(3166, 'กกดู่', '', 390, 29),
(3167, 'กกทอง', '', 390, 29),
(3168, 'กุดป่อง', '', 390, 29),
(3169, 'ชัยพฤกษ์', '', 390, 29),
(3170, 'นาแขม', '', 390, 29),
(3171, 'นาดินดำ', '', 390, 29),
(3172, 'นาโป่ง', '', 390, 29),
(3173, 'นาอ้อ', '', 390, 29),
(3174, 'นาอาน', '', 390, 29),
(3175, 'น้ำสวย', '', 390, 29),
(3176, 'น้ำหมาน', '', 390, 29),
(3177, 'เมือง', '', 390, 29),
(3178, 'ศรีสองรัก', '', 390, 29),
(3179, 'เสี้ยว', '', 390, 29),
(3180, 'เขาหลวง', '', 391, 29),
(3181, 'โคกขมิ้น', '', 391, 29),
(3182, 'ทรายขาว', '', 391, 29),
(3183, 'ปากปวน', '', 391, 29),
(3184, 'ผาน้อย', '', 391, 29),
(3185, 'ผาบิ้ง', '', 391, 29),
(3186, 'วังสะพุง', '', 391, 29),
(3187, 'ศรีสงคราม', '', 391, 29),
(3188, 'หนองงิ้ว', '', 391, 29),
(3189, 'หนองหญ้าปล้อง', '', 391, 29),
(3190, 'ตาดข่า', '', 392, 29),
(3191, 'ปวนพุ', '', 392, 29),
(3192, 'หนองหิน', '', 392, 29),
(3193, 'ทรัพย์ไพวัลย์', '', 393, 29),
(3194, 'ผาสามยอด', '', 393, 29),
(3195, 'ผาอินทร์แปลง', '', 393, 29),
(3196, 'เอราวัณ', '', 393, 29),
(3197, 'กระแซง', '', 394, 30),
(3198, 'กุดเสลา', '', 394, 30),
(3199, 'ขนุน', '', 394, 30),
(3200, 'จานใหญ่', '', 394, 30),
(3201, 'ชำ', '', 394, 30),
(3202, 'ตระกาจ', '', 394, 30),
(3203, 'ทุ่งใหญ่', '', 394, 30),
(3204, 'น้ำอ้อม', '', 394, 30),
(3205, 'โนนสำราญ', '', 394, 30),
(3206, 'บึงมะลู', '', 394, 30),
(3207, 'ภูเงิน', '', 394, 30),
(3208, 'ภูผาหมอก', '', 394, 30),
(3209, 'เมือง', '', 394, 30),
(3210, 'รุง', '', 394, 30),
(3211, 'ละลาย', '', 394, 30),
(3212, 'เวียงเหนือ', '', 394, 30),
(3213, 'สวนกล้วย', '', 394, 30),
(3214, 'สังเม็ก', '', 394, 30),
(3215, 'เสาธงชัย', '', 394, 30),
(3216, 'หนองหญ้าลาด', '', 394, 30),
(3217, 'คำเนียม', '', 395, 30),
(3218, 'จาน', '', 395, 30),
(3219, 'ดู่', '', 395, 30),
(3220, 'ดูน', '', 395, 30),
(3221, 'ทาม', '', 395, 30),
(3222, 'โนนสัง', '', 395, 30),
(3223, 'บัวน้อย', '', 395, 30),
(3224, 'ผักแพว', '', 395, 30),
(3225, 'เมืองน้อย', '', 395, 30),
(3226, 'ยาง', '', 395, 30),
(3227, 'ละทาย', '', 395, 30),
(3228, 'หนองแก้ว', '', 395, 30),
(3229, 'หนองบัว', '', 395, 30),
(3230, 'หนองแวง', '', 395, 30),
(3231, 'หนองหัวช้าง', '', 395, 30),
(3232, 'อีปาด', '', 395, 30),
(3233, 'กฤษณา', '', 396, 30),
(3234, 'กันทรารมย์', '', 396, 30),
(3235, 'โคกเพชร', '', 396, 30),
(3236, 'จะกง', '', 396, 30),
(3237, 'ใจดี', '', 396, 30),
(3238, 'ดองกำเม็ด', '', 396, 30),
(3239, 'ตะเคียน', '', 396, 30),
(3240, 'ตาอุด', '', 396, 30),
(3241, 'นิคมพัฒนา', '', 396, 30),
(3242, 'ปราสาท', '', 396, 30),
(3243, 'ปรือใหญ่', '', 396, 30),
(3244, 'ลมศักดิ์', '', 396, 30),
(3245, 'ศรีตระกูล', '', 396, 30),
(3246, 'ศรีสะอาด', '', 396, 30),
(3247, 'สะเดาใหญ่', '', 396, 30),
(3248, 'สำโรงตาเจ็น', '', 396, 30),
(3249, 'โสน', '', 396, 30),
(3250, 'หนองฉลอง', '', 396, 30),
(3251, 'ห้วยใต้', '', 396, 30),
(3252, 'ห้วยสำราญ', '', 396, 30),
(3253, 'ห้วยเหนือ', '', 396, 30),
(3254, 'หัวเสือ', '', 396, 30),
(3255, 'กระหวัน', '', 397, 30),
(3256, 'กันทรอม', '', 397, 30),
(3257, 'ขุนหาญ', '', 397, 30),
(3258, 'โนนสูง', '', 397, 30),
(3259, 'บักดอง', '', 397, 30),
(3260, 'พราน', '', 397, 30),
(3261, 'โพธิ์กระสังข์', '', 397, 30),
(3262, 'โพธิ์วงศ์', '', 397, 30),
(3263, 'ไพร', '', 397, 30),
(3264, 'ภูฝ้าย', '', 397, 30),
(3265, 'สิ', '', 397, 30),
(3266, 'ห้วยจันทร์', '', 397, 30),
(3267, 'เขิน', '', 398, 30),
(3268, 'คูบ', '', 398, 30),
(3269, 'ตองปิด', '', 398, 30),
(3270, 'น้ำเกลี้ยง', '', 398, 30),
(3271, 'รุ่งระวี', '', 398, 30),
(3272, 'ละเอาะ', '', 398, 30),
(3273, 'โนนค้อ', '', 399, 30),
(3274, 'บก', '', 399, 30),
(3275, 'โพธิ์', '', 399, 30),
(3276, 'หนองกุง', '', 399, 30),
(3277, 'เหล่ากวาง', '', 399, 30),
(3278, 'บึงบูรพ์', '', 400, 30),
(3279, 'เป๊าะ', '', 400, 30),
(3280, 'ท่าคล้อ', '', 401, 30),
(3281, 'เสียว', '', 401, 30),
(3282, 'หนองงูเหลือม', '', 401, 30),
(3283, 'หนองหว้า', '', 401, 30),
(3284, 'หนองฮาง', '', 401, 30),
(3285, 'กู่', '', 402, 30),
(3286, 'ดู่', '', 402, 30),
(3287, 'ตูม', '', 402, 30),
(3288, 'พิมาย', '', 402, 30),
(3289, 'พิมายเหนือ', '', 402, 30),
(3290, 'โพธิ์ศรี', '', 402, 30),
(3291, 'สมอ', '', 402, 30),
(3292, 'สวาย', '', 402, 30),
(3293, 'สำโรงปราสาท', '', 402, 30),
(3294, 'หนองเชียงทูน', '', 402, 30),
(3295, 'ตำแย', '', 403, 30),
(3296, 'โนนเพ็ก', '', 403, 30),
(3297, 'พยุห์', '', 403, 30),
(3298, 'พรหมสวัสดิ์', '', 403, 30),
(3299, 'หนองค้า', '', 403, 30),
(3300, 'โดด', '', 404, 30),
(3301, 'ผือใหญ่', '', 404, 30),
(3302, 'เสียว', '', 404, 30),
(3303, 'หนองม้า', '', 404, 30),
(3304, 'อีเซ', '', 404, 30),
(3305, 'ดินแดง', '', 405, 30),
(3306, 'โนนปูน', '', 405, 30),
(3307, 'ปราสาทเยอ', '', 405, 30),
(3308, 'ไพรบึง', '', 405, 30),
(3309, 'สำโรงพลัน', '', 405, 30),
(3310, 'สุขสวัสดิ์', '', 405, 30),
(3311, 'โคกตาล', '', 406, 30),
(3312, 'ดงรัก', '', 406, 30),
(3313, 'ตะเคียนราม', '', 406, 30),
(3314, 'ไพรพัฒนา', '', 406, 30),
(3315, 'ละลม', '', 406, 30),
(3316, 'ห้วยตามอญ', '', 406, 30),
(3317, 'ห้วยตึ๊กชู', '', 406, 30),
(3318, 'ตาโกน', '', 407, 30),
(3319, 'เมืองจันทร์', '', 407, 30),
(3320, 'หนองใหญ่', '', 407, 30),
(3321, 'คูซอด', '', 408, 30),
(3322, 'จาน', '', 408, 30),
(3323, 'ซำ', '', 408, 30),
(3324, 'ตะดอบ', '', 408, 30),
(3325, 'ทุ่ม', '', 408, 30),
(3326, 'น้ำคำ', '', 408, 30),
(3327, 'โพธิ์', '', 408, 30),
(3328, 'โพนข่า', '', 408, 30),
(3329, 'โพนเขวา', '', 408, 30),
(3330, 'โพนค้อ', '', 408, 30),
(3331, 'เมืองใต้', '', 408, 30),
(3332, 'เมืองเหนือ', '', 408, 30),
(3333, 'หญ้าปล้อง', '', 408, 30),
(3334, 'หนองแก้ว', '', 408, 30),
(3335, 'หนองครก', '', 408, 30),
(3336, 'หนองไผ่', '', 408, 30),
(3337, 'หนองไฮ', '', 408, 30),
(3338, 'หมากเขียบ', '', 408, 30),
(3339, 'กุดเมืองฮาม', '', 409, 30),
(3340, 'คอนกาม', '', 409, 30),
(3341, 'โนนคูน', '', 409, 30),
(3342, 'บึงบอน', '', 409, 30),
(3343, 'ยางชุมน้อย', '', 409, 30),
(3344, 'ยางชุมใหญ่', '', 409, 30),
(3345, 'ลิ้นฟ้า', '', 409, 30),
(3346, 'จิกสังข์ทอง', '', 410, 30),
(3347, 'ด่าน', '', 410, 30),
(3348, 'ดู่', '', 410, 30),
(3349, 'บัวหุ่ง', '', 410, 30),
(3350, 'ไผ่', '', 410, 30),
(3351, 'เมืองคง', '', 410, 30),
(3352, 'เมืองแคน', '', 410, 30),
(3353, 'ส้มป่อย', '', 410, 30),
(3354, 'สร้างปี่', '', 410, 30),
(3355, 'หนองแค', '', 410, 30),
(3356, 'หนองหมี', '', 410, 30),
(3357, 'หนองอึ่ง', '', 410, 30),
(3358, 'หว้านคำ', '', 410, 30),
(3359, 'ดวนใหญ่', '', 411, 30),
(3360, 'ทุ่งสวาง', '', 411, 30),
(3361, 'ธาตุ', '', 411, 30),
(3362, 'บ่อแก้ว', '', 411, 30),
(3363, 'บุสูง', '', 411, 30),
(3364, 'โพนยาง', '', 411, 30),
(3365, 'วังหิน', '', 411, 30),
(3366, 'ศรีสำราญ', '', 411, 30),
(3367, 'ตูม', '', 412, 30),
(3368, 'พิงพวย', '', 412, 30),
(3369, 'ศรีแก้ว', '', 412, 30),
(3370, 'ศรีโนนงาม', '', 412, 30),
(3371, 'สระเยาว์', '', 412, 30),
(3372, 'สะพุง', '', 412, 30),
(3373, 'เสื่องข้าว', '', 412, 30),
(3374, 'กุง', '', 413, 30),
(3375, 'คลีกลิ้ง', '', 413, 30),
(3376, 'โจดม่วง', '', 413, 30),
(3377, 'หนองบัวดง', '', 413, 30),
(3378, 'กล้วยกว้าง', '', 414, 30),
(3379, 'จานแสนไชย', '', 414, 30),
(3380, 'ปราสาท', '', 414, 30),
(3381, 'ผักไหม', '', 414, 30),
(3382, 'เมืองหลวง', '', 414, 30),
(3383, 'ห้วยทับทัน', '', 414, 30),
(3384, 'ก้านเหลือง', '', 415, 30),
(3385, 'กำแพง', '', 415, 30),
(3386, 'ขะยูง', '', 415, 30),
(3387, 'แข้', '', 415, 30),
(3388, 'แขม', '', 415, 30);
INSERT INTO `tb_sub_district` (`sd_id`, `sd_name_th`, `sd_name_eng`, `sd_district_id`, `sd_province_id`) VALUES
(3389, 'โคกจาน', '', 415, 30),
(3390, 'โคกหล่าม', '', 415, 30),
(3391, 'ตาเกษ', '', 415, 30),
(3392, 'แต้', '', 415, 30),
(3393, 'ทุ่งไชย', '', 415, 30),
(3394, 'ปะอาว', '', 415, 30),
(3395, 'โพธิ์ชัย', '', 415, 30),
(3396, 'รังแร้ง', '', 415, 30),
(3397, 'สระกำแพงใหญ่', '', 415, 30),
(3398, 'สำโรง', '', 415, 30),
(3399, 'หนองห้าง', '', 415, 30),
(3400, 'หนองไฮ', '', 415, 30),
(3401, 'หัวช้าง', '', 415, 30),
(3402, 'อีหล่ำ', '', 415, 30),
(3403, 'กุดบาก', '', 416, 31),
(3404, 'กุดไห', '', 416, 31),
(3405, 'นาม่อง', '', 416, 31),
(3406, 'กุสุมาลย์', '', 417, 31),
(3407, 'นาเพียง', '', 417, 31),
(3408, 'นาโพธิ์', '', 417, 31),
(3409, 'โพธิ์ไพศาล', '', 417, 31),
(3410, 'อุ่มจาน', '', 417, 31),
(3411, 'คำตากล้า', '', 418, 31),
(3412, 'นาแต้', '', 418, 31),
(3413, 'แพด', '', 418, 31),
(3414, 'หนองบัวสิม', '', 418, 31),
(3415, 'ด่านม่วงคำ', '', 419, 31),
(3416, 'ตองโขบ', '', 419, 31),
(3417, 'แมดนาท่ม', '', 419, 31),
(3418, 'เหล่าโพนค้อ', '', 419, 31),
(3419, 'โคกศิลา', '', 420, 31),
(3420, 'เจริญศิลป์', '', 420, 31),
(3421, 'ทุ่งแก', '', 420, 31),
(3422, 'บ้านเหล่า', '', 420, 31),
(3423, 'หนองแปน', '', 420, 31),
(3424, 'จันทร์เพ็ญ', '', 421, 31),
(3425, 'เต่างอย', '', 421, 31),
(3426, 'นาตาล', '', 421, 31),
(3427, 'บึงทวาย', '', 421, 31),
(3428, 'นิคมน้ำอูน', '', 422, 31),
(3429, 'สุวรรณคาม', '', 422, 31),
(3430, 'หนองบัว', '', 422, 31),
(3431, 'หนองปลิง', '', 422, 31),
(3432, 'ดงหม้อทอง', '', 423, 31),
(3433, 'ดงหม้อทองใต้', '', 423, 31),
(3434, 'ดงเหนือ', '', 423, 31),
(3435, 'โนนสะอาด', '', 423, 31),
(3436, 'บ่อแก้ว', '', 423, 31),
(3437, 'ม่วง', '', 423, 31),
(3438, 'มาย', '', 423, 31),
(3439, 'หนองกวั่ง', '', 423, 31),
(3440, 'ห้วยหลัว', '', 423, 31),
(3441, 'ช้างมิ่ง', '', 424, 31),
(3442, 'เชิงชุม', '', 424, 31),
(3443, 'นาใน', '', 424, 31),
(3444, 'นาหัวบ่อ', '', 424, 31),
(3445, 'บะฮี', '', 424, 31),
(3446, 'พรรณา', '', 424, 31),
(3447, 'พอกน้อย', '', 424, 31),
(3448, 'ไร่', '', 424, 31),
(3449, 'วังยาง', '', 424, 31),
(3450, 'สว่าง', '', 424, 31),
(3451, 'ต้นผึ้ง', '', 425, 31),
(3452, 'พังโคน', '', 425, 31),
(3453, 'ม่วงไข่', '', 425, 31),
(3454, 'แร่', '', 425, 31),
(3455, 'ไฮหย่อง', '', 425, 31),
(3456, 'เชียงสือ', '', 426, 31),
(3457, 'นาแก้ว', '', 426, 31),
(3458, 'นาตงวัฒนา', '', 426, 31),
(3459, 'บ้านแป้น', '', 426, 31),
(3460, 'บ้านโพน', '', 426, 31),
(3461, 'กกปลาซิว', '', 427, 31),
(3462, 'โคกภู', '', 427, 31),
(3463, 'สร้างค้อ', '', 427, 31),
(3464, 'หลุบเลา', '', 427, 31),
(3465, 'ขมิ้น', '', 428, 31),
(3466, 'โคกก่อง', '', 428, 31),
(3467, 'งิ้วด่อน', '', 428, 31),
(3468, 'เชียงเครือ', '', 428, 31),
(3469, 'ดงชน', '', 428, 31),
(3470, 'ดงมะไฟ', '', 428, 31),
(3471, 'ท่าแร่', '', 428, 31),
(3472, 'ธาตุเชิงชุม', '', 428, 31),
(3473, 'ธาตุนาเวง', '', 428, 31),
(3474, 'โนนหอม', '', 428, 31),
(3475, 'พังขว้าง', '', 428, 31),
(3476, 'ม่วงลาย', '', 428, 31),
(3477, 'หนองลาด', '', 428, 31),
(3478, 'ห้วยยาง', '', 428, 31),
(3479, 'เหล่าปอแดง', '', 428, 31),
(3480, 'ฮางโฮง', '', 428, 31),
(3481, 'กุดเรือคำ', '', 429, 31),
(3482, 'ขัวก่าย', '', 429, 31),
(3483, 'คอนสวรรค์', '', 429, 31),
(3484, 'คูสะคาม', '', 429, 31),
(3485, 'เดื่อศรีคันไชย', '', 429, 31),
(3486, 'ธาตุ', '', 429, 31),
(3487, 'นาคำ', '', 429, 31),
(3488, 'นาซอ', '', 429, 31),
(3489, 'วานรนิวาส', '', 429, 31),
(3490, 'ศรีวิชัย', '', 429, 31),
(3491, 'หนองแวง', '', 429, 31),
(3492, 'หนองแวงใต้', '', 429, 31),
(3493, 'หนองสนม', '', 429, 31),
(3494, 'อินทร์แปลง', '', 429, 31),
(3495, 'ค้อเขียว', '', 430, 31),
(3496, 'คำบ่อ', '', 430, 31),
(3497, 'ปลาโหล', '', 430, 31),
(3498, 'วาริชภูมิ', '', 430, 31),
(3499, 'หนองลาด', '', 430, 31),
(3500, 'ค้อใต้', '', 431, 31),
(3501, 'คำสะอาด', '', 431, 31),
(3502, 'โคกสี', '', 431, 31),
(3503, 'ตาลโกน', '', 431, 31),
(3504, 'ตาลเนิ้ง', '', 431, 31),
(3505, 'ทรายมูล', '', 431, 31),
(3506, 'ธาตุทอง', '', 431, 31),
(3507, 'บงใต้', '', 431, 31),
(3508, 'บงเหนือ', '', 431, 31),
(3509, 'บ้านต้าย', '', 431, 31),
(3510, 'บ้านถ่อน', '', 431, 31),
(3511, 'พันนา', '', 431, 31),
(3512, 'โพนสูง', '', 431, 31),
(3513, 'แวง', '', 431, 31),
(3514, 'สว่างแดนดิน', '', 431, 31),
(3515, 'หนองหลวง', '', 431, 31),
(3516, 'ท่าศิลา', '', 432, 31),
(3517, 'ปทุมวาปี', '', 432, 31),
(3518, 'วัฒนา', '', 432, 31),
(3519, 'ส่องดาว', '', 432, 31),
(3520, 'ท่าก้อน', '', 433, 31),
(3521, 'นาฮี', '', 433, 31),
(3522, 'บะหว้า', '', 433, 31),
(3523, 'โพนงาม', '', 433, 31),
(3524, 'โพนแพง', '', 433, 31),
(3525, 'วาใหญ่', '', 433, 31),
(3526, 'สามัคคีพัฒนา', '', 433, 31),
(3527, 'อากาศ', '', 433, 31),
(3528, 'กาบเชิง', '', 434, 32),
(3529, 'คูตัน', '', 434, 32),
(3530, 'โคกตะเคียน', '', 434, 32),
(3531, 'ด่าน', '', 434, 32),
(3532, 'ตะเคียน', '', 434, 32),
(3533, 'แนงมุด', '', 434, 32),
(3534, 'เขวาสินรินทร์', '', 435, 32),
(3535, 'ตากูก', '', 435, 32),
(3536, 'บ้านแร่', '', 435, 32),
(3537, 'บึง', '', 435, 32),
(3538, 'ปราสาททอง', '', 435, 32),
(3539, 'กระหาด', '', 436, 32),
(3540, 'จอมพระ', '', 436, 32),
(3541, 'ชุมแสง', '', 436, 32),
(3542, 'บ้านผือ', '', 436, 32),
(3543, 'บุแกรง', '', 436, 32),
(3544, 'เป็นสุข', '', 436, 32),
(3545, 'เมืองลีง', '', 436, 32),
(3546, 'ลุ่มระวี', '', 436, 32),
(3547, 'หนองสนิท', '', 436, 32),
(3548, 'กระเบื้อง', '', 437, 32),
(3549, 'ชุมพลบุรี', '', 437, 32),
(3550, 'นาหนองไผ่', '', 437, 32),
(3551, 'ไพรขลา', '', 437, 32),
(3552, 'เมืองบัว', '', 437, 32),
(3553, 'ยะวึก', '', 437, 32),
(3554, 'ศรีณรงค์', '', 437, 32),
(3555, 'สระขุด', '', 437, 32),
(3556, 'หนองเรือ', '', 437, 32),
(3557, 'กระโพ', '', 438, 32),
(3558, 'ท่าตูม', '', 438, 32),
(3559, 'ทุ่งกุลา', '', 438, 32),
(3560, 'บะ', '', 438, 32),
(3561, 'บัวโคก', '', 438, 32),
(3562, 'พรมเทพ', '', 438, 32),
(3563, 'โพนครก', '', 438, 32),
(3564, 'เมืองแก', '', 438, 32),
(3565, 'หนองบัว', '', 438, 32),
(3566, 'หนองเมธี', '', 438, 32),
(3567, 'คำผง', '', 439, 32),
(3568, 'โนน', '', 439, 32),
(3569, 'ระเวียง', '', 439, 32),
(3570, 'หนองเทพ', '', 439, 32),
(3571, 'หนองหลวง', '', 439, 32),
(3572, 'จรัส', '', 440, 32),
(3573, 'ตาวัง', '', 440, 32),
(3574, 'บัวเชด', '', 440, 32),
(3575, 'สะเดา', '', 440, 32),
(3576, 'สำเภาลูน', '', 440, 32),
(3577, 'อาโพน', '', 440, 32),
(3578, 'กังแอน', '', 441, 32),
(3579, 'กันตวจระมวล', '', 441, 32),
(3580, 'โคกยาง', '', 441, 32),
(3581, 'โคกสะอาด', '', 441, 32),
(3582, 'เชื้อเพลิง', '', 441, 32),
(3583, 'โชคนาสาม', '', 441, 32),
(3584, 'ตานี', '', 441, 32),
(3585, 'ตาเบา', '', 441, 32),
(3586, 'ทมอ', '', 441, 32),
(3587, 'ทุ่งมน', '', 441, 32),
(3588, 'บ้านไทร', '', 441, 32),
(3589, 'บ้านพลวง', '', 441, 32),
(3590, 'ประทัดบุ', '', 441, 32),
(3591, 'ปราสาททนง', '', 441, 32),
(3592, 'ปรือ', '', 441, 32),
(3593, 'ไพล', '', 441, 32),
(3594, 'สมุด', '', 441, 32),
(3595, 'หนองใหญ่', '', 441, 32),
(3596, 'โคกกลาง', '', 442, 32),
(3597, 'จีกแดก', '', 442, 32),
(3598, 'ตาเมียง', '', 442, 32),
(3599, 'บักได', '', 442, 32),
(3600, 'กาเกาะ', '', 443, 32),
(3601, 'แกใหญ่', '', 443, 32),
(3602, 'คอโค', '', 443, 32),
(3603, 'เฉนียง', '', 443, 32),
(3604, 'ตระแสง', '', 443, 32),
(3605, 'ตั้งใจ', '', 443, 32),
(3606, 'ตาอ็อง', '', 443, 32),
(3607, 'ท่าสว่าง', '', 443, 32),
(3608, 'เทนมีย์', '', 443, 32),
(3609, 'นอกเมือง', '', 443, 32),
(3610, 'นาดี', '', 443, 32),
(3611, 'นาบัว', '', 443, 32),
(3612, 'ในเมือง', '', 443, 32),
(3613, 'บุฤาษี', '', 443, 32),
(3614, 'เพี้ยราม', '', 443, 32),
(3615, 'เมืองที', '', 443, 32),
(3616, 'ราม', '', 443, 32),
(3617, 'สลักได', '', 443, 32),
(3618, 'สวาย', '', 443, 32),
(3619, 'สำโรง', '', 443, 32),
(3620, 'แสลงพันธ์', '', 443, 32),
(3621, 'กุดขาคีม', '', 444, 32),
(3622, 'แก', '', 444, 32),
(3623, 'ดอนแรด', '', 444, 32),
(3624, 'ทับใหญ่', '', 444, 32),
(3625, 'ธาตุ', '', 444, 32),
(3626, 'น้ำเขียว', '', 444, 32),
(3627, 'เบิด', '', 444, 32),
(3628, 'ไผ่', '', 444, 32),
(3629, 'ยางสว่าง', '', 444, 32),
(3630, 'รัตนบุรี', '', 444, 32),
(3631, 'หนองบัวทอง', '', 444, 32),
(3632, 'หนองบัวบาน', '', 444, 32),
(3633, 'โชคเหนือ', '', 445, 32),
(3634, 'ตระเปียงเตีย', '', 445, 32),
(3635, 'ตรำดม', '', 445, 32),
(3636, 'ลำดวน', '', 445, 32),
(3637, 'อู่โลก', '', 445, 32),
(3638, 'แจนแวน', '', 446, 32),
(3639, 'ณรงค์', '', 446, 32),
(3640, 'ตรวจ', '', 446, 32),
(3641, 'ศรีสุข', '', 446, 32),
(3642, 'หนองแวง', '', 446, 32),
(3643, 'กุดหวาย', '', 447, 32),
(3644, 'ขวาวใหญ่', '', 447, 32),
(3645, 'คาละแมะ', '', 447, 32),
(3646, 'จารพัต', '', 447, 32),
(3647, 'ช่างปี่', '', 447, 32),
(3648, 'ตรมไพร', '', 447, 32),
(3649, 'ตรึม', '', 447, 32),
(3650, 'แตล', '', 447, 32),
(3651, 'นารุ่ง', '', 447, 32),
(3652, 'ผักไหม', '', 447, 32),
(3653, 'ยาง', '', 447, 32),
(3654, 'ระแงง', '', 447, 32),
(3655, 'หนองขวาว', '', 447, 32),
(3656, 'หนองบัว', '', 447, 32),
(3657, 'หนองเหล็ก', '', 447, 32),
(3658, 'แคน', '', 448, 32),
(3659, 'นานวน', '', 448, 32),
(3660, 'โพนโก', '', 448, 32),
(3661, 'สนม', '', 448, 32),
(3662, 'หนองระฆัง', '', 448, 32),
(3663, 'หนองอียอ', '', 448, 32),
(3664, 'หัวงัว', '', 448, 32),
(3665, 'กระเทียม', '', 449, 32),
(3666, 'ขอนแตก', '', 449, 32),
(3667, 'ดม', '', 449, 32),
(3668, 'ตาคง', '', 449, 32),
(3669, 'ตาตุม', '', 449, 32),
(3670, 'ทับทัน', '', 449, 32),
(3671, 'เทพรักษา', '', 449, 32),
(3672, 'บ้านจารย์', '', 449, 32),
(3673, 'บ้านชบ', '', 449, 32),
(3674, 'พระแก้ว', '', 449, 32),
(3675, 'สะกาด', '', 449, 32),
(3676, 'สังขะ', '', 449, 32),
(3677, 'กระออม', '', 450, 32),
(3678, 'เกาะแก้ว', '', 450, 32),
(3679, 'ประดู่', '', 450, 32),
(3680, 'ศรีสุข', '', 450, 32),
(3681, 'สะโน', '', 450, 32),
(3682, 'สำโรงทาบ', '', 450, 32),
(3683, 'เสม็จ', '', 450, 32),
(3684, 'หนองไผ่ล้อม', '', 450, 32),
(3685, 'หนองฮะ', '', 450, 32),
(3686, 'หมื่นศรี', '', 450, 32),
(3687, 'กองนาง', '', 451, 33),
(3688, 'โคกคอน', '', 451, 33),
(3689, 'ท่าบ่อ', '', 451, 33),
(3690, 'นาข่า', '', 451, 33),
(3691, 'น้ำโมง', '', 451, 33),
(3692, 'บ้านเดื่อ', '', 451, 33),
(3693, 'บ้านถ่อน', '', 451, 33),
(3694, 'บ้านว่าน', '', 451, 33),
(3695, 'โพนสา', '', 451, 33),
(3696, 'หนองนาง', '', 451, 33),
(3697, 'นาดี', '', 452, 33),
(3698, 'เฝ้าไร่', '', 452, 33),
(3699, 'วังหลวง', '', 452, 33),
(3700, 'หนองหลวง', '', 452, 33),
(3701, 'อุดมพร', '', 452, 33),
(3702, 'ด่านศรีสุข', '', 453, 33),
(3703, 'โพธิ์ตาก', '', 453, 33),
(3704, 'โพนทอง', '', 453, 33),
(3705, 'กุดบง', '', 454, 33),
(3706, 'จุมพล', '', 454, 33),
(3707, 'ชุมช้าง', '', 454, 33),
(3708, 'เซิม', '', 454, 33),
(3709, 'ทุ่งหลวง', '', 454, 33),
(3710, 'นาหนัง', '', 454, 33),
(3711, 'บ้านผือ', '', 454, 33),
(3712, 'บ้านโพธิ์', '', 454, 33),
(3713, 'วัดหลวง', '', 454, 33),
(3714, 'สร้างนางขาว', '', 454, 33),
(3715, 'เหล่าต่างคำ', '', 454, 33),
(3716, 'กวนวัน', '', 455, 33),
(3717, 'ค่ายบกหวาน', '', 455, 33),
(3718, 'ในเมือง', '', 455, 33),
(3719, 'บ้านเดื่อ', '', 455, 33),
(3720, 'ปะโค', '', 455, 33),
(3721, 'พระธาตุบังพวน', '', 455, 33),
(3722, 'โพธิ์ชัย', '', 455, 33),
(3723, 'มีชัย', '', 455, 33),
(3724, 'เมืองหมี', '', 455, 33),
(3725, 'วัดธาตุ', '', 455, 33),
(3726, 'เวียงคุก', '', 455, 33),
(3727, 'สองห้อง', '', 455, 33),
(3728, 'สีกาย', '', 455, 33),
(3729, 'หนองกอมเกาะ', '', 455, 33),
(3730, 'หาดคำ', '', 455, 33),
(3731, 'หินโงม', '', 455, 33),
(3732, 'นาทับไฮ', '', 456, 33),
(3733, 'บ้านต้อน', '', 456, 33),
(3734, 'พระบาทนาสิงห์', '', 456, 33),
(3735, 'โพนแพง', '', 456, 33),
(3736, 'รัตนวาปี', '', 456, 33),
(3737, 'บ้านหม้อ', '', 457, 33),
(3738, 'พระพุทธบาท', '', 457, 33),
(3739, 'พานพร้าว', '', 457, 33),
(3740, 'หนองปลาปาก', '', 457, 33),
(3741, 'คอกช้าง', '', 458, 33),
(3742, 'บ้านฝาง', '', 458, 33),
(3743, 'สระใคร', '', 458, 33),
(3744, 'แก้งไก่', '', 459, 33),
(3745, 'นางิ้ว', '', 459, 33),
(3746, 'บ้านม่วง', '', 459, 33),
(3747, 'ผาตั้ง', '', 459, 33),
(3748, 'สังคม', '', 459, 33),
(3749, 'กุดดินจี่', '', 460, 34),
(3750, 'กุดแห่', '', 460, 34),
(3751, 'เก่ากลอย', '', 460, 34),
(3752, 'ดงสวรรค์', '', 460, 34),
(3753, 'ด่านช้าง', '', 460, 34),
(3754, 'นากลาง', '', 460, 34),
(3755, 'โนนเมือง', '', 460, 34),
(3756, 'ฝั่งแดง', '', 460, 34),
(3757, 'อุทัยสวรรค์', '', 460, 34),
(3758, 'เทพคีรี', '', 461, 34),
(3759, 'นาแก', '', 461, 34),
(3760, 'นาเหล่า', '', 461, 34),
(3761, 'วังทอง', '', 461, 34),
(3762, 'วังปลาป้อม', '', 461, 34),
(3763, 'กุดดู่', '', 462, 34),
(3764, 'โคกม่วง', '', 462, 34),
(3765, 'โคกใหญ่', '', 462, 34),
(3766, 'นิคมพัฒนา', '', 462, 34),
(3767, 'โนนเมือง', '', 462, 34),
(3768, 'โนนสัง', '', 462, 34),
(3769, 'บ้านค้อ', '', 462, 34),
(3770, 'บ้านถิ่น', '', 462, 34),
(3771, 'ปางกู่', '', 462, 34),
(3772, 'หนองเรือ', '', 462, 34),
(3773, 'กุดจิก', '', 463, 34),
(3774, 'นาคำไฮ', '', 463, 34),
(3775, 'นามะเฟือง', '', 463, 34),
(3776, 'โนนขมิ้น', '', 463, 34),
(3777, 'โนนทัน', '', 463, 34),
(3778, 'บ้านขาม', '', 463, 34),
(3779, 'บ้านพร้าว', '', 463, 34),
(3780, 'ป่าไม้งาม', '', 463, 34),
(3781, 'โพธิ์ชัย', '', 463, 34),
(3782, 'ลำภู', '', 463, 34),
(3783, 'หนองบัว', '', 463, 34),
(3784, 'หนองภัยศูนย์', '', 463, 34),
(3785, 'หนองสวรรค์', '', 463, 34),
(3786, 'หนองหว้า', '', 463, 34),
(3787, 'หัวนา', '', 463, 34),
(3788, 'กุดสะเทียน', '', 464, 34),
(3789, 'ทรายทอง', '', 464, 34),
(3790, 'นากอก', '', 464, 34),
(3791, 'โนนม่วง', '', 464, 34),
(3792, 'โนนสะอาด', '', 464, 34),
(3793, 'เมืองใหม่', '', 464, 34),
(3794, 'ยางหล่อ', '', 464, 34),
(3795, 'ศรีบุญเรือง', '', 464, 34),
(3796, 'หนองกุงแก้ว', '', 464, 34),
(3797, 'หนองแก', '', 464, 34),
(3798, 'หนองบัวใต้', '', 464, 34),
(3799, 'หันนางาม', '', 464, 34),
(3800, 'กุดผึ้ง', '', 465, 34),
(3801, 'ดงมะไฟ', '', 465, 34),
(3802, 'นาด่าน', '', 465, 34),
(3803, 'นาดี', '', 465, 34),
(3804, 'นาสี', '', 465, 34),
(3805, 'บ้านโคก', '', 465, 34),
(3806, 'บุญทัน', '', 465, 34),
(3807, 'สุวรรณคูหา', '', 465, 34),
(3808, 'คำเขื่อนแก้ว', '', 466, 35),
(3809, 'โคกก่ง', '', 466, 35),
(3810, 'โคกสาร', '', 466, 35),
(3811, 'ชานุมาน', '', 466, 35),
(3812, 'ป่าก่อ', '', 466, 35),
(3813, 'คำโพน', '', 467, 35),
(3814, 'นาป่าแซง', '', 467, 35),
(3815, 'นาหว้า', '', 467, 35),
(3816, 'โนนงาม', '', 467, 35),
(3817, 'ลือ', '', 467, 35),
(3818, 'หนองข่า', '', 467, 35),
(3819, 'ห้วย', '', 467, 35),
(3820, 'จานลาน', '', 468, 35),
(3821, 'พนา', '', 468, 35),
(3822, 'พระเหลา', '', 468, 35),
(3823, 'ไม้กลอน', '', 468, 35),
(3824, 'กุดปลาดุก', '', 469, 35),
(3825, 'ไก่คำ', '', 469, 35),
(3826, 'คึมใหญ่', '', 469, 35),
(3827, 'ดอนเมย', '', 469, 35),
(3828, 'นาจิก', '', 469, 35),
(3829, 'นาแต้', '', 469, 35),
(3830, 'นาผือ', '', 469, 35),
(3831, 'นายม', '', 469, 35),
(3832, 'นาวัง', '', 469, 35),
(3833, 'นาหมอม้า', '', 469, 35),
(3834, 'น้ำปลีก', '', 469, 35),
(3835, 'โนนโพธิ์', '', 469, 35),
(3836, 'โนนหนามแท่ง', '', 469, 35),
(3837, 'บุ่ง', '', 469, 35),
(3838, 'ปลาค้าว', '', 469, 35),
(3839, 'สร้างนกทา', '', 469, 35),
(3840, 'หนองมะแซว', '', 469, 35),
(3841, 'ห้วยไร่', '', 469, 35),
(3842, 'เหล่าพรวน', '', 469, 35),
(3843, 'โคกกลาง', '', 470, 35),
(3844, 'ดงบัง', '', 470, 35),
(3845, 'ดงมะยาง', '', 470, 35),
(3846, 'เปือย', '', 470, 35),
(3847, 'แมด', '', 470, 35),
(3848, 'ไร่ขี', '', 470, 35),
(3849, 'อำนาจ', '', 470, 35),
(3850, 'นาเวียง', '', 471, 35),
(3851, 'โพนทอง', '', 471, 35),
(3852, 'ไร่สีสุก', '', 471, 35),
(3853, 'เสนางคนิคม', '', 471, 35),
(3854, 'หนองสามสี', '', 471, 35),
(3855, 'หนองไฮ', '', 471, 35),
(3856, 'คำพระ', '', 472, 35),
(3857, 'เค็งใหญ่', '', 472, 35),
(3858, 'จิกดู่', '', 472, 35),
(3859, 'โพนเมืองน้อย', '', 472, 35),
(3860, 'รัตนวารี', '', 472, 35),
(3861, 'สร้างถ่อน้อย', '', 472, 35),
(3862, 'หนองแก้ว', '', 472, 35),
(3863, 'หัวตะพาน', '', 472, 35),
(3864, 'กุดจับ', '', 473, 36),
(3865, 'ขอนยูง', '', 473, 36),
(3866, 'เชียงเพ็ง', '', 473, 36),
(3867, 'ตาลเลียน', '', 473, 36),
(3868, 'ปะโค', '', 473, 36),
(3869, 'เมืองเพีย', '', 473, 36),
(3870, 'สร้างก่อ', '', 473, 36),
(3871, 'กุมภวาปี', '', 474, 36),
(3872, 'เชียงแหว', '', 474, 36),
(3873, 'แชแล', '', 474, 36),
(3874, 'ตูมใต้', '', 474, 36),
(3875, 'ท่าลี่', '', 474, 36),
(3876, 'ปะโค', '', 474, 36),
(3877, 'ผาสุก', '', 474, 36),
(3878, 'พันดอน', '', 474, 36),
(3879, 'เวียงคำ', '', 474, 36),
(3880, 'สีออ', '', 474, 36),
(3881, 'เสอเพลอ', '', 474, 36),
(3882, 'หนองหว้า', '', 474, 36),
(3883, 'ห้วยเกิ้ง', '', 474, 36),
(3884, 'คอนสาย', '', 475, 36),
(3885, 'ค้อใหญ่', '', 475, 36),
(3886, 'โนนทองอินทร์', '', 475, 36),
(3887, 'บ้านจีต', '', 475, 36),
(3888, 'คำเลาะ', '', 476, 36),
(3889, 'ไชยวาน', '', 476, 36),
(3890, 'โพนสูง', '', 476, 36),
(3891, 'หนองหลัก', '', 476, 36),
(3892, 'ทุ่งฝน', '', 477, 36),
(3893, 'ทุ่งใหญ่', '', 477, 36),
(3894, 'นาชุมแสง', '', 477, 36),
(3895, 'นาทม', '', 477, 36),
(3896, 'นาแค', '', 478, 36),
(3897, 'นายูง', '', 478, 36),
(3898, 'โนนทอง', '', 478, 36),
(3899, 'บ้านก้อง', '', 478, 36),
(3900, 'นางัว', '', 479, 36),
(3901, 'น้ำโสม', '', 479, 36),
(3902, 'บ้านหยวก', '', 479, 36),
(3903, 'ศรีสำราญ', '', 479, 36),
(3904, 'สามัคคี', '', 479, 36),
(3905, 'โสมเยี่ยม', '', 479, 36),
(3906, 'หนองแวง', '', 479, 36),
(3907, 'โคกกลาง', '', 480, 36),
(3908, 'ทมนางาม', '', 480, 36),
(3909, 'โนนสะอาด', '', 480, 36),
(3910, 'บุ่งแก้ว', '', 480, 36),
(3911, 'โพธิ์ศรีสำราญ', '', 480, 36),
(3912, 'หนองกุงศรี', '', 480, 36),
(3913, 'ดงเย็น', '', 481, 36),
(3914, 'ถ่อนนาลับ', '', 481, 36),
(3915, 'นาคำ', '', 481, 36),
(3916, 'นาไหม', '', 481, 36),
(3917, 'บ้านจันทร์', '', 481, 36),
(3918, 'บ้านชัย', '', 481, 36),
(3919, 'บ้านดุง', '', 481, 36),
(3920, 'บ้านตาด', '', 481, 36),
(3921, 'บ้านม่วง', '', 481, 36),
(3922, 'โพนสูง', '', 481, 36),
(3923, 'วังทอง', '', 481, 36),
(3924, 'ศรีสุทโธ', '', 481, 36),
(3925, 'อ้อมกอ', '', 481, 36),
(3926, 'กลางใหญ่', '', 482, 36),
(3927, 'ข้าวสาร', '', 482, 36),
(3928, 'เขือน้ำ', '', 482, 36),
(3929, 'คำด้วง', '', 482, 36),
(3930, 'คำบง', '', 482, 36),
(3931, 'จำปาโมง', '', 482, 36),
(3932, 'โนนทอง', '', 482, 36),
(3933, 'บ้านค้อ', '', 482, 36),
(3934, 'บ้านผือ', '', 482, 36),
(3935, 'เมืองพาน', '', 482, 36),
(3936, 'หนองแวง', '', 482, 36),
(3937, 'หนองหัวคู', '', 482, 36),
(3938, 'หายโศก', '', 482, 36),
(3939, 'นาม่วง', '', 483, 36),
(3940, 'ห้วยสามพาด', '', 483, 36),
(3941, 'อุ่มจาน', '', 483, 36),
(3942, 'ดอนกลอย', '', 484, 36),
(3943, 'นาทราย', '', 484, 36),
(3944, 'บ้านแดง', '', 484, 36),
(3945, 'โคกกลาง', '', 485, 36),
(3946, 'จอมศรี', '', 485, 36),
(3947, 'เชียงหวาง', '', 485, 36),
(3948, 'เตาไห', '', 485, 36),
(3949, 'นาบัว', '', 485, 36),
(3950, 'นาพู่', '', 485, 36),
(3951, 'บ้านธาตุ', '', 485, 36),
(3952, 'บ้านเหล่า', '', 485, 36),
(3953, 'เพ็ญ', '', 485, 36),
(3954, 'สร้างแป้น', '', 485, 36),
(3955, 'สุมเส้า', '', 485, 36),
(3956, 'กุดสระ', '', 486, 36),
(3957, 'โคกสะอาด', '', 486, 36),
(3958, 'เชียงพิณ', '', 486, 36),
(3959, 'เชียงยืน', '', 486, 36),
(3960, 'นากว้าง', '', 486, 36),
(3961, 'นาข่า', '', 486, 36),
(3962, 'นาดี', '', 486, 36),
(3963, 'นิคมสงเคราะห์', '', 486, 36),
(3964, 'โนนสูง', '', 486, 36),
(3965, 'บ้านขาว', '', 486, 36),
(3966, 'บ้านจั่น', '', 486, 36),
(3967, 'บ้านตาด', '', 486, 36),
(3968, 'บ้านเลื่อม', '', 486, 36),
(3969, 'สามพร้าว', '', 486, 36),
(3970, 'หนองขอนกว้าง', '', 486, 36),
(3971, 'หนองนาคำ', '', 486, 36),
(3972, 'หนองบัว', '', 486, 36),
(3973, 'หนองไผ่', '', 486, 36),
(3974, 'หนองไฮ', '', 486, 36),
(3975, 'หมากแข้ง', '', 486, 36),
(3976, 'หมูม่น', '', 486, 36),
(3977, 'คำโคกสูง', '', 487, 36),
(3978, 'บะยาว', '', 487, 36),
(3979, 'ผาสุก', '', 487, 36),
(3980, 'วังสามหมอ', '', 487, 36),
(3981, 'หนองกุงทับม้า', '', 487, 36),
(3982, 'หนองหญ้าไซ', '', 487, 36),
(3983, 'จำปี', '', 488, 36),
(3984, 'ตาดทอง', '', 488, 36),
(3985, 'นายูง', '', 488, 36),
(3986, 'บ้านโปร่ง', '', 488, 36),
(3987, 'ศรีธาตุ', '', 488, 36),
(3988, 'หนองนกเขียน', '', 488, 36),
(3989, 'หัวนาคำ', '', 488, 36),
(3990, 'เชียงดา', '', 489, 36),
(3991, 'นาสะอาด', '', 489, 36),
(3992, 'บ้านโคก', '', 489, 36),
(3993, 'บ้านยวด', '', 489, 36),
(3994, 'บ้านหินโงม', '', 489, 36),
(3995, 'สร้างคอม', '', 489, 36),
(3996, 'กุดหมากไฟ', '', 490, 36),
(3997, 'น้ำพ่น', '', 490, 36),
(3998, 'โนนหวาย', '', 490, 36),
(3999, 'หนองบัวบาน', '', 490, 36),
(4000, 'หนองวัวซอ', '', 490, 36),
(4001, 'หนองอ้อ', '', 490, 36),
(4002, 'หมากหญ้า', '', 490, 36),
(4003, 'อูบมุง', '', 490, 36),
(4004, 'ทับกุง', '', 491, 36),
(4005, 'นาดี', '', 491, 36),
(4006, 'แสงสว่าง', '', 491, 36),
(4007, 'หนองแสง', '', 491, 36),
(4008, 'ดอนหายโศก', '', 492, 36),
(4009, 'บ้านเชียง', '', 492, 36),
(4010, 'บ้านยา', '', 492, 36),
(4011, 'ผักตบ', '', 492, 36),
(4012, 'พังงู', '', 492, 36),
(4013, 'โพนงาม', '', 492, 36),
(4014, 'สร้อยพร้าว', '', 492, 36),
(4015, 'สะแบง', '', 492, 36),
(4016, 'หนองไผ่', '', 492, 36),
(4017, 'หนองเม็ก', '', 492, 36),
(4018, 'หนองสระปลา', '', 492, 36),
(4019, 'หนองหาน', '', 492, 36),
(4020, 'กาบิน', '', 493, 37),
(4021, 'แก่งเค็ง', '', 493, 37),
(4022, 'ข้าวปุ้น', '', 493, 37),
(4023, 'โนนสวาง', '', 493, 37),
(4024, 'หนองทันน้ำ', '', 493, 37),
(4025, 'แก้งเหนือ', '', 494, 37),
(4026, 'ขามป้อม', '', 494, 37),
(4027, 'เขมราฐ', '', 494, 37),
(4028, 'เจียด', '', 494, 37),
(4029, 'นาแวง', '', 494, 37),
(4030, 'หนองนกทา', '', 494, 37),
(4031, 'หนองผือ', '', 494, 37),
(4032, 'หนองสิม', '', 494, 37),
(4033, 'หัวนา', '', 494, 37),
(4034, 'กลางใหญ่', '', 495, 37),
(4035, 'ก่อเอ้', '', 495, 37),
(4036, 'เขื่องใน', '', 495, 37),
(4037, 'ค้อทอง', '', 495, 37),
(4038, 'ชีทวน', '', 495, 37),
(4039, 'แดงหม้อ', '', 495, 37),
(4040, 'ท่าไห', '', 495, 37),
(4041, 'ธาตุน้อย', '', 495, 37),
(4042, 'นาคำใหญ่', '', 495, 37),
(4043, 'โนนรัง', '', 495, 37),
(4044, 'บ้านกอก', '', 495, 37),
(4045, 'บ้านไทย', '', 495, 37),
(4046, 'ยางขี้นก', '', 495, 37),
(4047, 'ศรีสุข', '', 495, 37),
(4048, 'สร้างถ่อ', '', 495, 37),
(4049, 'สหธาตุ', '', 495, 37),
(4050, 'หนองเหล่า', '', 495, 37),
(4051, 'หัวดอน', '', 495, 37),
(4052, 'โขงเจียม', '', 496, 37),
(4053, 'นาโพธิ์กลาง', '', 496, 37),
(4054, 'หนองแสงใหญ่', '', 496, 37),
(4055, 'ห้วยไผ่', '', 496, 37),
(4056, 'ห้วยยาง', '', 496, 37),
(4057, 'คำไฮใหญ่', '', 497, 37),
(4058, 'ดอนมดแดง', '', 497, 37),
(4059, 'ท่าเมือง', '', 497, 37),
(4060, 'เหล่าแดง', '', 497, 37),
(4061, 'กลาง', '', 498, 37),
(4062, 'กุดประทาย', '', 498, 37),
(4063, 'แก้ง', '', 498, 37),
(4064, 'คำครั่ง', '', 498, 37),
(4065, 'ตบหู', '', 498, 37),
(4066, 'ท่าโพธิ์ศรี', '', 498, 37),
(4067, 'ทุ่งเทิง', '', 498, 37),
(4068, 'นากะแซง', '', 498, 37),
(4069, 'นาเจริญ', '', 498, 37),
(4070, 'นาส่วง', '', 498, 37),
(4071, 'โนนสมบูรณ์', '', 498, 37),
(4072, 'บัวงาม', '', 498, 37),
(4073, 'ป่าโมง', '', 498, 37),
(4074, 'โพนงาม', '', 498, 37),
(4075, 'เมืองเดช', '', 498, 37),
(4076, 'สมสะอาด', '', 498, 37),
(4077, 'กระเดียน', '', 499, 37),
(4078, 'กุดยาลวน', '', 499, 37),
(4079, 'กุศกร', '', 499, 37),
(4080, 'เกษม', '', 499, 37),
(4081, 'ขามเปี้ย', '', 499, 37),
(4082, 'ขุหลุ', '', 499, 37),
(4083, 'คอนสาย', '', 499, 37),
(4084, 'คำเจริญ', '', 499, 37),
(4085, 'โคกจาน', '', 499, 37),
(4086, 'เซเป็ด', '', 499, 37),
(4087, 'ตระการ', '', 499, 37),
(4088, 'ตากแดด', '', 499, 37),
(4089, 'ถ้ำแข้', '', 499, 37),
(4090, 'ท่าหลวง', '', 499, 37),
(4091, 'นาพิน', '', 499, 37),
(4092, 'นาสะไม', '', 499, 37),
(4093, 'โนนกุง', '', 499, 37),
(4094, 'บ้านแดง', '', 499, 37),
(4095, 'เป้า', '', 499, 37),
(4096, 'สะพือ', '', 499, 37),
(4097, 'หนองเต่า', '', 499, 37),
(4098, 'ห้วยฝ้ายพัฒนา', '', 499, 37),
(4099, 'ไหลทุ่ง', '', 499, 37),
(4100, 'คำหว้า', '', 500, 37),
(4101, 'จิกเทิง', '', 500, 37),
(4102, 'ตาลสุม', '', 500, 37),
(4103, 'นาคาย', '', 500, 37),
(4104, 'สำโรง', '', 500, 37),
(4105, 'หนองกุง', '', 500, 37),
(4106, 'กุดเรือ', '', 501, 37),
(4107, 'โคกชำแระ', '', 501, 37),
(4108, 'นาเกษม', '', 501, 37),
(4109, 'นาห่อม', '', 501, 37),
(4110, 'หนองอ้ม', '', 501, 37),
(4111, 'นาจะหลวย', '', 502, 37),
(4112, 'โนนสมบูรณ์', '', 502, 37),
(4113, 'โนนสวรรค์', '', 502, 37),
(4114, 'บ้านตูม', '', 502, 37),
(4115, 'พรสวรรค์', '', 502, 37),
(4116, 'โสกแสง', '', 502, 37),
(4117, 'กองโพน', '', 503, 37),
(4118, 'นาตาล', '', 503, 37),
(4119, 'พะลาน', '', 503, 37),
(4120, 'พังเคน', '', 503, 37),
(4121, 'นาดี', '', 504, 37),
(4122, 'นาเยีย', '', 504, 37),
(4123, 'นาเรือง', '', 504, 37),
(4124, 'ขี้เหล็ก', '', 505, 37),
(4125, 'โคกสะอาด', '', 505, 37),
(4126, 'ตาเกา', '', 505, 37),
(4127, 'ไพบูลย์', '', 505, 37),
(4128, 'เก่าขาม', '', 506, 37),
(4129, 'โซง', '', 506, 37),
(4130, 'โดมประดิษฐ์', '', 506, 37),
(4131, 'บุเปือย', '', 506, 37),
(4132, 'ยาง', '', 506, 37),
(4133, 'ยางใหญ่', '', 506, 37),
(4134, 'สีวิเชียร', '', 506, 37),
(4135, 'คอแลน', '', 507, 37),
(4136, 'นาโพธิ์', '', 507, 37),
(4137, 'โนนค้อ', '', 507, 37),
(4138, 'บัวงาม', '', 507, 37),
(4139, 'บ้านแมด', '', 507, 37),
(4140, 'โพนงาม', '', 507, 37),
(4141, 'หนองสะโน', '', 507, 37),
(4142, 'ห้วยข่า', '', 507, 37),
(4143, 'กุดชมภู', '', 508, 37),
(4144, 'ดอนจิก', '', 508, 37),
(4145, 'ทรายมูล', '', 508, 37),
(4146, 'นาโพธิ์', '', 508, 37),
(4147, 'โนนกลาง', '', 508, 37),
(4148, 'โนนกาหลง', '', 508, 37),
(4149, 'บ้านแขม', '', 508, 37),
(4150, 'พิบูล', '', 508, 37),
(4151, 'โพธิ์ไทร', '', 508, 37),
(4152, 'โพธิ์ศรี', '', 508, 37),
(4153, 'ระเว', '', 508, 37),
(4154, 'ไร่ใต้', '', 508, 37),
(4155, 'หนองบัวฮี', '', 508, 37),
(4156, 'อ่างศิลา', '', 508, 37),
(4157, 'โพธิ์ไทร', '', 509, 37),
(4158, 'ม่วงใหญ่', '', 509, 37),
(4159, 'สองคอน', '', 509, 37),
(4160, 'สารภี', '', 509, 37),
(4161, 'สำโรง', '', 509, 37),
(4162, 'เหล่างาม', '', 509, 37),
(4163, 'ดุมใหญ่', '', 510, 37),
(4164, 'เตย', '', 510, 37),
(4165, 'นาเลิง', '', 510, 37),
(4166, 'ไผ่ใหญ่', '', 510, 37),
(4167, 'โพนแพง', '', 510, 37),
(4168, 'ม่วงสามสิบ', '', 510, 37),
(4169, 'ยางโยภาพ', '', 510, 37),
(4170, 'ยางสักกระโพหลุ่ม', '', 510, 37),
(4171, 'หนองไข่นก', '', 510, 37),
(4172, 'หนองช้างใหญ่', '', 510, 37),
(4173, 'หนองเมือง', '', 510, 37),
(4174, 'หนองเหล่า', '', 510, 37),
(4175, 'หนองฮาง', '', 510, 37),
(4176, 'เหล่าบก', '', 510, 37),
(4177, 'กระโสบ', '', 511, 37),
(4178, 'กุดลาด', '', 511, 37),
(4179, 'ขามใหญ่', '', 511, 37),
(4180, 'ขี้เหล็ก', '', 511, 37),
(4181, 'แจระแม', '', 511, 37),
(4182, 'ในเมือง', '', 511, 37),
(4183, 'ปทุม', '', 511, 37),
(4184, 'ปะอาว', '', 511, 37),
(4185, 'ไร่น้อย', '', 511, 37),
(4186, 'หนองขอน', '', 511, 37),
(4187, 'หนองบ่อ', '', 511, 37),
(4188, 'หัวเรือ', '', 511, 37),
(4189, 'คำขวาง', '', 512, 37),
(4190, 'คำน้ำแซบ', '', 512, 37),
(4191, 'คูเมือง', '', 512, 37),
(4192, 'ท่าลาด', '', 512, 37),
(4193, 'ธาตุ', '', 512, 37),
(4194, 'โนนผึ้ง', '', 512, 37),
(4195, 'โนนโหนน', '', 512, 37),
(4196, 'บุ่งหวาย', '', 512, 37),
(4197, 'บุ่งไหม', '', 512, 37),
(4198, 'โพธิ์ใหญ่', '', 512, 37),
(4199, 'เมืองศรีไค', '', 512, 37),
(4200, 'วารินชำราบ', '', 512, 37),
(4201, 'สระสมิง', '', 512, 37),
(4202, 'แสนสุข', '', 512, 37),
(4203, 'หนองกินเพล', '', 512, 37),
(4204, 'ห้วยขะยุง', '', 512, 37),
(4205, 'แก้งกอก', '', 513, 37),
(4206, 'คำไหล', '', 513, 37),
(4207, 'ดอนใหญ่', '', 513, 37),
(4208, 'ตะบ่าย', '', 513, 37),
(4209, 'นาคำ', '', 513, 37),
(4210, 'นาเลิน', '', 513, 37),
(4211, 'ลาดควาย', '', 513, 37),
(4212, 'วาริน', '', 513, 37),
(4213, 'สงยาง', '', 513, 37),
(4214, 'หนามแท่ง', '', 513, 37),
(4215, 'เอือดใหญ่', '', 513, 37),
(4216, 'แก่งโดม', '', 514, 37),
(4217, 'ท่าช้าง', '', 514, 37),
(4218, 'บุ่งมะแลง', '', 514, 37),
(4219, 'สว่าง', '', 514, 37),
(4220, 'ขามป้อม', '', 515, 37),
(4221, 'ค้อน้อย', '', 515, 37),
(4222, 'โคกก่อง', '', 515, 37),
(4223, 'โคกสว่าง', '', 515, 37),
(4224, 'โนนกลาง', '', 515, 37),
(4225, 'โนนกาเล็น', '', 515, 37),
(4226, 'บอน', '', 515, 37),
(4227, 'สำโรง', '', 515, 37),
(4228, 'หนองไฮ', '', 515, 37),
(4229, 'คันไร่', '', 516, 37),
(4230, 'คำเขื่อนแก้ว', '', 516, 37),
(4231, 'ช่องเม็ก', '', 516, 37),
(4232, 'นิคมสร้างตนเองลำโดมน้อย', '', 516, 37),
(4233, 'โนนก่อ', '', 516, 37),
(4234, 'ฝางคำ', '', 516, 37),
(4235, 'แพงใหญ่', '', 517, 37),
(4236, 'โพนเมือง', '', 517, 37),
(4237, 'หนองบก', '', 517, 37),
(4238, 'คลองตัน', '', 518, 38),
(4239, 'คลองเตย', '', 518, 38),
(4240, 'คลองต้นไทร', '', 519, 38),
(4241, 'คลองสาน', '', 519, 38),
(4242, 'บางลำภูล่าง', '', 519, 38),
(4243, 'สมเด็จเจ้าพระยา', '', 519, 38),
(4244, 'ทรายกองดิน', '', 520, 38),
(4245, 'ทรายกองดินใต้', '', 520, 38),
(4246, 'บางชัน', '', 520, 38),
(4247, 'สามวาตะวันตก', '', 520, 38),
(4248, 'สามวาตะวันออก', '', 520, 38),
(4249, 'คันนายาว', '', 521, 38),
(4250, 'จตุจักร', '', 522, 38),
(4251, 'จอมพล', '', 522, 38),
(4252, 'จันทรเกษม', '', 522, 38),
(4253, 'ลาดยาว', '', 522, 38),
(4254, 'เสนานิคม', '', 522, 38),
(4255, 'จอมทอง', '', 523, 38),
(4256, 'บางขุนเทียน', '', 523, 38),
(4257, 'บางค้อ', '', 523, 38),
(4258, 'บางมด', '', 523, 38),
(4259, 'ดอนเมือง', '', 524, 38),
(4260, 'สนามบิน', '', 524, 38),
(4261, 'สีกัน', '', 524, 38),
(4262, 'ดินแดง', '', 525, 38),
(4263, 'ดุสิต', '', 526, 38),
(4264, 'ถนนนครไชยศรี', '', 526, 38),
(4265, 'วชิรพยาบาล', '', 526, 38),
(4266, 'สวนจิตรลดา', '', 526, 38),
(4267, 'สี่แยกมหานาค', '', 526, 38),
(4268, 'คลองชักพระ', '', 527, 38),
(4269, 'ฉิมพลี', '', 527, 38),
(4270, 'ตลิ่งชัน', '', 527, 38),
(4271, 'บางเชือกหนัง', '', 527, 38),
(4272, 'บางพรม', '', 527, 38),
(4273, 'บางระมาด', '', 527, 38),
(4274, 'ทวีวัฒนา', '', 528, 38),
(4275, 'ศาลาธรรมสพน์', '', 528, 38),
(4276, 'ทุ่งครุ', '', 529, 38),
(4277, 'บางมด', '', 529, 38),
(4278, 'ดาวคะนอง', '', 530, 38),
(4279, 'ตลาดพลู', '', 530, 38),
(4280, 'บางยี่เรือ', '', 530, 38),
(4281, 'บุคคโล', '', 530, 38),
(4282, 'วัดกัลยาณ์', '', 530, 38),
(4283, 'สำเหร่', '', 530, 38),
(4284, 'หิรัญรูจี', '', 530, 38),
(4285, 'บางขุนนนท์', '', 531, 38),
(4286, 'บางขุนศรี', '', 531, 38),
(4287, 'บ้านช่างหล่อ', '', 531, 38),
(4288, 'ศิริราช', '', 531, 38),
(4289, 'อรุณอมรินทร์', '', 531, 38),
(4290, 'วัดท่าพระ', '', 532, 38),
(4291, 'วัดอรุณ', '', 532, 38),
(4292, 'คลองจั่น', '', 533, 38),
(4293, 'หัวหมาก', '', 533, 38),
(4294, 'ท่าข้าม', '', 534, 38),
(4295, 'แสมดำ', '', 534, 38),
(4296, 'ท่าแร้ง', '', 535, 38),
(4297, 'อนุสาวรีย์', '', 535, 38),
(4298, 'บางคอแหลม', '', 536, 38),
(4299, 'บางโคล่', '', 536, 38),
(4300, 'วัดพระยาไกร', '', 536, 38),
(4301, 'บางแค', '', 537, 38),
(4302, 'บางแคเหนือ', '', 537, 38),
(4303, 'บางไผ่', '', 537, 38),
(4304, 'หลักสอง', '', 537, 38),
(4305, 'บางซื่อ', '', 538, 38),
(4306, 'บางนา', '', 539, 38),
(4307, 'บางบอน', '', 540, 38),
(4308, 'บางบำหรุ', '', 541, 38),
(4309, 'บางพลัด', '', 541, 38),
(4310, 'บางยี่ขัน', '', 541, 38),
(4311, 'บางอ้อ', '', 541, 38),
(4312, 'บางรัก', '', 542, 38),
(4313, 'มหาพฤฒาราม', '', 542, 38),
(4314, 'สี่พระยา', '', 542, 38),
(4315, 'สีลม', '', 542, 38),
(4316, 'สุริยวงศ์', '', 542, 38),
(4317, 'คลองกุ่ม', '', 543, 38),
(4318, 'ปทุมวัน', '', 544, 38),
(4319, 'รองเมือง', '', 544, 38),
(4320, 'ลุมพินี', '', 544, 38),
(4321, 'วังใหม่', '', 544, 38),
(4322, 'ดอกไม้', '', 545, 38),
(4323, 'ประเวศ', '', 545, 38),
(4324, 'หนองบอน', '', 545, 38),
(4325, 'คลองมหานาค', '', 546, 38),
(4326, 'บ้านบาตร', '', 546, 38),
(4327, 'ป้อมปราบ', '', 546, 38),
(4328, 'วัดเทพศิรินทร์', '', 546, 38),
(4329, 'วัดโสมนัส', '', 546, 38),
(4330, 'สามเสนใน', '', 547, 38),
(4331, 'บางจาก', '', 548, 38),
(4332, 'ชนะสงคราม', '', 549, 38),
(4333, 'ตลาดยอด', '', 549, 38),
(4334, 'บวรนิเวศ', '', 549, 38),
(4335, 'บางขุนพรหม', '', 549, 38),
(4336, 'บ้านพานถม', '', 549, 38),
(4337, 'พระบรมมหาราชวัง', '', 549, 38),
(4338, 'วังบูรพาภิรมย์', '', 549, 38),
(4339, 'วัดราชบพิธ', '', 549, 38),
(4340, 'วัดสามพระยา', '', 549, 38),
(4341, 'ศาลเจ้าพ่อเสือ', '', 549, 38),
(4342, 'สำราญราษฎร์', '', 549, 38),
(4343, 'เสาชิงช้า', '', 549, 38),
(4344, 'คลองขวาง', '', 550, 38),
(4345, 'คูหาสวรรค์', '', 550, 38),
(4346, 'บางจาก', '', 550, 38),
(4347, 'บางด้วน', '', 550, 38),
(4348, 'บางแวก', '', 550, 38),
(4349, 'บางหว้า', '', 550, 38),
(4350, 'ปากคลองภาษีเจริญ', '', 550, 38),
(4351, 'มีนบุรี', '', 551, 38),
(4352, 'แสนแสบ', '', 551, 38),
(4353, 'ช่องนนทรี', '', 552, 38),
(4354, 'บางโพงพาง', '', 552, 38),
(4355, 'ถนนพญาไท', '', 553, 38),
(4356, 'ถนนเพชรบุรี', '', 553, 38),
(4357, 'ทุ่งพญาไท', '', 553, 38),
(4358, 'มักกะสัน', '', 553, 38),
(4359, 'บางปะกอก', '', 554, 38),
(4360, 'ราษฎร์บูรณะ', '', 554, 38),
(4361, 'ขุมทอง', '', 555, 38),
(4362, 'คลองสองต้นนุ่น', '', 555, 38),
(4363, 'คลองสาม', '', 555, 38),
(4364, 'ทับยาว', '', 555, 38),
(4365, 'ลาดกระบัง', '', 555, 38),
(4366, 'ลำปลาทิว', '', 555, 38),
(4367, 'จรเข้บัว', '', 556, 38),
(4368, 'ลาดพร้าว', '', 556, 38),
(4369, 'คลองเจ้าคุณสิงห์', '', 557, 38),
(4370, 'พลับพลา', '', 557, 38),
(4371, 'วังทองหลาง', '', 557, 38),
(4372, 'สะพานสอง', '', 557, 38),
(4373, 'คลองตันเหนือ', '', 558, 38),
(4374, 'คลองเตยเหนือ', '', 558, 38),
(4375, 'สวนหลวง', '', 559, 38),
(4376, 'สะพานสูง', '', 560, 38),
(4377, 'จักรวรรดิ์', '', 561, 38),
(4378, 'ตลาดน้อย', '', 561, 38),
(4379, 'สัมพันธวงศ์', '', 561, 38),
(4380, 'ทุ่งมหาเมฆ', '', 562, 38),
(4381, 'ทุ่งวัดดอน', '', 562, 38),
(4382, 'ยานนาวา', '', 562, 38),
(4383, 'คลองถนน', '', 563, 38),
(4384, 'สายไหม', '', 563, 38),
(4385, 'ออเงิน', '', 563, 38),
(4386, 'หนองแขม', '', 564, 38),
(4387, 'หนองค้างพลู', '', 564, 38),
(4388, 'กระทุ่มราย', '', 565, 38),
(4389, 'คลองสิบ', '', 565, 38),
(4390, 'คลองสิบสอง', '', 565, 38),
(4391, 'คู้ฝั่งเหนือ', '', 565, 38),
(4392, 'โคกแฝด', '', 565, 38),
(4393, 'ลำต้อยติ่ง', '', 565, 38),
(4394, 'ลำผักชี', '', 565, 38),
(4395, 'หนองจอก', '', 565, 38),
(4396, 'ตลาดบางเขน', '', 566, 38),
(4397, 'ทุ่งสองห้อง', '', 566, 38),
(4398, 'บางกะปิ', '', 567, 38),
(4399, 'สามเสนนอก', '', 567, 38),
(4400, 'ห้วยขวาง', '', 567, 38),
(4401, 'กลอนโด', '', 568, 39),
(4402, 'จรเข้เผือก', '', 568, 39),
(4403, 'ด่านมะขามเตี้ย', '', 568, 39),
(4404, 'หนองไผ่', '', 568, 39),
(4405, 'ชะแล', '', 569, 39),
(4406, 'ท่าขนุน', '', 569, 39),
(4407, 'ปิล๊อก', '', 569, 39),
(4408, 'ลิ่นถิ่น', '', 569, 39),
(4409, 'สหกรณ์นิคม', '', 569, 39),
(4410, 'ห้วยเขย่ง', '', 569, 39),
(4411, 'หินดาด', '', 569, 39),
(4412, 'เขาน้อย', '', 570, 39),
(4413, 'ท่าตะคร้อ', '', 570, 39),
(4414, 'ท่าม่วง', '', 570, 39),
(4415, 'ท่าล้อ', '', 570, 39),
(4416, 'ทุ่งทอง', '', 570, 39),
(4417, 'บ้านใหม่', '', 570, 39),
(4418, 'พังตรุ', '', 570, 39),
(4419, 'ม่วงชุม', '', 570, 39),
(4420, 'รางสาลี่', '', 570, 39),
(4421, 'วังขนาย', '', 570, 39),
(4422, 'วังศาลา', '', 570, 39),
(4423, 'หนองขาว', '', 570, 39),
(4424, 'หนองตากยา', '', 570, 39),
(4425, 'เขาสามสิบหาบ', '', 571, 39),
(4426, 'โคกตะบอง', '', 571, 39),
(4427, 'ดอนขมิ้น', '', 571, 39),
(4428, 'ดอนชะเอม', '', 571, 39),
(4429, 'ตะคร้ำเอน', '', 571, 39),
(4430, 'ท่ามะกา', '', 571, 39),
(4431, 'ท่าไม้', '', 571, 39),
(4432, 'ท่าเรือ', '', 571, 39),
(4433, 'ท่าเสา', '', 571, 39),
(4434, 'พงตึก', '', 571, 39),
(4435, 'พระแท่น', '', 571, 39),
(4436, 'ยางม่วง', '', 571, 39),
(4437, 'สนามแย้', '', 571, 39),
(4438, 'แสนตอ', '', 571, 39),
(4439, 'หนองลาน', '', 571, 39),
(4440, 'หวายเหนียว', '', 571, 39),
(4441, 'อุโลกสี่หมื่น', '', 571, 39),
(4442, 'ท่าเสา', '', 572, 39),
(4443, 'ไทรโยค', '', 572, 39),
(4444, 'บ้องตี้', '', 572, 39),
(4445, 'ลุ่มสุ่ม', '', 572, 39),
(4446, 'วังกระแจะ', '', 572, 39),
(4447, 'ศรีมงคล', '', 572, 39),
(4448, 'สิงห์', '', 572, 39),
(4449, 'ช่องด่าน', '', 573, 39),
(4450, 'บ่อพลอย', '', 573, 39),
(4451, 'หนองกร่าง', '', 573, 39),
(4452, 'หนองกุ่ม', '', 573, 39),
(4453, 'หนองรี', '', 573, 39),
(4454, 'หลุมรัง', '', 573, 39),
(4455, 'ดอนเจดีย์', '', 574, 39),
(4456, 'ดอนตาเพชร', '', 574, 39),
(4457, 'ทุ่งสมอ', '', 574, 39),
(4458, 'พนมทวน', '', 574, 39),
(4459, 'พังตรุ', '', 574, 39),
(4460, 'รางหวาย', '', 574, 39),
(4461, 'หนองโรง', '', 574, 39),
(4462, 'หนองสาหร่าย', '', 574, 39),
(4463, 'เกาะสำโรง', '', 575, 39),
(4464, 'แก่งเสี้ยน', '', 575, 39),
(4465, 'ช่องสะเดา', '', 575, 39),
(4466, 'ท่ามะขาม', '', 575, 39),
(4467, 'บ้านเก่า', '', 575, 39),
(4468, 'บ้านใต้', '', 575, 39),
(4469, 'บ้านเหนือ', '', 575, 39),
(4470, 'ปากแพรก', '', 575, 39),
(4471, 'ลาดหญ้า', '', 575, 39),
(4472, 'วังด้ง', '', 575, 39),
(4473, 'วังเย็น', '', 575, 39),
(4474, 'หนองบัว', '', 575, 39),
(4475, 'หนองหญ้า', '', 575, 39),
(4476, 'ทุ่งกระบ่ำ', '', 576, 39),
(4477, 'เลาขวัญ', '', 576, 39),
(4478, 'หนองนกแก้ว', '', 576, 39),
(4479, 'หนองประดู่', '', 576, 39),
(4480, 'หนองปลิง', '', 576, 39),
(4481, 'หนองฝ้าย', '', 576, 39),
(4482, 'หนองโสน', '', 576, 39),
(4483, 'เขาโจด', '', 577, 39),
(4484, 'ด่านแม่แฉลบ', '', 577, 39),
(4485, 'ท่ากระดาน', '', 577, 39),
(4486, 'นาสวน', '', 577, 39),
(4487, 'แม่กระบุง', '', 577, 39),
(4488, 'หนองเป็ด', '', 577, 39),
(4489, 'ปรังเผล', '', 578, 39),
(4490, 'ไล่โว่', '', 578, 39),
(4491, 'หนองลู', '', 578, 39),
(4492, 'สมเด็จเจริญ', '', 579, 39),
(4493, 'หนองปรือ', '', 579, 39),
(4494, 'หนองปลาไหล', '', 579, 39),
(4495, 'ดอนแสลบ', '', 580, 39),
(4496, 'วังไผ่', '', 580, 39),
(4497, 'สระลงเรือ', '', 580, 39),
(4498, 'ห้วยกระเจา', '', 580, 39),
(4499, 'ก้อนแก้ว', '', 581, 40),
(4500, 'คลองเขื่อน', '', 581, 40),
(4501, 'บางตลาด', '', 581, 40),
(4502, 'บางโรง', '', 581, 40),
(4503, 'บางเล่า', '', 581, 40),
(4504, 'คลองตะเกรา', '', 582, 40),
(4505, 'ท่าตะเกียบ', '', 582, 40),
(4506, 'ท่าทองหลาง', '', 583, 40),
(4507, 'บางกระเจ็ด', '', 583, 40),
(4508, 'บางคล้า', '', 583, 40),
(4509, 'บางสวน', '', 583, 40),
(4510, 'ปากน้ำ', '', 583, 40),
(4511, 'สาวชะโงก', '', 583, 40),
(4512, 'เสม็ดใต้', '', 583, 40),
(4513, 'เสม็ดเหนือ', '', 583, 40),
(4514, 'หัวไทร', '', 583, 40),
(4515, 'ดอนเกาะกา', '', 584, 40),
(4516, 'ดอนฉิมพลี', '', 584, 40),
(4517, 'บางขนาก', '', 584, 40),
(4518, 'บางน้ำเปรี้ยว', '', 584, 40),
(4519, 'บึงน้ำร้กษ์', '', 584, 40),
(4520, 'โพรงอากาศ', '', 584, 40),
(4521, 'โยธะกา', '', 584, 40),
(4522, 'ศาลาแดง', '', 584, 40),
(4523, 'สิงโตทอง', '', 584, 40),
(4524, 'หมอนทอง', '', 584, 40),
(4525, 'เขาดิน', '', 585, 40),
(4526, 'ท่าข้าม', '', 585, 40),
(4527, 'ท่าสะอ้าน', '', 585, 40),
(4528, 'บางเกลือ', '', 585, 40),
(4529, 'บางปะกง', '', 585, 40),
(4530, 'บางผึ้ง', '', 585, 40),
(4531, 'บางวัว', '', 585, 40),
(4532, 'บางสมัคร', '', 585, 40),
(4533, 'พิมพา', '', 585, 40),
(4534, 'สองคลอง', '', 585, 40),
(4535, 'หนองจอก', '', 585, 40),
(4536, 'หอมศีล', '', 585, 40),
(4537, 'เกาะไร่', '', 586, 40),
(4538, 'คลองขุด', '', 586, 40),
(4539, 'คลองบ้านโพธิ์', '', 586, 40),
(4540, 'คลองประเวศ', '', 586, 40),
(4541, 'ดอนทราย', '', 586, 40),
(4542, 'ท่าพลับ', '', 586, 40),
(4543, 'เทพราช', '', 586, 40),
(4544, 'บางกรูด', '', 586, 40),
(4545, 'บางซ่อน', '', 586, 40),
(4546, 'บ้านโพธิ์', '', 586, 40),
(4547, 'ลาดขวาง', '', 586, 40),
(4548, 'สนามจันทร์', '', 586, 40),
(4549, 'สิบเอ็ดศอก', '', 586, 40),
(4550, 'แสนภูดาษ', '', 586, 40),
(4551, 'หนองตีนนก', '', 586, 40),
(4552, 'หนองบัว', '', 586, 40),
(4553, 'แหลมประดู่', '', 586, 40),
(4554, 'แปลงยาว', '', 587, 40),
(4555, 'วังเย็น', '', 587, 40),
(4556, 'หนองไม้แก่น', '', 587, 40),
(4557, 'หัวสำโรง', '', 587, 40),
(4558, 'เกาะขนุน', '', 588, 40),
(4559, 'เขาหินซ้อน', '', 588, 40),
(4560, 'ท่าถ่าน', '', 588, 40),
(4561, 'บ้านซ่อง', '', 588, 40),
(4562, 'พนมสารคาม', '', 588, 40),
(4563, 'เมืองเก่า', '', 588, 40),
(4564, 'หนองยาว', '', 588, 40),
(4565, 'หนองแหน', '', 588, 40),
(4566, 'คลองจุกกระเฌอ', '', 589, 40),
(4567, 'คลองนครเนื่องเขต', '', 589, 40),
(4568, 'คลองนา', '', 589, 40),
(4569, 'คลองเปรง', '', 589, 40),
(4570, 'คลองหลวงแพ่ง', '', 589, 40),
(4571, 'คลองอุดมชลจร', '', 589, 40),
(4572, 'ท่าไข่', '', 589, 40),
(4573, 'บางกะไห', '', 589, 40),
(4574, 'บางแก้ว', '', 589, 40),
(4575, 'บางขวัญ', '', 589, 40),
(4576, 'บางตีนเป็ด', '', 589, 40),
(4577, 'บางเตย', '', 589, 40),
(4578, 'บางไผ่', '', 589, 40),
(4579, 'บางพระ', '', 589, 40),
(4580, 'บ้านใหม่', '', 589, 40),
(4581, 'วังตะเคียน', '', 589, 40),
(4582, 'โสธร', '', 589, 40),
(4583, 'หนามแดง', '', 589, 40),
(4584, 'หน้าเมือง', '', 589, 40),
(4585, 'ดงน้อย', '', 590, 40),
(4586, 'บางคา', '', 590, 40),
(4587, 'เมืองใหม่', '', 590, 40),
(4588, 'คู้ยายหมี', '', 591, 40),
(4589, 'ท่ากระดาน', '', 591, 40),
(4590, 'ทุ่งพระยา', '', 591, 40),
(4591, 'ลาดกระทิง', '', 591, 40),
(4592, 'กะบกเตี้ย', '', 592, 41),
(4593, 'เนินขาม', '', 592, 41),
(4594, 'สุขเดือนห้า', '', 592, 41),
(4595, 'คุ้งสำเภา', '', 593, 41),
(4596, 'ท่าฉนวน', '', 593, 41),
(4597, 'ไร่พัฒนา', '', 593, 41),
(4598, 'วัดโคก', '', 593, 41),
(4599, 'ศิลาดาน', '', 593, 41),
(4600, 'หางน้ำสาคร', '', 593, 41),
(4601, 'อู่ตะเภา', '', 593, 41),
(4602, 'เขาท่าพระ', '', 594, 41),
(4603, 'ชัยนาท', '', 594, 41),
(4604, 'ท่าชัย', '', 594, 41),
(4605, 'ธรรมามูล', '', 594, 41),
(4606, 'นางลือ', '', 594, 41),
(4607, 'ในเมือง', '', 594, 41),
(4608, 'บ้านกล้วย', '', 594, 41),
(4609, 'เสือโฮก', '', 594, 41),
(4610, 'หาดท่าเสา', '', 594, 41),
(4611, 'บ่อแร่', '', 595, 41),
(4612, 'มะขามเฒ่า', '', 595, 41),
(4613, 'วังหมัน', '', 595, 41),
(4614, 'วัดสิงห์', '', 595, 41),
(4615, 'หนองขุ่น', '', 595, 41),
(4616, 'หนองน้อย', '', 595, 41),
(4617, 'หนองบัว', '', 595, 41),
(4618, 'ดงคอน', '', 596, 41),
(4619, 'ดอนกำ', '', 596, 41),
(4620, 'เที่ยงแท้', '', 596, 41),
(4621, 'บางขุด', '', 596, 41),
(4622, 'แพรกศรีราชา', '', 596, 41),
(4623, 'โพงาม', '', 596, 41),
(4624, 'ห้วยกรด', '', 596, 41),
(4625, 'ห้วยกรดพัฒนา', '', 596, 41),
(4626, 'เขาแก้ว', '', 597, 41),
(4627, 'ตลุก', '', 597, 41),
(4628, 'บางหลวง', '', 597, 41),
(4629, 'โพนางดำตก', '', 597, 41),
(4630, 'โพนางดำออก', '', 597, 41),
(4631, 'สรรพยา', '', 597, 41),
(4632, 'หาดอาษา', '', 597, 41),
(4633, 'กุดจอก', '', 598, 41),
(4634, 'วังตะเคียน', '', 598, 41),
(4635, 'สะพานหิน', '', 598, 41),
(4636, 'หนองมะโมง', '', 598, 41),
(4637, 'เด่นใหญ่', '', 599, 41),
(4638, 'บ้านเชี่ยน', '', 599, 41),
(4639, 'ไพรนกยูง', '', 599, 41),
(4640, 'วังไก่เถื่อน', '', 599, 41),
(4641, 'สามง่ามท่าโบสถ์', '', 599, 41),
(4642, 'หนองแซง', '', 599, 41),
(4643, 'ห้วยงู', '', 599, 41),
(4644, 'หันคา', '', 599, 41),
(4645, 'เขาเพิ่ม', '', 600, 42),
(4646, 'ทองหลาง', '', 600, 42),
(4647, 'บางอ้อ', '', 600, 42),
(4648, 'บ้านนา', '', 600, 42),
(4649, 'บ้านพร้าว', '', 600, 42),
(4650, 'บ้านพริก', '', 600, 42),
(4651, 'ป่าขะ', '', 600, 42),
(4652, 'พิกุลออก', '', 600, 42),
(4653, 'ศรีกะอาง', '', 600, 42),
(4654, 'อาษา', '', 600, 42),
(4655, 'เกาะโพธิ์', '', 601, 42),
(4656, 'เกาะหวาย', '', 601, 42),
(4657, 'โคกกรวด', '', 601, 42),
(4658, 'ท่าเรือ', '', 601, 42),
(4659, 'นาหินลาด', '', 601, 42),
(4660, 'ปากพลี', '', 601, 42),
(4661, 'หนองแสง', '', 601, 42),
(4662, 'เขาพระ', '', 602, 42),
(4663, 'ดงละคร', '', 602, 42),
(4664, 'ดอนยอ', '', 602, 42),
(4665, 'ท่าช้าง', '', 602, 42),
(4666, 'ท่าทราย', '', 602, 42),
(4667, 'นครนายก', '', 602, 42),
(4668, 'บ้านใหญ่', '', 602, 42),
(4669, 'พรหมณี', '', 602, 42),
(4670, 'วังกระโจม', '', 602, 42),
(4671, 'ศรีจุฬา', '', 602, 42),
(4672, 'ศรีนาวา', '', 602, 42),
(4673, 'สาริกา', '', 602, 42),
(4674, 'หินตั้ง', '', 602, 42),
(4675, 'คลองใหญ่', '', 603, 42),
(4676, 'ชุมพล', '', 603, 42),
(4677, 'ทรายมูล', '', 603, 42),
(4678, 'บางปลากด', '', 603, 42),
(4679, 'บางลูกเสือ', '', 603, 42),
(4680, 'บางสมบูรณ์', '', 603, 42),
(4681, 'บึงศาล', '', 603, 42),
(4682, 'พระอาจารย์', '', 603, 42),
(4683, 'โพธิ์แทน', '', 603, 42),
(4684, 'ศีรษะกระบือ', '', 603, 42),
(4685, 'องครักษ์', '', 603, 42),
(4686, 'กระตีบ', '', 604, 43),
(4687, 'กำแพงแสน', '', 604, 43),
(4688, 'ดอนข่อย', '', 604, 43),
(4689, 'ทุ่งกระพังโหม', '', 604, 43),
(4690, 'ทุ่งขวาง', '', 604, 43),
(4691, 'ทุ่งบัว', '', 604, 43),
(4692, 'ทุ่งลูกนก', '', 604, 43),
(4693, 'รางพิกุล', '', 604, 43),
(4694, 'วังน้ำเขียว', '', 604, 43),
(4695, 'สระพัฒนา', '', 604, 43),
(4696, 'สระสี่มุม', '', 604, 43),
(4697, 'หนองกระทุ่ม', '', 604, 43),
(4698, 'ห้วยขวาง', '', 604, 43),
(4699, 'ห้วยม่วง', '', 604, 43),
(4700, 'ห้วยหมอนทอง', '', 604, 43),
(4701, 'ดอนพุทรา', '', 605, 43),
(4702, 'ดอนรวก', '', 605, 43),
(4703, 'บ้านหลวง', '', 605, 43),
(4704, 'ลำลูกบัว', '', 605, 43),
(4705, 'ลำเหย', '', 605, 43),
(4706, 'สามง่าม', '', 605, 43),
(4707, 'ห้วยด้วน', '', 605, 43),
(4708, 'ห้วยพระ', '', 605, 43),
(4709, 'ขุนแก้ว', '', 606, 43),
(4710, 'โคกพระเจดีย์', '', 606, 43),
(4711, 'งิ้วราย', '', 606, 43),
(4712, 'ดอนแฝก', '', 606, 43),
(4713, 'ท่ากระชับ', '', 606, 43),
(4714, 'ท่าตำหนัก', '', 606, 43),
(4715, 'ท่าพระยา', '', 606, 43),
(4716, 'ไทยาวาส', '', 606, 43),
(4717, 'นครชัยศรี', '', 606, 43),
(4718, 'บางกระเบา', '', 606, 43),
(4719, 'บางแก้ว', '', 606, 43),
(4720, 'บางแก้วฟ้า', '', 606, 43),
(4721, 'บางพระ', '', 606, 43),
(4722, 'บางระกำ', '', 606, 43),
(4723, 'พะเนียด', '', 606, 43),
(4724, 'ลานตากฟ้า', '', 606, 43),
(4725, 'วัดแค', '', 606, 43),
(4726, 'วัดละมุด', '', 606, 43),
(4727, 'วัดสำโรง', '', 606, 43),
(4728, 'ศรีมหาโพธิ์', '', 606, 43),
(4729, 'ศรีษะทอง', '', 606, 43),
(4730, 'สัมปทวน', '', 606, 43),
(4731, 'ห้วยพลู', '', 606, 43),
(4732, 'แหลมบัว', '', 606, 43),
(4733, 'คลองนกกระทุง', '', 607, 43),
(4734, 'ดอนตูม', '', 607, 43),
(4735, 'ไทรงาม', '', 607, 43),
(4736, 'นราภิรมย์', '', 607, 43),
(4737, 'นิลเพชร', '', 607, 43),
(4738, 'บัวปากท่า', '', 607, 43),
(4739, 'บางไทรป่า', '', 607, 43),
(4740, 'บางปลา', '', 607, 43),
(4741, 'บางภาษี', '', 607, 43),
(4742, 'บางระกำ', '', 607, 43),
(4743, 'บางเลน', '', 607, 43),
(4744, 'บางหลวง', '', 607, 43),
(4745, 'ไผ่หูช้าง', '', 607, 43),
(4746, 'ลำพญา', '', 607, 43),
(4747, 'หินมูล', '', 607, 43),
(4748, 'คลองโยง', '', 608, 43),
(4749, 'มหาสวัสดิ์', '', 608, 43),
(4750, 'ศาลายา', '', 608, 43),
(4751, 'ดอนยายหอม', '', 609, 43),
(4752, 'ตาก้อง', '', 609, 43),
(4753, 'ถนนขาด', '', 609, 43),
(4754, 'ทัพหลวง', '', 609, 43),
(4755, 'ทุ่งน้อย', '', 609, 43),
(4756, 'ธรรมศาลา', '', 609, 43),
(4757, 'นครปฐม', '', 609, 43),
(4758, 'บ่อพลับ', '', 609, 43),
(4759, 'บางแขม', '', 609, 43),
(4760, 'บ้านยาง', '', 609, 43),
(4761, 'พระปฐมเจดีย์', '', 609, 43),
(4762, 'พระประโทน', '', 609, 43),
(4763, 'โพรงมะเดื่อ', '', 609, 43),
(4764, 'มาบแค', '', 609, 43),
(4765, 'ลำพยา', '', 609, 43),
(4766, 'วังตะกู', '', 609, 43),
(4767, 'วังเย็น', '', 609, 43),
(4768, 'สนามจันทร์', '', 609, 43),
(4769, 'สระกะเทียม', '', 609, 43),
(4770, 'สวนป่าน', '', 609, 43),
(4771, 'สามควายเผือก', '', 609, 43),
(4772, 'หนองงูเหลือม', '', 609, 43),
(4773, 'หนองดินแดง', '', 609, 43),
(4774, 'หนองปากโลง', '', 609, 43),
(4775, 'ห้วยจรเข้', '', 609, 43),
(4776, 'กระทุ่มล้ม', '', 610, 43),
(4777, 'คลองจินดา', '', 610, 43),
(4778, 'คลองใหม่', '', 610, 43),
(4779, 'ตลาดจินดา', '', 610, 43),
(4780, 'ทรงคนอง', '', 610, 43),
(4781, 'ท่าข้าม', '', 610, 43),
(4782, 'ท่าตลาด', '', 610, 43),
(4783, 'บางกระทึก', '', 610, 43),
(4784, 'บางช้าง', '', 610, 43),
(4785, 'บางเตย', '', 610, 43),
(4786, 'บ้านใหม่', '', 610, 43),
(4787, 'ยายชา', '', 610, 43),
(4788, 'ไร่ขิง', '', 610, 43),
(4789, 'สามพราน', '', 610, 43),
(4790, 'หอมเกร็ด', '', 610, 43),
(4791, 'อ้อมใหญ่', '', 610, 43),
(4792, 'ขุนศรี', '', 611, 44),
(4793, 'คลองขวาง', '', 611, 44),
(4794, 'ทวีวัฒนา', '', 611, 44),
(4795, 'ไทรน้อย', '', 611, 44),
(4796, 'ไทรใหญ่', '', 611, 44),
(4797, 'ราษฎร์นิยม', '', 611, 44),
(4798, 'หนองเพรางาย', '', 611, 44),
(4799, 'บางกรวย', '', 612, 44),
(4800, 'บางขนุน', '', 612, 44),
(4801, 'บางขุนกอง', '', 612, 44),
(4802, 'บางคูเวียง', '', 612, 44),
(4803, 'บางสีทอง', '', 612, 44),
(4804, 'ปลายบาง', '', 612, 44),
(4805, 'มหาสวัสดิ์', '', 612, 44),
(4806, 'วัดชลอ', '', 612, 44),
(4807, 'ศาลากลาง', '', 612, 44),
(4808, 'บางคูรัด', '', 613, 44),
(4809, 'บางบัวทอง', '', 613, 44),
(4810, 'บางรักพัฒนา', '', 613, 44),
(4811, 'บางรักใหญ่', '', 613, 44),
(4812, 'พิมลราช', '', 613, 44),
(4813, 'ละหาร', '', 613, 44),
(4814, 'ลำโพ', '', 613, 44),
(4815, 'โสนลอย', '', 613, 44),
(4816, 'บางม่วง', '', 614, 44),
(4817, 'บางแม่นาง', '', 614, 44),
(4818, 'บางเลน', '', 614, 44),
(4819, 'บางใหญ่', '', 614, 44),
(4820, 'บ้านใหม่', '', 614, 44),
(4821, 'เสาธงหิน', '', 614, 44),
(4822, 'เกาะเกร็ด', '', 615, 44),
(4823, 'คลองเกลือ', '', 615, 44),
(4824, 'คลองข่อย', '', 615, 44),
(4825, 'คลองพระอุดม', '', 615, 44),
(4826, 'ท่าอิฐ', '', 615, 44),
(4827, 'บางตลาด', '', 615, 44),
(4828, 'บางตะไนย์', '', 615, 44),
(4829, 'บางพลับ', '', 615, 44),
(4830, 'บางพูด', '', 615, 44),
(4831, 'บ้านใหม่', '', 615, 44),
(4832, 'ปากเกร็ด', '', 615, 44),
(4833, 'อ้อมเกร็ด', '', 615, 44),
(4834, 'ตลาดขวัญ', '', 616, 44),
(4835, 'ท่าทราย', '', 616, 44),
(4836, 'ไทรม้า', '', 616, 44),
(4837, 'บางกระสอ', '', 616, 44),
(4838, 'บางกร่าง', '', 616, 44),
(4839, 'บางเขน', '', 616, 44),
(4840, 'บางไผ่', '', 616, 44),
(4841, 'บางรักน้อย', '', 616, 44),
(4842, 'บางศรีเมือง', '', 616, 44),
(4843, 'สวนใหญ่', '', 616, 44),
(4844, 'คลองเจ็ด', '', 617, 45),
(4845, 'คลองสอง', '', 617, 45),
(4846, 'คลองสาม', '', 617, 45),
(4847, 'คลองสี่', '', 617, 45),
(4848, 'บึงน้ำรักษ์', '', 618, 45),
(4849, 'บึงยี่โถ', '', 618, 45),
(4850, 'บึงสนั่น', '', 618, 45),
(4851, 'ประชาธิปัตย์', '', 618, 45),
(4852, 'รังสิต', '', 618, 45),
(4853, 'ลำผักกูด', '', 618, 45),
(4854, 'บางกะดี', '', 619, 45),
(4855, 'บางขะแยง', '', 619, 45),
(4856, 'บางคูวัด', '', 619, 45),
(4857, 'บางเดื่อ', '', 619, 45),
(4858, 'บางปรอก', '', 619, 45),
(4859, 'บางพูด', '', 619, 45),
(4860, 'บางพูน', '', 619, 45),
(4861, 'บางหลวง', '', 619, 45),
(4862, 'บ้านกระแชง', '', 619, 45),
(4863, 'บ้านกลาง', '', 619, 45),
(4864, 'บ้านฉาง', '', 619, 45),
(4865, 'บ้านใหม่', '', 619, 45),
(4866, 'สวนพริกไทย', '', 619, 45),
(4867, 'หลักหก', '', 619, 45),
(4868, 'คลองพระอุดม', '', 620, 45),
(4869, 'คูขวาง', '', 620, 45),
(4870, 'คูบางหลวง', '', 620, 45),
(4871, 'บ่อเงิน', '', 620, 45),
(4872, 'ระแหง', '', 620, 45),
(4873, 'ลาดหลุมแก้ว', '', 620, 45),
(4874, 'หน้าไม้', '', 620, 45),
(4875, 'คูคต', '', 621, 45),
(4876, 'บึงคอไห', '', 621, 45),
(4877, 'บึงคำพร้อย', '', 621, 45),
(4878, 'บึงทองหลาง', '', 621, 45),
(4879, 'พืชอุดม', '', 621, 45),
(4880, 'ลาดสวาย', '', 621, 45),
(4881, 'ลำไทร', '', 621, 45),
(4882, 'ลำลูกกา', '', 621, 45),
(4883, 'กระแชง', '', 622, 45),
(4884, 'คลองควาย', '', 622, 45),
(4885, 'เชียงรากน้อย', '', 622, 45),
(4886, 'เชียงรากใหญ่', '', 622, 45),
(4887, 'ท้ายเกาะ', '', 622, 45),
(4888, 'บางกระบือ', '', 622, 45),
(4889, 'บางเตย', '', 622, 45),
(4890, 'บางโพธิ์เหนือ', '', 622, 45),
(4891, 'บ้านงิ้ว', '', 622, 45),
(4892, 'บ้านปทุม', '', 622, 45),
(4893, 'สามโคก', '', 622, 45),
(4894, 'นพรัตน์', '', 623, 45),
(4895, 'บึงกาสาม', '', 623, 45),
(4896, 'บึงชำอ้อ', '', 623, 45),
(4897, 'บึงบอน', '', 623, 45),
(4898, 'บึงบา', '', 623, 45),
(4899, 'ศาลาครุ', '', 623, 45),
(4900, 'หนองสามวัง', '', 623, 45),
(4901, 'กุยบุรี', '', 624, 46),
(4902, 'กุยเหนือ', '', 624, 46),
(4903, 'เขาแดง', '', 624, 46),
(4904, 'ดอนยายหนู', '', 624, 46),
(4905, 'สามกระทาย', '', 624, 46),
(4906, 'หาดขาม', '', 624, 46),
(4907, 'เขาล้าน', '', 625, 46),
(4908, 'ทับสะแก', '', 625, 46),
(4909, 'นาหูกวาง', '', 625, 46),
(4910, 'แสงอรุณ', '', 625, 46),
(4911, 'ห้วยยาง', '', 625, 46),
(4912, 'อ่างทอง', '', 625, 46),
(4913, 'กำเนิดนพคุณ', '', 626, 46),
(4914, 'ชัยเกษม', '', 626, 46),
(4915, 'ทองมงคล', '', 626, 46),
(4916, 'ธงชัย', '', 626, 46),
(4917, 'พงศ์ประศาสน์', '', 626, 46),
(4918, 'แม่รำพึง', '', 626, 46),
(4919, 'ร่อนทอง', '', 626, 46),
(4920, 'ช้างแรก', '', 627, 46),
(4921, 'ไชยราช', '', 627, 46),
(4922, 'ทรายทอง', '', 627, 46),
(4923, 'บางสะพาน', '', 627, 46),
(4924, 'ปากแพรก', '', 627, 46),
(4925, 'เขาจ้าว', '', 628, 46),
(4926, 'เขาน้อย', '', 628, 46),
(4927, 'ปราณบุรี', '', 628, 46),
(4928, 'ปากน้ำปราณ', '', 628, 46),
(4929, 'วังก์พง', '', 628, 46),
(4930, 'หนองตาแต้ม', '', 628, 46),
(4931, 'เกาะหลัก', '', 629, 46),
(4932, 'คลองวาฬ', '', 629, 46),
(4933, 'บ่อนอก', '', 629, 46),
(4934, 'ประจวบคีรีขันธ์', '', 629, 46),
(4935, 'ห้วยทราย', '', 629, 46),
(4936, 'อ่าวน้อย', '', 629, 46),
(4937, 'ไร่เก่า', '', 630, 46),
(4938, 'ไร่ใหม่', '', 630, 46),
(4939, 'ศาลาลัย', '', 630, 46),
(4940, 'ศิลาลอย', '', 630, 46),
(4941, 'สามร้อยยอด', '', 630, 46),
(4942, 'ทับใต้', '', 631, 46),
(4943, 'บึงนคร', '', 631, 46),
(4944, 'หนองแก', '', 631, 46),
(4945, 'หนองพลับ', '', 631, 46),
(4946, 'ห้วยสัตว์ใหญ่', '', 631, 46),
(4947, 'หัวหิน', '', 631, 46),
(4948, 'หินเหล็กไฟ', '', 631, 46),
(4949, 'กบินทร์', '', 632, 47),
(4950, 'เขาไม้แก้ว', '', 632, 47),
(4951, 'นนทรี', '', 632, 47),
(4952, 'นาแขม', '', 632, 47),
(4953, 'บ่อทอง', '', 632, 47),
(4954, 'บ้านนา', '', 632, 47),
(4955, 'เมืองเก่า', '', 632, 47),
(4956, 'ย่านรี', '', 632, 47),
(4957, 'ลาดตะเคียน', '', 632, 47),
(4958, 'วังดาล', '', 632, 47),
(4959, 'วังตะเคียน', '', 632, 47),
(4960, 'วังท่าช้าง', '', 632, 47),
(4961, 'หนองกี่', '', 632, 47),
(4962, 'หาดนางแก้ว', '', 632, 47),
(4963, 'แก่งดินสอ', '', 633, 47),
(4964, 'ทุ่งโพธิ์', '', 633, 47),
(4965, 'นาดี', '', 633, 47),
(4966, 'บุพราหมณ์', '', 633, 47),
(4967, 'สะพานหิน', '', 633, 47),
(4968, 'สำพันตา', '', 633, 47),
(4969, 'กระทุ่มแพ้ว', '', 634, 47),
(4970, 'บางกระเบา', '', 634, 47),
(4971, 'บางขาม', '', 634, 47),
(4972, 'บางเตย', '', 634, 47),
(4973, 'บางแตน', '', 634, 47),
(4974, 'บางปลาร้า', '', 634, 47),
(4975, 'บางพลวง', '', 634, 47),
(4976, 'บางยาง', '', 634, 47),
(4977, 'บ้านสร้าง', '', 634, 47),
(4978, 'เกาะลอย', '', 635, 47),
(4979, 'คำโตนด', '', 635, 47),
(4980, 'ดงบัง', '', 635, 47),
(4981, 'บ้านหอย', '', 635, 47),
(4982, 'บุฝ้าย', '', 635, 47),
(4983, 'ประจันตคาม', '', 635, 47),
(4984, 'โพธิ์งาม', '', 635, 47),
(4985, 'หนองแก้ว', '', 635, 47),
(4986, 'หนองแสง', '', 635, 47),
(4987, 'โคกไม้ลาย', '', 636, 47),
(4988, 'ดงขี้เหล็ก', '', 636, 47),
(4989, 'ดงพระราม', '', 636, 47),
(4990, 'ท่างาม', '', 636, 47),
(4991, 'เนินหอม', '', 636, 47),
(4992, 'โนนห้อม', '', 636, 47),
(4993, 'บางเดชะ', '', 636, 47),
(4994, 'บางบริบูรณ์', '', 636, 47),
(4995, 'บ้านพระ', '', 636, 47),
(4996, 'ไม้เค็ด', '', 636, 47),
(4997, 'รอบเมือง', '', 636, 47),
(4998, 'วัดโบสถ์', '', 636, 47),
(4999, 'หน้าเมือง', '', 636, 47),
(5000, 'กรอกสมบูรณ์', '', 637, 47),
(5001, 'ดงกระทงยาม', '', 637, 47),
(5002, 'ท่าตูม', '', 637, 47),
(5003, 'บางกุ้ง', '', 637, 47),
(5004, 'บ้านทาม', '', 637, 47),
(5005, 'ศรีมหาโพธิ', '', 637, 47),
(5006, 'สัมพันธ์', '', 637, 47),
(5007, 'หนองโพรง', '', 637, 47),
(5008, 'หัวหว้า', '', 637, 47),
(5009, 'หาดยาง', '', 637, 47),
(5010, 'คู้ลำพัน', '', 638, 47),
(5011, 'โคกไทย', '', 638, 47),
(5012, 'โคกปีบ', '', 638, 47),
(5013, 'ไผ่ชะเลือด', '', 638, 47),
(5014, 'จำปา', '', 639, 48),
(5015, 'ท่าเจ้าสนุก', '', 639, 48),
(5016, 'ท่าเรือ', '', 639, 48),
(5017, 'ท่าหลวง', '', 639, 48),
(5018, 'บ้านร่อม', '', 639, 48),
(5019, 'ปากท่า', '', 639, 48),
(5020, 'โพธิ์เอน', '', 639, 48),
(5021, 'วังแดง', '', 639, 48),
(5022, 'ศาลาลอย', '', 639, 48),
(5023, 'หนองขนาก', '', 639, 48),
(5024, 'คลองสะแก', '', 640, 48),
(5025, 'ท่าช้าง', '', 640, 48),
(5026, 'นครหลวง', '', 640, 48);
INSERT INTO `tb_sub_district` (`sd_id`, `sd_name_th`, `sd_name_eng`, `sd_district_id`, `sd_province_id`) VALUES
(5027, 'บ่อโพง', '', 640, 48),
(5028, 'บางพระครู', '', 640, 48),
(5029, 'บางระกำ', '', 640, 48),
(5030, 'บ้านชุ้ง', '', 640, 48),
(5031, 'ปากจั่น', '', 640, 48),
(5032, 'พระนอน', '', 640, 48),
(5033, 'แม่ลา', '', 640, 48),
(5034, 'สามไถ', '', 640, 48),
(5035, 'หนองปลิง', '', 640, 48),
(5036, 'แก้วฟ้า', '', 641, 48),
(5037, 'เต่าเล่า', '', 641, 48),
(5038, 'เทพมงคล', '', 641, 48),
(5039, 'บางซ้าย', '', 641, 48),
(5040, 'ปลายกลัด', '', 641, 48),
(5041, 'วังพัฒนา', '', 641, 48),
(5042, 'กกแก้วบูรพา', '', 642, 48),
(5043, 'กระแชง', '', 642, 48),
(5044, 'แคตก', '', 642, 48),
(5045, 'แคออก', '', 642, 48),
(5046, 'โคกช้าง', '', 642, 48),
(5047, 'ช้างน้อย', '', 642, 48),
(5048, 'ช่างเหล็ก', '', 642, 48),
(5049, 'ช้างใหญ่', '', 642, 48),
(5050, 'เชียงรากน้อย', '', 642, 48),
(5051, 'บางไทร', '', 642, 48),
(5052, 'บางพลี', '', 642, 48),
(5053, 'บางยี่โท', '', 642, 48),
(5054, 'บ้านกลึง', '', 642, 48),
(5055, 'บ้านเกาะ', '', 642, 48),
(5056, 'บ้านแป้ง', '', 642, 48),
(5057, 'บ้านม้า', '', 642, 48),
(5058, 'ไผ่พระ', '', 642, 48),
(5059, 'โพแตง', '', 642, 48),
(5060, 'ไม้ตรา', '', 642, 48),
(5061, 'ราชคราม', '', 642, 48),
(5062, 'สนามชัย', '', 642, 48),
(5063, 'หน้าไม้', '', 642, 48),
(5064, 'ห่อหมก', '', 642, 48),
(5065, 'กบเจา', '', 643, 48),
(5066, 'ทางช้าง', '', 643, 48),
(5067, 'ไทรน้อย', '', 643, 48),
(5068, 'น้ำเต้า', '', 643, 48),
(5069, 'บางชะนี', '', 643, 48),
(5070, 'บางบาล', '', 643, 48),
(5071, 'บางหลวง', '', 643, 48),
(5072, 'บางหลวงโดด', '', 643, 48),
(5073, 'บางหัก', '', 643, 48),
(5074, 'บ้านกุ่ม', '', 643, 48),
(5075, 'บ้านคลัง', '', 643, 48),
(5076, 'พระขาว', '', 643, 48),
(5077, 'มหาพราหมณ์', '', 643, 48),
(5078, 'วัดตะกู', '', 643, 48),
(5079, 'วัดยม', '', 643, 48),
(5080, 'สะพานไทย', '', 643, 48),
(5081, 'ขยาย', '', 644, 48),
(5082, 'ขวัญเมือง', '', 644, 48),
(5083, 'ตานิม', '', 644, 48),
(5084, 'ตาลเอน', '', 644, 48),
(5085, 'ทับน้ำ', '', 644, 48),
(5086, 'ทางกลาง', '', 644, 48),
(5087, 'บางเดื่อ', '', 644, 48),
(5088, 'บางนางร้า', '', 644, 48),
(5089, 'บางปะหัน', '', 644, 48),
(5090, 'บางเพลิง', '', 644, 48),
(5091, 'บ้านขล้อ', '', 644, 48),
(5092, 'บ้านม้า', '', 644, 48),
(5093, 'บ้านลี่', '', 644, 48),
(5094, 'พุทเลา', '', 644, 48),
(5095, 'โพธิ์สามต้น', '', 644, 48),
(5096, 'เสาธง', '', 644, 48),
(5097, 'หันสัง', '', 644, 48),
(5098, 'เกาะเกิด', '', 645, 48),
(5099, 'ขนอนหลวง', '', 645, 48),
(5100, 'คลองจิก', '', 645, 48),
(5101, 'คุ้งลาน', '', 645, 48),
(5102, 'เชียงรากน้อย', '', 645, 48),
(5103, 'ตลาดเกรียบ', '', 645, 48),
(5104, 'ตลิ่งชัน', '', 645, 48),
(5105, 'บางกระสั้น', '', 645, 48),
(5106, 'บางประแดง', '', 645, 48),
(5107, 'บ้านกรด', '', 645, 48),
(5108, 'บ้านแป้ง', '', 645, 48),
(5109, 'บ้านพลับ', '', 645, 48),
(5110, 'บ้านโพ', '', 645, 48),
(5111, 'บ้านเลน', '', 645, 48),
(5112, 'บ้านสร้าง', '', 645, 48),
(5113, 'บ้านหว้า', '', 645, 48),
(5114, 'วัดยม', '', 645, 48),
(5115, 'สามเรือน', '', 645, 48),
(5116, 'คลองน้อย', '', 646, 48),
(5117, 'บ้านแพรก', '', 646, 48),
(5118, 'บ้านใหม่', '', 646, 48),
(5119, 'สองห้อง', '', 646, 48),
(5120, 'สำพะเนียง', '', 646, 48),
(5121, 'กุฎี', '', 647, 48),
(5122, 'โคกช้าง', '', 647, 48),
(5123, 'จักราช', '', 647, 48),
(5124, 'ดอนลาน', '', 647, 48),
(5125, 'ตาลาน', '', 647, 48),
(5126, 'ท่าดินแดง', '', 647, 48),
(5127, 'นาคู', '', 647, 48),
(5128, 'บ้านแค', '', 647, 48),
(5129, 'บ้านใหญ่', '', 647, 48),
(5130, 'ผักไห่', '', 647, 48),
(5131, 'ลาดชิด', '', 647, 48),
(5132, 'ลาดน้ำเค็ม', '', 647, 48),
(5133, 'ลำตะเคียน', '', 647, 48),
(5134, 'หนองน้ำใหญ่', '', 647, 48),
(5135, 'หน้าโคก', '', 647, 48),
(5136, 'อมฤต', '', 647, 48),
(5137, 'กะมัง', '', 648, 48),
(5138, 'เกาะเรียน', '', 648, 48),
(5139, 'คลองตะเคียน', '', 648, 48),
(5140, 'คลองสระบัว', '', 648, 48),
(5141, 'คลองสวนพลู', '', 648, 48),
(5142, 'ท่าวาสุกรี', '', 648, 48),
(5143, 'บ้านเกาะ', '', 648, 48),
(5144, 'บ้านป้อม', '', 648, 48),
(5145, 'บ้านรุน', '', 648, 48),
(5146, 'บ้านใหม่', '', 648, 48),
(5147, 'ประตูชัย', '', 648, 48),
(5148, 'ปากกราน', '', 648, 48),
(5149, 'ไผ่ลิง', '', 648, 48),
(5150, 'ภูเขาทอง', '', 648, 48),
(5151, 'ลุมพลี', '', 648, 48),
(5152, 'วัดตูม', '', 648, 48),
(5153, 'สวนพริก', '', 648, 48),
(5154, 'สำเภาล่ม', '', 648, 48),
(5155, 'หอรัตนไชย', '', 648, 48),
(5156, 'หันตรา', '', 648, 48),
(5157, 'หัวรอ', '', 648, 48),
(5158, 'กระจิว', '', 649, 48),
(5159, 'โคกม่วง', '', 649, 48),
(5160, 'ดอนหญ้านาง', '', 649, 48),
(5161, 'ไผ่ล้อม', '', 649, 48),
(5162, 'พระแก้ว', '', 649, 48),
(5163, 'ภาชี', '', 649, 48),
(5164, 'ระโสม', '', 649, 48),
(5165, 'หนองน้ำใส', '', 649, 48),
(5166, 'กะทุ่ม', '', 650, 48),
(5167, 'เจ้าปลุก', '', 650, 48),
(5168, 'ท่าตอ', '', 650, 48),
(5169, 'น้ำเต้า', '', 650, 48),
(5170, 'บางนา', '', 650, 48),
(5171, 'บ้านขวาง', '', 650, 48),
(5172, 'บ้านนา', '', 650, 48),
(5173, 'บ้านใหม่', '', 650, 48),
(5174, 'พิตเพียน', '', 650, 48),
(5175, 'มหาราช', '', 650, 48),
(5176, 'โรงช้าง', '', 650, 48),
(5177, 'หัวไผ่', '', 650, 48),
(5178, 'คลองพระยาบันลือ', '', 651, 48),
(5179, 'คู้สลอด', '', 651, 48),
(5180, 'พระยาบันลือ', '', 651, 48),
(5181, 'ลาดบัวหลวง', '', 651, 48),
(5182, 'สามเมือง', '', 651, 48),
(5183, 'สิงหนาท', '', 651, 48),
(5184, 'หลักชัย', '', 651, 48),
(5185, 'ข้าวงาม', '', 652, 48),
(5186, 'ชะแมบ', '', 652, 48),
(5187, 'บ่อตาโล่', '', 652, 48),
(5188, 'พยอม', '', 652, 48),
(5189, 'ลำตาเสา', '', 652, 48),
(5190, 'ลำไทร', '', 652, 48),
(5191, 'วังจุฬา', '', 652, 48),
(5192, 'วังน้อย', '', 652, 48),
(5193, 'สนับทึบ', '', 652, 48),
(5194, 'หันตะเภา', '', 652, 48),
(5195, 'เจ้าเจ็ด', '', 653, 48),
(5196, 'เจ้าเสด็จ', '', 653, 48),
(5197, 'ชายนา', '', 653, 48),
(5198, 'ดอนทอง', '', 653, 48),
(5199, 'บางนมโค', '', 653, 48),
(5200, 'บ้านกระทุ่ม', '', 653, 48),
(5201, 'บ้านแถว', '', 653, 48),
(5202, 'บ้านแพน', '', 653, 48),
(5203, 'บ้านโพธิ์', '', 653, 48),
(5204, 'บ้านหลวง', '', 653, 48),
(5205, 'มารวิชัย', '', 653, 48),
(5206, 'รางจรเข้', '', 653, 48),
(5207, 'ลาดงา', '', 653, 48),
(5208, 'สามกอ', '', 653, 48),
(5209, 'สามตุ่ม', '', 653, 48),
(5210, 'เสนา', '', 653, 48),
(5211, 'หัวเวียง', '', 653, 48),
(5212, 'ข้าวเม่า', '', 654, 48),
(5213, 'คานหาม', '', 654, 48),
(5214, 'บ้านช้าง', '', 654, 48),
(5215, 'บ้านหีบ', '', 654, 48),
(5216, 'โพสาวหาญ', '', 654, 48),
(5217, 'สามบัณฑิต', '', 654, 48),
(5218, 'เสนา', '', 654, 48),
(5219, 'หนองน้ำส้ม', '', 654, 48),
(5220, 'หนองไม้ซุง', '', 654, 48),
(5221, 'อุทัย', '', 654, 48),
(5222, 'แก่งกระจาน', '', 655, 49),
(5223, 'ป่าเด็ง', '', 655, 49),
(5224, 'พุสวรรค์', '', 655, 49),
(5225, 'วังจันทร์', '', 655, 49),
(5226, 'สองพี่น้อง', '', 655, 49),
(5227, 'ห้วยแม่เพรียง', '', 655, 49),
(5228, 'เขาย้อย', '', 656, 49),
(5229, 'ทับคาง', '', 656, 49),
(5230, 'บางเค็ม', '', 656, 49),
(5231, 'สระพัง', '', 656, 49),
(5232, 'หนองชุมพล', '', 656, 49),
(5233, 'หนองชุมพลเหนือ', '', 656, 49),
(5234, 'หนองปรง', '', 656, 49),
(5235, 'หนองปลาไหล', '', 656, 49),
(5236, 'ห้วยท่าช้าง', '', 656, 49),
(5237, 'ห้วยโรง', '', 656, 49),
(5238, 'เขาใหญ่', '', 657, 49),
(5239, 'ชะอำ', '', 657, 49),
(5240, 'ดอนขุนห้วย', '', 657, 49),
(5241, 'นายาง', '', 657, 49),
(5242, 'บางเก่า', '', 657, 49),
(5243, 'ไร่ใหม่พัฒนา', '', 657, 49),
(5244, 'สามพระยา', '', 657, 49),
(5245, 'หนองศาลา', '', 657, 49),
(5246, 'ห้วยทรายเหนือ', '', 657, 49),
(5247, 'กลัดหลวง', '', 658, 49),
(5248, 'เขากระปุก', '', 658, 49),
(5249, 'ท่าคอย', '', 658, 49),
(5250, 'ท่าไม้รวก', '', 658, 49),
(5251, 'ท่ายาง', '', 658, 49),
(5252, 'ท่าแลง', '', 658, 49),
(5253, 'บ้านในดง', '', 658, 49),
(5254, 'ปึกเตียน', '', 658, 49),
(5255, 'มาบปลาเค้า', '', 658, 49),
(5256, 'ยางหย่อง', '', 658, 49),
(5257, 'วังไคร้', '', 658, 49),
(5258, 'หนองจอก', '', 658, 49),
(5259, 'ตำหรุ', '', 659, 49),
(5260, 'ถ้ำรงค์', '', 659, 49),
(5261, 'ท่าช้าง', '', 659, 49),
(5262, 'ท่าเสน', '', 659, 49),
(5263, 'บ้านทาน', '', 659, 49),
(5264, 'บ้านลาด', '', 659, 49),
(5265, 'บ้านหาด', '', 659, 49),
(5266, 'โรงเข้', '', 659, 49),
(5267, 'ไร่โคก', '', 659, 49),
(5268, 'ไร่มะขาม', '', 659, 49),
(5269, 'ไร่สะท้อน', '', 659, 49),
(5270, 'ลาดโพธิ์', '', 659, 49),
(5271, 'สมอพลือ', '', 659, 49),
(5272, 'สะพานไกร', '', 659, 49),
(5273, 'หนองกระเจ็ด', '', 659, 49),
(5274, 'หนองกะปุ', '', 659, 49),
(5275, 'ห้วยข้อง', '', 659, 49),
(5276, 'ห้วยลึก', '', 659, 49),
(5277, 'ท่าแร้ง', '', 660, 49),
(5278, 'ท่าแร้งออก', '', 660, 49),
(5279, 'บางแก้ว', '', 660, 49),
(5280, 'บางขุนไทร', '', 660, 49),
(5281, 'บางครก', '', 660, 49),
(5282, 'บางตะบูน', '', 660, 49),
(5283, 'บางตะบูนออก', '', 660, 49),
(5284, 'บ้านแหลม', '', 660, 49),
(5285, 'ปากทะเล', '', 660, 49),
(5286, 'แหลมผักเบี้ย', '', 660, 49),
(5287, 'คลองกระแชง', '', 661, 49),
(5288, 'ช่องสะแก', '', 661, 49),
(5289, 'ดอนยาง', '', 661, 49),
(5290, 'ต้นมะพร้าว', '', 661, 49),
(5291, 'ต้นมะม่วง', '', 661, 49),
(5292, 'ท่าราบ', '', 661, 49),
(5293, 'ธงชัย', '', 661, 49),
(5294, 'นาพันสาม', '', 661, 49),
(5295, 'นาวุ้ง', '', 661, 49),
(5296, 'บางจาก', '', 661, 49),
(5297, 'บางจาน', '', 661, 49),
(5298, 'บ้านกุ่ม', '', 661, 49),
(5299, 'บ้านหม้อ', '', 661, 49),
(5300, 'โพพระ', '', 661, 49),
(5301, 'โพไร่หวาน', '', 661, 49),
(5302, 'ไร่ส้ม', '', 661, 49),
(5303, 'วังตะโก', '', 661, 49),
(5304, 'เวียงคอย', '', 661, 49),
(5305, 'สำมะโรง', '', 661, 49),
(5306, 'หนองขนาน', '', 661, 49),
(5307, 'หนองพลับ', '', 661, 49),
(5308, 'หนองโสน', '', 661, 49),
(5309, 'หัวสะพาน', '', 661, 49),
(5310, 'หาดเจ้าสำราญ', '', 661, 49),
(5311, 'ท่าตะคร้อ', '', 662, 49),
(5312, 'ยางน้ำกลัดใต้', '', 662, 49),
(5313, 'ยางน้ำกลัดเหนือ', '', 662, 49),
(5314, 'หนองหญ้าปล้อง', '', 662, 49),
(5315, 'แก้มอ้น', '', 663, 50),
(5316, 'จอมบึง', '', 663, 50),
(5317, 'ด่านทับตะโก', '', 663, 50),
(5318, 'เบิกไพร', '', 663, 50),
(5319, 'ปากช่อง', '', 663, 50),
(5320, 'รางบัว', '', 663, 50),
(5321, 'ขุนพิทักษ์', '', 664, 50),
(5322, 'ดอนกรวย', '', 664, 50),
(5323, 'ดอนคลัง', '', 664, 50),
(5324, 'ดอนไผ่', '', 664, 50),
(5325, 'ดำเนินสะดวก', '', 664, 50),
(5326, 'ตาหลวง', '', 664, 50),
(5327, 'ท่านัด', '', 664, 50),
(5328, 'บัวงาม', '', 664, 50),
(5329, 'บ้านไร่', '', 664, 50),
(5330, 'ประสาทสิทธิ์', '', 664, 50),
(5331, 'แพงพวย', '', 664, 50),
(5332, 'ศรีสุราษฎร์', '', 664, 50),
(5333, 'สี่หมื่น', '', 664, 50),
(5334, 'ดอนคา', '', 665, 50),
(5335, 'ดอนใหญ่', '', 665, 50),
(5336, 'บางแพ', '', 665, 50),
(5337, 'โพหัก', '', 665, 50),
(5338, 'วังเย็น', '', 665, 50),
(5339, 'วัดแก้ว', '', 665, 50),
(5340, 'หัวโพ', '', 665, 50),
(5341, 'บ้านคา', '', 666, 50),
(5342, 'บ้านบึง', '', 666, 50),
(5343, 'หนองพันจันทร์', '', 666, 50),
(5344, 'กรับใหญ่', '', 667, 50),
(5345, 'เขาขลุง', '', 667, 50),
(5346, 'คุ้งพยอม', '', 667, 50),
(5347, 'ดอนกระเบื้อง', '', 667, 50),
(5348, 'ท่าผา', '', 667, 50),
(5349, 'นครชุมน์', '', 667, 50),
(5350, 'บ้านโป่ง', '', 667, 50),
(5351, 'บ้านม่วง', '', 667, 50),
(5352, 'เบิกไพร', '', 667, 50),
(5353, 'ปากแรต', '', 667, 50),
(5354, 'ลาดบัวขาว', '', 667, 50),
(5355, 'สวนกล้วย', '', 667, 50),
(5356, 'หนองกบ', '', 667, 50),
(5357, 'หนองปลาหมอ', '', 667, 50),
(5358, 'หนองอ้อ', '', 667, 50),
(5359, 'ดอนทราย', '', 668, 50),
(5360, 'ทุ่งหลวง', '', 668, 50),
(5361, 'บ่อกระดาน', '', 668, 50),
(5362, 'ปากท่อ', '', 668, 50),
(5363, 'ป่าไก่', '', 668, 50),
(5364, 'ยางหัก', '', 668, 50),
(5365, 'วังมะนาว', '', 668, 50),
(5366, 'วัดยางงาม', '', 668, 50),
(5367, 'วันดาว', '', 668, 50),
(5368, 'หนองกระทุ่ม', '', 668, 50),
(5369, 'ห้วยยางโทน', '', 668, 50),
(5370, 'อ่างหิน', '', 668, 50),
(5371, 'เขาชะงุ้ม', '', 669, 50),
(5372, 'คลองข่อย', '', 669, 50),
(5373, 'คลองตาคต', '', 669, 50),
(5374, 'เจ็ดเสมียน', '', 669, 50),
(5375, 'ชำแระ', '', 669, 50),
(5376, 'ดอนกระเบื้อง', '', 669, 50),
(5377, 'ดอนทราย', '', 669, 50),
(5378, 'เตาปูน', '', 669, 50),
(5379, 'ท่าชุมพล', '', 669, 50),
(5380, 'ธรรมเสน', '', 669, 50),
(5381, 'นางแก้ว', '', 669, 50),
(5382, 'บางโตนด', '', 669, 50),
(5383, 'บ้านฆ้อง', '', 669, 50),
(5384, 'บ้านเลือก', '', 669, 50),
(5385, 'บ้านสิงห์', '', 669, 50),
(5386, 'โพธาราม', '', 669, 50),
(5387, 'สร้อยฟ้า', '', 669, 50),
(5388, 'หนองกวาง', '', 669, 50),
(5389, 'หนองโพ', '', 669, 50),
(5390, 'เกาะพลับพลา', '', 670, 50),
(5391, 'เขาแร้ง', '', 670, 50),
(5392, 'คุ้งกระถิน', '', 670, 50),
(5393, 'คุ้งน้ำวน', '', 670, 50),
(5394, 'คูบัว', '', 670, 50),
(5395, 'โคกหม้อ', '', 670, 50),
(5396, 'เจดีย์หัก', '', 670, 50),
(5397, 'ดอนตะโก', '', 670, 50),
(5398, 'ดอนแร่', '', 670, 50),
(5399, 'ท่าราบ', '', 670, 50),
(5400, 'น้ำพุ', '', 670, 50),
(5401, 'บางป่า', '', 670, 50),
(5402, 'บ้านไร่', '', 670, 50),
(5403, 'พงสวาย', '', 670, 50),
(5404, 'พิกุลทอง', '', 670, 50),
(5405, 'สามเรือน', '', 670, 50),
(5406, 'หนองกลางนา', '', 670, 50),
(5407, 'หน้าเมือง', '', 670, 50),
(5408, 'หลุมดิน', '', 670, 50),
(5409, 'ห้วยไผ่', '', 670, 50),
(5410, 'หินกอง', '', 670, 50),
(5411, 'อ่างทอง', '', 670, 50),
(5412, 'เกาะศาลพระ', '', 671, 50),
(5413, 'จอมประทัด', '', 671, 50),
(5414, 'วัดเพลง', '', 671, 50),
(5415, 'ตะนาวศรี', '', 672, 50),
(5416, 'ท่าเคย', '', 672, 50),
(5417, 'ป่าหวาย', '', 672, 50),
(5418, 'สวนผึ้ง', '', 672, 50),
(5419, 'โคกเจริญ', '', 673, 51),
(5420, 'โคกแสมสาร', '', 673, 51),
(5421, 'ยางราก', '', 673, 51),
(5422, 'วังทอง', '', 673, 51),
(5423, 'หนองมะค่า', '', 673, 51),
(5424, 'เกาะแก้ว', '', 674, 51),
(5425, 'คลองเกตุ', '', 674, 51),
(5426, 'โคกสำโรง', '', 674, 51),
(5427, 'ดงมะรุม', '', 674, 51),
(5428, 'ถลุงเหล็ก', '', 674, 51),
(5429, 'เพนียด', '', 674, 51),
(5430, 'วังขอนขว้าง', '', 674, 51),
(5431, 'วังจั่น', '', 674, 51),
(5432, 'วังเพลิง', '', 674, 51),
(5433, 'สะแกราบ', '', 674, 51),
(5434, 'หนองแขม', '', 674, 51),
(5435, 'หลุมข้าว', '', 674, 51),
(5436, 'ห้วยโป่ง', '', 674, 51),
(5437, 'เกาะรัง', '', 675, 51),
(5438, 'เขาแหลม', '', 675, 51),
(5439, 'ชัยนารายณ์', '', 675, 51),
(5440, 'ชัยบาดาล', '', 675, 51),
(5441, 'ซับตะเคียน', '', 675, 51),
(5442, 'ท่าดินดำ', '', 675, 51),
(5443, 'ท่ามะนาว', '', 675, 51),
(5444, 'นาโสม', '', 675, 51),
(5445, 'นิคมลำนารายณ์', '', 675, 51),
(5446, 'บัวชุม', '', 675, 51),
(5447, 'บ้านใหม่สามัคคี', '', 675, 51),
(5448, 'ม่วงค่อม', '', 675, 51),
(5449, 'มะกอกหวาน', '', 675, 51),
(5450, 'ลำนารายณ์', '', 675, 51),
(5451, 'ศิลาทิพย์', '', 675, 51),
(5452, 'หนองยายโต๊ะ', '', 675, 51),
(5453, 'ห้วยหิน', '', 675, 51),
(5454, 'เขาสมอคอน', '', 676, 51),
(5455, 'โคกสลุด', '', 676, 51),
(5456, 'ท่าวุ้ง', '', 676, 51),
(5457, 'บางคู้', '', 676, 51),
(5458, 'บางงา', '', 676, 51),
(5459, 'บางลี่', '', 676, 51),
(5460, 'บ้านเบิก', '', 676, 51),
(5461, 'โพตลาดแก้ว', '', 676, 51),
(5462, 'มุจลินท์', '', 676, 51),
(5463, 'ลาดสาลี่', '', 676, 51),
(5464, 'หัวสำโรง', '', 676, 51),
(5465, 'แก่งผักกูด', '', 677, 51),
(5466, 'ซับจำปา', '', 677, 51),
(5467, 'ทะเลวังวัด', '', 677, 51),
(5468, 'ท่าหลวง', '', 677, 51),
(5469, 'หนองผักแว่น', '', 677, 51),
(5470, 'หัวลำ', '', 677, 51),
(5471, 'ชอนม่วง', '', 678, 51),
(5472, 'เชียงงา', '', 678, 51),
(5473, 'ดงพลับ', '', 678, 51),
(5474, 'ดอนดึง', '', 678, 51),
(5475, 'บางกระพี้', '', 678, 51),
(5476, 'บางขาม', '', 678, 51),
(5477, 'บางพึ่ง', '', 678, 51),
(5478, 'บ้านกล้วย', '', 678, 51),
(5479, 'บ้านชี', '', 678, 51),
(5480, 'บ้านทราย', '', 678, 51),
(5481, 'บ้านหมี่', '', 678, 51),
(5482, 'ไผ่ใหญ่', '', 678, 51),
(5483, 'พุคา', '', 678, 51),
(5484, 'โพนทอง', '', 678, 51),
(5485, 'มหาสอน', '', 678, 51),
(5486, 'สนามแจง', '', 678, 51),
(5487, 'สายห้วยแก้ว', '', 678, 51),
(5488, 'หนองกระเบียน', '', 678, 51),
(5489, 'หนองเต่า', '', 678, 51),
(5490, 'หนองทรายขาว', '', 678, 51),
(5491, 'หนองเมือง', '', 678, 51),
(5492, 'หินปัก', '', 678, 51),
(5493, 'โคกสลุง', '', 679, 51),
(5494, 'ช่องสาริกา', '', 679, 51),
(5495, 'ชอนน้อย', '', 679, 51),
(5496, 'ดีลัง', '', 679, 51),
(5497, 'น้ำสุด', '', 679, 51),
(5498, 'พัฒนานิคม', '', 679, 51),
(5499, 'มะนาวหวาน', '', 679, 51),
(5500, 'หนองบัว', '', 679, 51),
(5501, 'ห้วยขุนราม', '', 679, 51),
(5502, 'กกโก', '', 680, 51),
(5503, 'โก่งธนู', '', 680, 51),
(5504, 'เขาพระงาม', '', 680, 51),
(5505, 'เขาสามยอด', '', 680, 51),
(5506, 'โคกกระเทียม', '', 680, 51),
(5507, 'โคกตูม', '', 680, 51),
(5508, 'โคกลำพาน', '', 680, 51),
(5509, 'งิ้วราย', '', 680, 51),
(5510, 'ดอนโพธิ์', '', 680, 51),
(5511, 'ตะลุง', '', 680, 51),
(5512, 'ถนนใหญ่', '', 680, 51),
(5513, 'ทะเลชุบศร', '', 680, 51),
(5514, 'ท้ายตลาด', '', 680, 51),
(5515, 'ท่าศาลา', '', 680, 51),
(5516, 'ท่าหิน', '', 680, 51),
(5517, 'นิคมสร้างตนเอง', '', 680, 51),
(5518, 'บางขันหมาก', '', 680, 51),
(5519, 'บ้านข่อย', '', 680, 51),
(5520, 'ป่าตาล', '', 680, 51),
(5521, 'พรหมมาสตร์', '', 680, 51),
(5522, 'โพธิ์เก้าต้น', '', 680, 51),
(5523, 'โพธิ์ตรุ', '', 680, 51),
(5524, 'สี่คลอง', '', 680, 51),
(5525, 'กุดตาเพชร', '', 681, 51),
(5526, 'เขาน้อย', '', 681, 51),
(5527, 'เขารวก', '', 681, 51),
(5528, 'ซับสมบูรณ์', '', 681, 51),
(5529, 'ลำสนธิ', '', 681, 51),
(5530, 'หนองรี', '', 681, 51),
(5531, 'ทุ่งท่าช้าง', '', 682, 51),
(5532, 'นิยมชัย', '', 682, 51),
(5533, 'มหาโพธิ', '', 682, 51),
(5534, 'สระโบสถ์', '', 682, 51),
(5535, 'ห้วยใหญ่', '', 682, 51),
(5536, 'ชอนสมบูรณ์', '', 683, 51),
(5537, 'ชอนสารเดช', '', 683, 51),
(5538, 'ดงดินแดง', '', 683, 51),
(5539, 'บ่อทอง', '', 683, 51),
(5540, 'ยางโทน', '', 683, 51),
(5541, 'หนองม่วง', '', 683, 51),
(5542, 'คลองด่าน', '', 684, 52),
(5543, 'คลองนิยมยาตรา', '', 684, 52),
(5544, 'คลองสวน', '', 684, 52),
(5545, 'บางบ่อ', '', 684, 52),
(5546, 'บางพลีน้อย', '', 684, 52),
(5547, 'บางเพรียง', '', 684, 52),
(5548, 'บ้านระกาศ', '', 684, 52),
(5549, 'เปร็ง', '', 684, 52),
(5550, 'บางแก้ว', '', 685, 52),
(5551, 'บางโฉลง', '', 685, 52),
(5552, 'บางปลา', '', 685, 52),
(5553, 'บางพลีใหญ่', '', 685, 52),
(5554, 'ราชาเทวะ', '', 685, 52),
(5555, 'หนองปรือ', '', 685, 52),
(5556, 'บางเสาธง', '', 686, 52),
(5557, 'ศีรษะจรเข้น้อย', '', 686, 52),
(5558, 'ศีรษะจรเข้ใหญ่', '', 686, 52),
(5559, 'ตลาด', '', 687, 52),
(5560, 'ทรงคนอง', '', 687, 52),
(5561, 'บางกระเจ้า', '', 687, 52),
(5562, 'บางกระสอบ', '', 687, 52),
(5563, 'บางกอบัว', '', 687, 52),
(5564, 'บางครุ', '', 687, 52),
(5565, 'บางจาก', '', 687, 52),
(5566, 'บางน้ำผึ้ง', '', 687, 52),
(5567, 'บางพึ่ง', '', 687, 52),
(5568, 'บางยอ', '', 687, 52),
(5569, 'บางหญ้าแพรก', '', 687, 52),
(5570, 'บางหัวเสือ', '', 687, 52),
(5571, 'สำโรง', '', 687, 52),
(5572, 'สำโรงกลาง', '', 687, 52),
(5573, 'สำโรงใต้', '', 687, 52),
(5574, 'นาเกลือ', '', 688, 52),
(5575, 'ในคลองบางปลากด', '', 688, 52),
(5576, 'บ้านคลองสวน', '', 688, 52),
(5577, 'ปากคลองบางปลากด', '', 688, 52),
(5578, 'แหลมฟ้าผ่า', '', 688, 52),
(5579, 'ท้ายบ้าน', '', 689, 52),
(5580, 'ท้ายบ้านใหม่', '', 689, 52),
(5581, 'เทพารักษ์', '', 689, 52),
(5582, 'บางด้วน', '', 689, 52),
(5583, 'บางปู', '', 689, 52),
(5584, 'บางปูใหม่', '', 689, 52),
(5585, 'บางโปรง', '', 689, 52),
(5586, 'บางเมือง', '', 689, 52),
(5587, 'บางเมืองใหม่', '', 689, 52),
(5588, 'ปากน้ำ', '', 689, 52),
(5589, 'แพรกษา', '', 689, 52),
(5590, 'แพรกษาใหม่', '', 689, 52),
(5591, 'สำโรงเหนือ', '', 689, 52),
(5592, 'กระดังงา', '', 690, 53),
(5593, 'จอมปลวก', '', 690, 53),
(5594, 'ดอนมะโนรา', '', 690, 53),
(5595, 'บางกระบือ', '', 690, 53),
(5596, 'บางกุ้ง', '', 690, 53),
(5597, 'บางคนที', '', 690, 53),
(5598, 'บางนกแขวก', '', 690, 53),
(5599, 'บางพรม', '', 690, 53),
(5600, 'บางยี่รงค์', '', 690, 53),
(5601, 'บางสะแก', '', 690, 53),
(5602, 'บ้านปราโมทย์', '', 690, 53),
(5603, 'ยายแพง', '', 690, 53),
(5604, 'โรงหีบ', '', 690, 53),
(5605, 'คลองเขิน', '', 691, 53),
(5606, 'คลองโคน', '', 691, 53),
(5607, 'ท้ายหาด', '', 691, 53),
(5608, 'นางตะเคียน', '', 691, 53),
(5609, 'บางแก้ว', '', 691, 53),
(5610, 'บางขันแตก', '', 691, 53),
(5611, 'บางจะเกร็ง', '', 691, 53),
(5612, 'บ้านปรก', '', 691, 53),
(5613, 'แม่กลอง', '', 691, 53),
(5614, 'ลาดใหญ่', '', 691, 53),
(5615, 'แหลมใหญ่', '', 691, 53),
(5616, 'แควอ้อม', '', 692, 53),
(5617, 'ท่าคา', '', 692, 53),
(5618, 'บางแค', '', 692, 53),
(5619, 'บางช้าง', '', 692, 53),
(5620, 'บางนางลี่', '', 692, 53),
(5621, 'ปลายโพงพาง', '', 692, 53),
(5622, 'แพรกหนามแดง', '', 692, 53),
(5623, 'ยี่สาร', '', 692, 53),
(5624, 'วัดประดู่', '', 692, 53),
(5625, 'สวนหลวง', '', 692, 53),
(5626, 'เหมืองใหม่', '', 692, 53),
(5627, 'อัมพวา', '', 692, 53),
(5628, 'คลองมะเดื่อ', '', 693, 54),
(5629, 'แคราย', '', 693, 54),
(5630, 'ดอนไก่ดี', '', 693, 54),
(5631, 'ตลาดกระทุ่มแบน', '', 693, 54),
(5632, 'ท่าไม้', '', 693, 54),
(5633, 'ท่าเสา', '', 693, 54),
(5634, 'บางยาง', '', 693, 54),
(5635, 'สวนหลวง', '', 693, 54),
(5636, 'หนองนกไข่', '', 693, 54),
(5637, 'อ้อมน้อย', '', 693, 54),
(5638, 'เกษตรพัฒนา', '', 694, 54),
(5639, 'คลองตัน', '', 694, 54),
(5640, 'เจ็ดริ้ว', '', 694, 54),
(5641, 'บ้านแพ้ว', '', 694, 54),
(5642, 'ยกกระบัตร', '', 694, 54),
(5643, 'สวนส้ม', '', 694, 54),
(5644, 'หนองบัว', '', 694, 54),
(5645, 'หลักสอง', '', 694, 54),
(5646, 'หลักสาม', '', 694, 54),
(5647, 'อำแพง', '', 694, 54),
(5648, 'กาหลง', '', 695, 54),
(5649, 'โกรกกราก', '', 695, 54),
(5650, 'คอกกระบือ', '', 695, 54),
(5651, 'โคกขาม', '', 695, 54),
(5652, 'ชัยมงคล', '', 695, 54),
(5653, 'ท่าจีน', '', 695, 54),
(5654, 'ท่าฉลอม', '', 695, 54),
(5655, 'ท่าทราย', '', 695, 54),
(5656, 'นาโคก', '', 695, 54),
(5657, 'นาดี', '', 695, 54),
(5658, 'บางกระเจ้า', '', 695, 54),
(5659, 'บางโทรัด', '', 695, 54),
(5660, 'บางน้ำจืด', '', 695, 54),
(5661, 'บางหญ้าแพรก', '', 695, 54),
(5662, 'บ้านเกาะ', '', 695, 54),
(5663, 'บ้านบ่อ', '', 695, 54),
(5664, 'พันท้ายนรสิงห์', '', 695, 54),
(5665, 'มหาชัย', '', 695, 54),
(5666, 'เขาฉกรรจ์', '', 696, 55),
(5667, 'เขาสามสิบ', '', 696, 55),
(5668, 'พระเพลิง', '', 696, 55),
(5669, 'หนองหว้า', '', 696, 55),
(5670, 'คลองไก่เถื่อน', '', 697, 55),
(5671, 'คลองหาด', '', 697, 55),
(5672, 'ซับมะกรูด', '', 697, 55),
(5673, 'ไทยอุดม', '', 697, 55),
(5674, 'ไทรเดี่ยว', '', 697, 55),
(5675, 'ไทรทอง', '', 697, 55),
(5676, 'เบญจขร', '', 697, 55),
(5677, 'โคกสูง', '', 698, 55),
(5678, 'โนนหมากมุ่น', '', 698, 55),
(5679, 'หนองม่วง', '', 698, 55),
(5680, 'หนองแวง', '', 698, 55),
(5681, 'โคคลาน', '', 699, 55),
(5682, 'ตาพระยา', '', 699, 55),
(5683, 'ทัพไทย', '', 699, 55),
(5684, 'ทัพราช', '', 699, 55),
(5685, 'ทัพเสด็จ', '', 699, 55),
(5686, 'โคกปี่ฆ้อง', '', 700, 55),
(5687, 'ท่าเกษม', '', 700, 55),
(5688, 'ท่าแยก', '', 700, 55),
(5689, 'บ้านแก้ง', '', 700, 55),
(5690, 'ศาลาลำดวน', '', 700, 55),
(5691, 'สระแก้ว', '', 700, 55),
(5692, 'สระขวัญ', '', 700, 55),
(5693, 'หนองบอน', '', 700, 55),
(5694, 'คลองหินปูน', '', 701, 55),
(5695, 'ตาหลังใน', '', 701, 55),
(5696, 'ทุ่งมหาเจริญ', '', 701, 55),
(5697, 'วังน้ำเย็น', '', 701, 55),
(5698, 'วังทอง', '', 702, 55),
(5699, 'วังสมบูรณ์', '', 702, 55),
(5700, 'ช่องกุ่ม', '', 703, 55),
(5701, 'แซร์ออ', '', 703, 55),
(5702, 'ท่าเกวียน', '', 703, 55),
(5703, 'โนนหมากเค็ง', '', 703, 55),
(5704, 'ผักขะ', '', 703, 55),
(5705, 'วัฒนานคร', '', 703, 55),
(5706, 'หนองตะเคียนบอน', '', 703, 55),
(5707, 'หนองน้ำใส', '', 703, 55),
(5708, 'หนองแวง', '', 703, 55),
(5709, 'หนองหมากฝ้าย', '', 703, 55),
(5710, 'ห้วยโจด', '', 703, 55),
(5711, 'คลองทับจันทร์', '', 704, 55),
(5712, 'คลองน้ำใส', '', 704, 55),
(5713, 'ทับพริก', '', 704, 55),
(5714, 'ท่าข้าม', '', 704, 55),
(5715, 'บ้านด่าน', '', 704, 55),
(5716, 'บ้านใหม่หนองไทร', '', 704, 55),
(5717, 'ป่าไร่', '', 704, 55),
(5718, 'ผ่านศึก', '', 704, 55),
(5719, 'ฟากห้วย', '', 704, 55),
(5720, 'เมืองไผ่', '', 704, 55),
(5721, 'หนองสังข์', '', 704, 55),
(5722, 'หันทราย', '', 704, 55),
(5723, 'อรัญประเทศ', '', 704, 55),
(5724, 'แก่งคอย', '', 705, 56),
(5725, 'ชะอม', '', 705, 56),
(5726, 'ชำผักแพว', '', 705, 56),
(5727, 'ตาลเดี่ยว', '', 705, 56),
(5728, 'เตาปูน', '', 705, 56),
(5729, 'ทับกวาง', '', 705, 56),
(5730, 'ท่าคล้อ', '', 705, 56),
(5731, 'ท่าตูม', '', 705, 56),
(5732, 'ท่ามะปราง', '', 705, 56),
(5733, 'บ้านธาตุ', '', 705, 56),
(5734, 'บ้านป่า', '', 705, 56),
(5735, 'สองคอน', '', 705, 56),
(5736, 'ห้วยแห้ง', '', 705, 56),
(5737, 'หินซ้อน', '', 705, 56),
(5738, 'เขาดินพัฒนา', '', 706, 56),
(5739, 'บ้านแก้ง', '', 706, 56),
(5740, 'ผึ้งรวง', '', 706, 56),
(5741, 'พุแค', '', 706, 56),
(5742, 'หน้าพระลาน', '', 706, 56),
(5743, 'ห้วยบง', '', 706, 56),
(5744, 'ดงตะงาว', '', 707, 56),
(5745, 'ดอนพุด', '', 707, 56),
(5746, 'บ้านหลวง', '', 707, 56),
(5747, 'ไผ่หลิ่ว', '', 707, 56),
(5748, 'โคกใหญ่', '', 708, 56),
(5749, 'ตลาดน้อย', '', 708, 56),
(5750, 'บ้านครัว', '', 708, 56),
(5751, 'บ้านหมอ', '', 708, 56),
(5752, 'ไผ่ขวาง', '', 708, 56),
(5753, 'สร่างโศก', '', 708, 56),
(5754, 'หนองบัว', '', 708, 56),
(5755, 'หรเทพ', '', 708, 56),
(5756, 'ขุนโขลน', '', 709, 56),
(5757, 'เขาวง', '', 709, 56),
(5758, 'ธารเกษม', '', 709, 56),
(5759, 'นายาว', '', 709, 56),
(5760, 'พระพุทธบาท', '', 709, 56),
(5761, 'พุกร่าง', '', 709, 56),
(5762, 'พุคำจาน', '', 709, 56),
(5763, 'หนองแก', '', 709, 56),
(5764, 'ห้วยป่าหวาย', '', 709, 56),
(5765, 'ซับสนุ่น', '', 710, 56),
(5766, 'มวกเหล็ก', '', 710, 56),
(5767, 'มิตรภาพ', '', 710, 56),
(5768, 'ลำพญากลาง', '', 710, 56),
(5769, 'ลำสมพุง', '', 710, 56),
(5770, 'หนองย่างเสือ', '', 710, 56),
(5771, 'กุดนกเปล้า', '', 711, 56),
(5772, 'โคกสว่าง', '', 711, 56),
(5773, 'ดาวเรือง', '', 711, 56),
(5774, 'ตลิ่งชัน', '', 711, 56),
(5775, 'ตะกุด', '', 711, 56),
(5776, 'นาโฉง', '', 711, 56),
(5777, 'ปากข้าวสาร', '', 711, 56),
(5778, 'ปากเพรียว', '', 711, 56),
(5779, 'หนองโน', '', 711, 56),
(5780, 'หนองปลาไหล', '', 711, 56),
(5781, 'หนองยาว', '', 711, 56),
(5782, 'คำพราน', '', 712, 56),
(5783, 'วังม่วง', '', 712, 56),
(5784, 'แสลงพัน', '', 712, 56),
(5785, 'คลองเรือ', '', 713, 56),
(5786, 'เจริญธรรม', '', 713, 56),
(5787, 'บ้านลำ', '', 713, 56),
(5788, 'วิหารแดง', '', 713, 56),
(5789, 'หนองสรวง', '', 713, 56),
(5790, 'หนองหมู', '', 713, 56),
(5791, 'งิ้วงาม', '', 714, 56),
(5792, 'ต้นตาล', '', 714, 56),
(5793, 'ท่าช้าง', '', 714, 56),
(5794, 'บ้านยาง', '', 714, 56),
(5795, 'พระยาทด', '', 714, 56),
(5796, 'ม่วงงาม', '', 714, 56),
(5797, 'เมืองเก่า', '', 714, 56),
(5798, 'เริงราง', '', 714, 56),
(5799, 'ศาลารีไทย', '', 714, 56),
(5800, 'สวนดอกไม้', '', 714, 56),
(5801, 'เสาไห้', '', 714, 56),
(5802, 'หัวปลวก', '', 714, 56),
(5803, 'กุ่มหัก', '', 715, 56),
(5804, 'คชสิทธิ์', '', 715, 56),
(5805, 'โคกตูม', '', 715, 56),
(5806, 'โคกแย้', '', 715, 56),
(5807, 'บัวลอย', '', 715, 56),
(5808, 'ไผ่ต่ำ', '', 715, 56),
(5809, 'โพนทอง', '', 715, 56),
(5810, 'หนองแขม', '', 715, 56),
(5811, 'หนองไข่น้ำ', '', 715, 56),
(5812, 'หนองแค', '', 715, 56),
(5813, 'หนองจรเข้', '', 715, 56),
(5814, 'หนองจิก', '', 715, 56),
(5815, 'หนองนาก', '', 715, 56),
(5816, 'หนองปลาหมอ', '', 715, 56),
(5817, 'หนองปลิง', '', 715, 56),
(5818, 'หนองโรง', '', 715, 56),
(5819, 'ห้วยขมิ้น', '', 715, 56),
(5820, 'ห้วยทราย', '', 715, 56),
(5821, 'ไก่เส่า', '', 716, 56),
(5822, 'เขาดิน', '', 716, 56),
(5823, 'โคกสะอาด', '', 716, 56),
(5824, 'ม่วงหวาน', '', 716, 56),
(5825, 'หนองกบ', '', 716, 56),
(5826, 'หนองควายโซ', '', 716, 56),
(5827, 'หนองแซง', '', 716, 56),
(5828, 'หนองสีดา', '', 716, 56),
(5829, 'หนองหัวโพ', '', 716, 56),
(5830, 'ดอนทอง', '', 717, 56),
(5831, 'บ้านกลับ', '', 717, 56),
(5832, 'บ้านโปร่ง', '', 717, 56),
(5833, 'หนองโดน', '', 717, 56),
(5834, 'คอทราย', '', 718, 57),
(5835, 'ท่าข้าม', '', 718, 57),
(5836, 'บางระจัน', '', 718, 57),
(5837, 'โพทะเล', '', 718, 57),
(5838, 'โพสังโฆ', '', 718, 57),
(5839, 'หนองกระทุ่ม', '', 718, 57),
(5840, 'ถอนสมอ', '', 719, 57),
(5841, 'พิกุลทอง', '', 719, 57),
(5842, 'โพประจักษ์', '', 719, 57),
(5843, 'วิหารขาว', '', 719, 57),
(5844, 'เชิงกลัด', '', 720, 57),
(5845, 'บ้านจ่า', '', 720, 57),
(5846, 'พักทัน', '', 720, 57),
(5847, 'โพชนไก่', '', 720, 57),
(5848, 'แม่ลา', '', 720, 57),
(5849, 'ไม้ดัด', '', 720, 57),
(5850, 'สระแจง', '', 720, 57),
(5851, 'สิงห์', '', 720, 57),
(5852, 'บางน้ำเชี่ยว', '', 721, 57),
(5853, 'บ้านแป้ง', '', 721, 57),
(5854, 'บ้านหม้อ', '', 721, 57),
(5855, 'พรหมบุรี', '', 721, 57),
(5856, 'พระงาม', '', 721, 57),
(5857, 'โรงช้าง', '', 721, 57),
(5858, 'หัวป่า', '', 721, 57),
(5859, 'จักรสีห์', '', 722, 57),
(5860, 'ต้นโพธิ์', '', 722, 57),
(5861, 'บางกระบือ', '', 722, 57),
(5862, 'บางพุทรา', '', 722, 57),
(5863, 'บางมัญ', '', 722, 57),
(5864, 'โพกรวม', '', 722, 57),
(5865, 'ม่วงหมู่', '', 722, 57),
(5866, 'หัวไผ่', '', 722, 57),
(5867, 'งิ้วราย', '', 723, 57),
(5868, 'ชีน้ำร้าย', '', 723, 57),
(5869, 'ทองเอน', '', 723, 57),
(5870, 'ทับยา', '', 723, 57),
(5871, 'ท่างาม', '', 723, 57),
(5872, 'น้ำตาล', '', 723, 57),
(5873, 'ประศุก', '', 723, 57),
(5874, 'โพธิ์ชัย', '', 723, 57),
(5875, 'ห้วยชัน', '', 723, 57),
(5876, 'อินทร์บุรี', '', 723, 57),
(5877, 'ดอนเจดีย์', '', 724, 58),
(5878, 'ทะเลบก', '', 724, 58),
(5879, 'ไร่รถ', '', 724, 58),
(5880, 'สระกระโจม', '', 724, 58),
(5881, 'หนองสาหร่าย', '', 724, 58),
(5882, 'ด่านช้าง', '', 725, 58),
(5883, 'นิคมกระเสียว', '', 725, 58),
(5884, 'วังคัน', '', 725, 58),
(5885, 'วังยาว', '', 725, 58),
(5886, 'หนองมะค่าโมง', '', 725, 58),
(5887, 'ห้วยขมิ้น', '', 725, 58),
(5888, 'องค์พระ', '', 725, 58),
(5889, 'เขาดิน', '', 726, 58),
(5890, 'เขาพระ', '', 726, 58),
(5891, 'โคกช้าง', '', 726, 58),
(5892, 'เดิมบาง', '', 726, 58),
(5893, 'ทุ่งคลี', '', 726, 58),
(5894, 'นางบวช', '', 726, 58),
(5895, 'บ่อกรุ', '', 726, 58),
(5896, 'ปากน้ำ', '', 726, 58),
(5897, 'ป่าสะแก', '', 726, 58),
(5898, 'ยางนอน', '', 726, 58),
(5899, 'วังศรีราช', '', 726, 58),
(5900, 'หนองกระทุ่ม', '', 726, 58),
(5901, 'หัวเขา', '', 726, 58),
(5902, 'หัวนา', '', 726, 58),
(5903, 'กฤษณา', '', 727, 58),
(5904, 'โคกคราม', '', 727, 58),
(5905, 'จรเข้ใหญ่', '', 727, 58),
(5906, 'ตะค่า', '', 727, 58),
(5907, 'บางปลาม้า', '', 727, 58),
(5908, 'บางใหญ่', '', 727, 58),
(5909, 'บ้านแหลม', '', 727, 58),
(5910, 'ไผ่กองดิน', '', 727, 58),
(5911, 'มะขามล้ม', '', 727, 58),
(5912, 'วังน้ำเย็น', '', 727, 58),
(5913, 'วัดดาว', '', 727, 58),
(5914, 'วัดโบสถ์', '', 727, 58),
(5915, 'สาลี', '', 727, 58),
(5916, 'องครักษ์', '', 727, 58),
(5917, 'โคกโคเฒ่า', '', 728, 58),
(5918, 'ดอนกำยาน', '', 728, 58),
(5919, 'ดอนตาล', '', 728, 58),
(5920, 'ดอนโพธิ์ทอง', '', 728, 58),
(5921, 'ดอนมะสังข์', '', 728, 58),
(5922, 'ตลิ่งชัน', '', 728, 58),
(5923, 'ทับตีเหล็ก', '', 728, 58),
(5924, 'ท่าพี่เลี้ยง', '', 728, 58),
(5925, 'ท่าระหัด', '', 728, 58),
(5926, 'บางกุ้ง', '', 728, 58),
(5927, 'บ้านโพธิ์', '', 728, 58),
(5928, 'ไผ่ขวาง', '', 728, 58),
(5929, 'พิหารแดง', '', 728, 58),
(5930, 'โพธิ์พระยา', '', 728, 58),
(5931, 'รั้วใหญ่', '', 728, 58),
(5932, 'ศาลาขาว', '', 728, 58),
(5933, 'สนามคลี', '', 728, 58),
(5934, 'สนามชัย', '', 728, 58),
(5935, 'สระแก้ว', '', 728, 58),
(5936, 'สวนแตง', '', 728, 58),
(5937, 'ดอนปรู', '', 729, 58),
(5938, 'บางงาม', '', 729, 58),
(5939, 'บ้านกร่าง', '', 729, 58),
(5940, 'ปลายนา', '', 729, 58),
(5941, 'มดแดง', '', 729, 58),
(5942, 'วังน้ำซับ', '', 729, 58),
(5943, 'วังยาง', '', 729, 58),
(5944, 'วังหว้า', '', 729, 58),
(5945, 'ศรีประจันต์', '', 729, 58),
(5946, 'ดอนมะนาว', '', 730, 58),
(5947, 'ต้นตาล', '', 730, 58),
(5948, 'ทุ่งคอก', '', 730, 58),
(5949, 'เนินพระปรางค์', '', 730, 58),
(5950, 'บ่อสุพรรณ', '', 730, 58),
(5951, 'บางตะเคียน', '', 730, 58),
(5952, 'บางตาเถร', '', 730, 58),
(5953, 'บางพลับ', '', 730, 58),
(5954, 'บางเลน', '', 730, 58),
(5955, 'บ้านกุ่ม', '', 730, 58),
(5956, 'บ้านช้าง', '', 730, 58),
(5957, 'ศรีสำราญ', '', 730, 58),
(5958, 'สองพี่น้อง', '', 730, 58),
(5959, 'หนองบ่อ', '', 730, 58),
(5960, 'หัวโพธิ์', '', 730, 58),
(5961, 'กระเสียว', '', 731, 58),
(5962, 'บ้านสระ', '', 731, 58),
(5963, 'ย่านยาว', '', 731, 58),
(5964, 'วังลึก', '', 731, 58),
(5965, 'สามชุก', '', 731, 58),
(5966, 'หนองผักนาก', '', 731, 58),
(5967, 'หนองสะเดา', '', 731, 58),
(5968, 'แจงงาม', '', 732, 58),
(5969, 'ทัพหลวง', '', 732, 58),
(5970, 'หนองขาม', '', 732, 58),
(5971, 'หนองโพธิ์', '', 732, 58),
(5972, 'หนองราชวัตร', '', 732, 58),
(5973, 'หนองหญ้าไซ', '', 732, 58),
(5974, 'กระจัน', '', 733, 58),
(5975, 'จรเข้สามพัน', '', 733, 58),
(5976, 'เจดีย์', '', 733, 58),
(5977, 'ดอนคา', '', 733, 58),
(5978, 'ดอนมะเกลือ', '', 733, 58),
(5979, 'บ้านโข้ง', '', 733, 58),
(5980, 'บ้านดอน', '', 733, 58),
(5981, 'พลับพลาไชย', '', 733, 58),
(5982, 'ยุ้งทะลาย', '', 733, 58),
(5983, 'สระพังลาน', '', 733, 58),
(5984, 'สระยายโสม', '', 733, 58),
(5985, 'หนองโอ่ง', '', 733, 58),
(5986, 'อู่ทอง', '', 733, 58),
(5987, 'จรเข้ร้อง', '', 734, 59),
(5988, 'ชะไว', '', 734, 59),
(5989, 'ชัยฤทธิ์', '', 734, 59),
(5990, 'ไชยภูมิ', '', 734, 59),
(5991, 'ไชโย', '', 734, 59),
(5992, 'ตรีณรงค์', '', 734, 59),
(5993, 'เทวราช', '', 734, 59),
(5994, 'ราชสถิตย์', '', 734, 59),
(5995, 'หลักฟ้า', '', 734, 59),
(5996, 'นรสิงห์', '', 735, 59),
(5997, 'บางปลากด', '', 735, 59),
(5998, 'บางเสด็จ', '', 735, 59),
(5999, 'ป่าโมก', '', 735, 59),
(6000, 'โผงเผง', '', 735, 59),
(6001, 'โรงช้าง', '', 735, 59),
(6002, 'สายทอง', '', 735, 59),
(6003, 'เอกราช', '', 735, 59),
(6004, 'คำหยาด', '', 736, 59),
(6005, 'โคกพุทรา', '', 736, 59),
(6006, 'ทางพระ', '', 736, 59),
(6007, 'บ่อแร่', '', 736, 59),
(6008, 'บางเจ้าฉ่า', '', 736, 59),
(6009, 'บางพลับ', '', 736, 59),
(6010, 'บางระกำ', '', 736, 59),
(6011, 'โพธิ์รังนก', '', 736, 59),
(6012, 'ยางซ้าย', '', 736, 59),
(6013, 'รำมะสัก', '', 736, 59),
(6014, 'สามง่าม', '', 736, 59),
(6015, 'หนองแม่ไก่', '', 736, 59),
(6016, 'องครักษ์', '', 736, 59),
(6017, 'อ่างแก้ว', '', 736, 59),
(6018, 'อินทประมูล', '', 736, 59),
(6019, 'คลองวัว', '', 737, 59),
(6020, 'จำปาหล่อ', '', 737, 59),
(6021, 'ตลาดกรวด', '', 737, 59),
(6022, 'ตลาดหลวง', '', 737, 59),
(6023, 'บางแก้ว', '', 737, 59),
(6024, 'บ้านรี', '', 737, 59),
(6025, 'บ้านแห', '', 737, 59),
(6026, 'บ้านอิฐ', '', 737, 59),
(6027, 'ป่างิ้ว', '', 737, 59),
(6028, 'โพสะ', '', 737, 59),
(6029, 'มหาดไทย', '', 737, 59),
(6030, 'ย่านซื่อ', '', 737, 59),
(6031, 'ศาลาแดง', '', 737, 59),
(6032, 'หัวไผ่', '', 737, 59),
(6033, 'คลองขนาก', '', 738, 59),
(6034, 'ตลาดใหม่', '', 738, 59),
(6035, 'ท่าช้าง', '', 738, 59),
(6036, 'บางจัก', '', 738, 59),
(6037, 'ไผ่จำศีล', '', 738, 59),
(6038, 'ไผ่ดำพัฒนา', '', 738, 59),
(6039, 'ไผ่วง', '', 738, 59),
(6040, 'ม่วงเตี้ย', '', 738, 59),
(6041, 'ยี่ล้น', '', 738, 59),
(6042, 'ศาลเจ้าโรงทอง', '', 738, 59),
(6043, 'สาวร้องไห้', '', 738, 59),
(6044, 'สี่ร้อย', '', 738, 59),
(6045, 'หลักแก้ว', '', 738, 59),
(6046, 'ห้วยคันแหลน', '', 738, 59),
(6047, 'หัวตะพาน', '', 738, 59),
(6048, 'โพธิ์ม่วงพันธ์', '', 739, 59),
(6049, 'มงคลธรรมนิมิต', '', 739, 59),
(6050, 'ราษฎรพัฒนา', '', 739, 59),
(6051, 'สามโก้', '', 739, 59),
(6052, 'อบทม', '', 739, 59),
(6053, 'จำลอง', '', 740, 59),
(6054, 'บ้านพราน', '', 740, 59),
(6055, 'วังน้ำเย็น', '', 740, 59),
(6056, 'ศรีพราน', '', 740, 59),
(6057, 'สีบัวทอง', '', 740, 59),
(6058, 'แสวงหา', '', 740, 59),
(6059, 'ห้วยไผ่', '', 740, 59),
(6060, 'แก่งหางแมว', '', 741, 60),
(6061, 'ขุนซ่อง', '', 741, 60),
(6062, 'เขาวงกต', '', 741, 60),
(6063, 'พวา', '', 741, 60),
(6064, 'สามพี่น้อง', '', 741, 60),
(6065, 'เกวียนหัก', '', 742, 60),
(6066, 'ขลุง', '', 742, 60),
(6067, 'ซึ้ง', '', 742, 60),
(6068, 'ตกพรม', '', 742, 60),
(6069, 'ตรอกนอง', '', 742, 60),
(6070, 'ตะปอน', '', 742, 60),
(6071, 'บ่อ', '', 742, 60),
(6072, 'บ่อเวฬุ', '', 742, 60),
(6073, 'บางชัน', '', 742, 60),
(6074, 'มาบไพ', '', 742, 60),
(6075, 'วังสรรพรส', '', 742, 60),
(6076, 'วันยาว', '', 742, 60),
(6077, 'คลองพลู', '', 743, 60),
(6078, 'จันทเขลม', '', 743, 60),
(6079, 'ชากไทย', '', 743, 60),
(6080, 'ตะเคียนทอง', '', 743, 60),
(6081, 'พลวง', '', 743, 60),
(6082, 'เขาแก้ว', '', 744, 60),
(6083, 'เขาบายศรี', '', 744, 60),
(6084, 'เขาวัว', '', 744, 60),
(6085, 'โขมง', '', 744, 60),
(6086, 'คลองขุด', '', 744, 60),
(6087, 'ตะกาดเง้า', '', 744, 60),
(6088, 'ท่าใหม่', '', 744, 60),
(6089, 'ทุ่งเบญจา', '', 744, 60),
(6090, 'บ่อพุ', '', 744, 60),
(6091, 'พลอยแหวน', '', 744, 60),
(6092, 'ยายร้า', '', 744, 60),
(6093, 'รำพัน', '', 744, 60),
(6094, 'สองพี่น้อง', '', 744, 60),
(6095, 'สีพยา', '', 744, 60),
(6096, 'กระแจะ', '', 745, 60),
(6097, 'ช้างข้าม', '', 745, 60),
(6098, 'นายายอาม', '', 745, 60),
(6099, 'วังโตนด', '', 745, 60),
(6100, 'วังใหม่', '', 745, 60),
(6101, 'สนามไชย', '', 745, 60),
(6102, 'คลองใหญ่', '', 746, 60),
(6103, 'ทับไทร', '', 746, 60),
(6104, 'เทพนิมิต', '', 746, 60),
(6105, 'โป่งน้ำร้อน', '', 746, 60),
(6106, 'หนองตาคง', '', 746, 60),
(6107, 'ฉมัน', '', 747, 60),
(6108, 'ท่าหลวง', '', 747, 60),
(6109, 'ปัถวี', '', 747, 60),
(6110, 'มะขาม', '', 747, 60),
(6111, 'วังแซ้ม', '', 747, 60),
(6112, 'อ่างคีรี', '', 747, 60),
(6113, 'เกาะขวาง', '', 748, 60),
(6114, 'คมบาง', '', 748, 60),
(6115, 'คลองนารายณ์', '', 748, 60),
(6116, 'จันทนิมิต', '', 748, 60),
(6117, 'ตลาด', '', 748, 60),
(6118, 'ท่าช้าง', '', 748, 60),
(6119, 'บางกะจะ', '', 748, 60),
(6120, 'พลับพลา', '', 748, 60),
(6121, 'วัดใหม่', '', 748, 60),
(6122, 'แสลง', '', 748, 60),
(6123, 'หนองบัว', '', 748, 60),
(6124, 'ทรายขาว', '', 749, 60),
(6125, 'ทับช้าง', '', 749, 60),
(6126, 'ทุ่งขนาน', '', 749, 60),
(6127, 'ปะตง', '', 749, 60),
(6128, 'สะตอน', '', 749, 60),
(6129, 'เกาะเปริด', '', 750, 60),
(6130, 'คลองน้ำเค็ม', '', 750, 60),
(6131, 'บางกะไชย', '', 750, 60),
(6132, 'บางสระเก้า', '', 750, 60),
(6133, 'ปากน้ำแหลมสิงห์', '', 750, 60),
(6134, 'พลิ้ว', '', 750, 60),
(6135, 'หนองชิ่ม', '', 750, 60),
(6136, 'เกาะจันทร์', '', 751, 61),
(6137, 'ท่าบุญมี', '', 751, 61),
(6138, 'ท่าเทววงษ์', '', 752, 61),
(6139, 'เกษตรสุวรรณ', '', 753, 61),
(6140, 'ธาตุทอง', '', 753, 61),
(6141, 'บ่อกวางทอง', '', 753, 61),
(6142, 'บ่อทอง', '', 753, 61),
(6143, 'พลวงทอง', '', 753, 61),
(6144, 'วัดสุวรรณ', '', 753, 61),
(6145, 'เขาไม้แก้ว', '', 754, 61),
(6146, 'ตะเคียนเตี้ย', '', 754, 61),
(6147, 'นาเกลือ', '', 754, 61),
(6148, 'บางละมุง', '', 754, 61),
(6149, 'โป่ง', '', 754, 61),
(6150, 'หนองปรือ', '', 754, 61),
(6151, 'หนองปลาไหล', '', 754, 61),
(6152, 'ห้วยใหญ่', '', 754, 61),
(6153, 'คลองกิ่ว', '', 755, 61),
(6154, 'บ้านบึง', '', 755, 61),
(6155, 'มาบไผ่', '', 755, 61),
(6156, 'หนองชาก', '', 755, 61),
(6157, 'หนองซ้ำซาก', '', 755, 61),
(6158, 'หนองบอนแดง', '', 755, 61),
(6159, 'หนองไผ่แก้ว', '', 755, 61),
(6160, 'หนองอิรุณ', '', 755, 61),
(6161, 'กุฏโง้ง', '', 756, 61),
(6162, 'โคกเพลาะ', '', 756, 61),
(6163, 'ท่าข้าม', '', 756, 61),
(6164, 'ทุ่งขวาง', '', 756, 61),
(6165, 'นามะตูม', '', 756, 61),
(6166, 'นาเริก', '', 756, 61),
(6167, 'นาวังหิน', '', 756, 61),
(6168, 'บ้านช้าง', '', 756, 61),
(6169, 'บ้านเซิด', '', 756, 61),
(6170, 'พนัสนิคม', '', 756, 61),
(6171, 'ไร่หลักทอง', '', 756, 61),
(6172, 'วัดโบสถ์', '', 756, 61),
(6173, 'วัดหลวง', '', 756, 61),
(6174, 'สระสี่เหลี่ยม', '', 756, 61),
(6175, 'หนองขยาด', '', 756, 61),
(6176, 'หนองปรือ', '', 756, 61),
(6177, 'หนองเหียง', '', 756, 61),
(6178, 'หน้าพระธาตุ', '', 756, 61),
(6179, 'หมอนนาง', '', 756, 61),
(6180, 'หัวถนน', '', 756, 61),
(6181, 'เกาะลอย', '', 757, 61),
(6182, 'โคกขี้หนอน', '', 757, 61),
(6183, 'บางนาง', '', 757, 61),
(6184, 'บางหัก', '', 757, 61),
(6185, 'พานทอง', '', 757, 61),
(6186, 'มาบโป่ง', '', 757, 61),
(6187, 'หนองกะขะ', '', 757, 61),
(6188, 'หนองตำลึง', '', 757, 61),
(6189, 'หนองหงษ์', '', 757, 61),
(6190, 'หน้าประดู่', '', 757, 61),
(6191, 'คลองตำหรุ', '', 758, 61),
(6192, 'ดอนหัวฬ่อ', '', 758, 61),
(6193, 'นาป่า', '', 758, 61),
(6194, 'บางทราย', '', 758, 61),
(6195, 'บางปลาสร้อย', '', 758, 61),
(6196, 'บ้านโขด', '', 758, 61),
(6197, 'บ้านปึก', '', 758, 61),
(6198, 'บ้านสวน', '', 758, 61),
(6199, 'มะขามหย่ง', '', 758, 61),
(6200, 'สำนักบก', '', 758, 61),
(6201, 'เสม็ด', '', 758, 61),
(6202, 'หนองข้างคอก', '', 758, 61),
(6203, 'หนองไม้แดง', '', 758, 61),
(6204, 'หนองรี', '', 758, 61),
(6205, 'ห้วยกะปิ', '', 758, 61),
(6206, 'เหมือง', '', 758, 61),
(6207, 'อ่างศิลา', '', 758, 61),
(6208, 'เขาคันทรง', '', 759, 61),
(6209, 'ทุ่งสุขลา', '', 759, 61),
(6210, 'บ่อวิน', '', 759, 61),
(6211, 'บางพระ', '', 759, 61),
(6212, 'บึง', '', 759, 61),
(6213, 'ศรีราชา', '', 759, 61),
(6214, 'สุรศักดิ์', '', 759, 61),
(6215, 'นาจอมเทียน', '', 760, 61),
(6216, 'บางเสร่', '', 760, 61),
(6217, 'พลูตาหลวง', '', 760, 61),
(6218, 'สัตหีบ', '', 760, 61),
(6219, 'แสมสาร', '', 760, 61),
(6220, 'เขาซก', '', 761, 61),
(6221, 'คลองพลู', '', 761, 61),
(6222, 'หนองเสือช้าง', '', 761, 61),
(6223, 'หนองใหญ่', '', 761, 61),
(6224, 'ห้างสูง', '', 761, 61),
(6225, 'เกาะกูด', '', 762, 62),
(6226, 'เกาะหมาก', '', 762, 62),
(6227, 'เกาะช้าง', '', 763, 62),
(6228, 'เกาะช้างใต้', '', 763, 62),
(6229, 'เขาสมิง', '', 764, 62),
(6230, 'ท่าโสม', '', 764, 62),
(6231, 'ทุ่งนนทรี', '', 764, 62),
(6232, 'เทพนิมิต', '', 764, 62),
(6233, 'ประณีต', '', 764, 62),
(6234, 'วังตะเคียน', '', 764, 62),
(6235, 'สะตอ', '', 764, 62),
(6236, 'แสนตุ้ง', '', 764, 62),
(6237, 'คลองใหญ่', '', 765, 62),
(6238, 'ไม้รูด', '', 765, 62),
(6239, 'หาดเล็ก', '', 765, 62),
(6240, 'ช้างทูน', '', 766, 62),
(6241, 'ด่านชุมพล', '', 766, 62),
(6242, 'นนทรีย์', '', 766, 62),
(6243, 'บ่อพลอย', '', 766, 62),
(6244, 'หนองบอน', '', 766, 62),
(6245, 'ชำราก', '', 767, 62),
(6246, 'ตะกาง', '', 767, 62),
(6247, 'ท่ากุ่ม', '', 767, 62),
(6248, 'ท่าพริก', '', 767, 62),
(6249, 'เนินทราย', '', 767, 62),
(6250, 'บางพระ', '', 767, 62),
(6251, 'วังกระแจะ', '', 767, 62),
(6252, 'หนองคันทรง', '', 767, 62),
(6253, 'หนองเสม็ด', '', 767, 62),
(6254, 'หนองโสน', '', 767, 62),
(6255, 'ห้วงน้ำขาว', '', 767, 62),
(6256, 'ห้วยแร้ง', '', 767, 62),
(6257, 'แหลมกลัด', '', 767, 62),
(6258, 'อ่าวใหญ่', '', 767, 62),
(6259, 'คลองใหญ่', '', 768, 62),
(6260, 'น้ำเชี่ยว', '', 768, 62),
(6261, 'บางปิด', '', 768, 62),
(6262, 'แหลมงอบ', '', 768, 62),
(6263, 'กระแสบน', '', 769, 63),
(6264, 'กร่ำ', '', 769, 63),
(6265, 'กองดิน', '', 769, 63),
(6266, 'คลองปูน', '', 769, 63),
(6267, 'ชากโดน', '', 769, 63),
(6268, 'ชากพง', '', 769, 63),
(6269, 'ทางเกวียน', '', 769, 63),
(6270, 'ทุ่งควายกิน', '', 769, 63),
(6271, 'เนินฆ้อ', '', 769, 63),
(6272, 'บ้านนา', '', 769, 63),
(6273, 'ปากน้ำกระแส', '', 769, 63),
(6274, 'พังราด', '', 769, 63),
(6275, 'วังหว้า', '', 769, 63),
(6276, 'สองสลึง', '', 769, 63),
(6277, 'ห้วยยาง', '', 769, 63),
(6278, 'เขาน้อย', '', 770, 63),
(6279, 'ชำฆ้อ', '', 770, 63),
(6280, 'น้ำเป็น', '', 770, 63),
(6281, 'ห้วยทับมอญ', '', 770, 63),
(6282, 'นิคมพัฒนา', '', 771, 63),
(6283, 'พนานิคม', '', 771, 63),
(6284, 'มะขามคู่', '', 771, 63),
(6285, 'มาบข่า', '', 771, 63),
(6286, 'ชากบก', '', 772, 63),
(6287, 'ตาขัน', '', 772, 63),
(6288, 'บางบุตร', '', 772, 63),
(6289, 'บ้านค่าย', '', 772, 63),
(6290, 'หนองตะพาน', '', 772, 63),
(6291, 'หนองบัว', '', 772, 63),
(6292, 'หนองละลอก', '', 772, 63),
(6293, 'บ้านฉาง', '', 773, 63),
(6294, 'พลา', '', 773, 63),
(6295, 'สำนักท้อน', '', 773, 63),
(6296, 'ตาสิทธิ์', '', 774, 63),
(6297, 'ปลวกแดง', '', 774, 63),
(6298, 'มาบยางพร', '', 774, 63),
(6299, 'แม่น้ำคู้', '', 774, 63),
(6300, 'ละหาร', '', 774, 63),
(6301, 'หนองไร่', '', 774, 63),
(6302, 'กะเฉด', '', 775, 63),
(6303, 'แกลง', '', 775, 63),
(6304, 'เชิงเนิน', '', 775, 63),
(6305, 'ตะพง', '', 775, 63),
(6306, 'ทับมา', '', 775, 63),
(6307, 'ท่าประดู่', '', 775, 63),
(6308, 'นาตาขวัญ', '', 775, 63),
(6309, 'น้ำคอก', '', 775, 63),
(6310, 'เนินพระ', '', 775, 63),
(6311, 'บ้านแลง', '', 775, 63),
(6312, 'ปากน้ำ', '', 775, 63),
(6313, 'เพ', '', 775, 63),
(6314, 'มาบตาพุด', '', 775, 63),
(6315, 'สำนักทอง', '', 775, 63),
(6316, 'ห้วยโป่ง', '', 775, 63),
(6317, 'ชุมแสง', '', 776, 63),
(6318, 'ป่ายุบใน', '', 776, 63),
(6319, 'พลงตาเอี่ยม', '', 776, 63),
(6320, 'วังจันทร์', '', 776, 63),
(6321, 'เกาะกลาง', '', 777, 64),
(6322, 'เกาะลันตาน้อย', '', 777, 64),
(6323, 'เกาะลันตาใหญ่', '', 777, 64),
(6324, 'คลองยาง', '', 777, 64),
(6325, 'ศาลาด่าน', '', 777, 64),
(6326, 'เขาดิน', '', 778, 64),
(6327, 'เขาพนม', '', 778, 64),
(6328, 'โคกหาร', '', 778, 64),
(6329, 'พรุเตียว', '', 778, 64),
(6330, 'สินปุน', '', 778, 64),
(6331, 'หน้าเขา', '', 778, 64),
(6332, 'คลองท่อมใต้', '', 779, 64),
(6333, 'คลองท่อมเหนือ', '', 779, 64),
(6334, 'คลองพน', '', 779, 64),
(6335, 'ทรายขาว', '', 779, 64),
(6336, 'พรุดินนา', '', 779, 64),
(6337, 'เพหลา', '', 779, 64),
(6338, 'ห้วยน้ำขาว', '', 779, 64),
(6339, 'เขาเขน', '', 780, 64),
(6340, 'เขาต่อ', '', 780, 64),
(6341, 'คีรีวง', '', 780, 64),
(6342, 'ปลายพระยา', '', 780, 64),
(6343, 'กระบี่น้อย', '', 781, 64),
(6344, 'กระบี่ใหญ่', '', 781, 64),
(6345, 'เขาคราม', '', 781, 64),
(6346, 'เขาทอง', '', 781, 64),
(6347, 'คลองประสงค์', '', 781, 64),
(6348, 'ทับปริก', '', 781, 64),
(6349, 'ปากน้ำ', '', 781, 64),
(6350, 'ไสไทย', '', 781, 64),
(6351, 'หนองทะเล', '', 781, 64),
(6352, 'อ่าวนาง', '', 781, 64),
(6353, 'ดินแดง', '', 782, 64),
(6354, 'ดินอุดม', '', 782, 64),
(6355, 'ทุ่งไทรทอง', '', 782, 64),
(6356, 'ลำทับ', '', 782, 64),
(6357, 'เกาะศรีบอยา', '', 783, 64),
(6358, 'คลองขนาน', '', 783, 64),
(6359, 'คลองเขม้า', '', 783, 64),
(6360, 'โคกยาง', '', 783, 64),
(6361, 'ตลิ่งชัน', '', 783, 64),
(6362, 'ปกาสัย', '', 783, 64),
(6363, 'ห้วยยูง', '', 783, 64),
(6364, 'เหนือคลอง', '', 783, 64),
(6365, 'เขาใหญ่', '', 784, 64),
(6366, 'คลองยา', '', 784, 64),
(6367, 'คลองหิน', '', 784, 64),
(6368, 'นาเหนือ', '', 784, 64),
(6369, 'บ้านกลาง', '', 784, 64),
(6370, 'แหลมสัก', '', 784, 64),
(6371, 'อ่าวลึกใต้', '', 784, 64),
(6372, 'อ่าวลึกน้อย', '', 784, 64),
(6373, 'อ่าวลึกเหนือ', '', 784, 64),
(6374, 'คุริง', '', 785, 65),
(6375, 'ทรัพย์อนันต์', '', 785, 65),
(6376, 'ท่าข้าม', '', 785, 65),
(6377, 'ท่าแซะ', '', 785, 65),
(6378, 'นากระตาม', '', 785, 65),
(6379, 'รับร่อ', '', 785, 65),
(6380, 'สลุย', '', 785, 65),
(6381, 'สองพี่น้อง', '', 785, 65),
(6382, 'หงษ์เจริญ', '', 785, 65),
(6383, 'หินแก้ว', '', 785, 65),
(6384, 'ช่องไม้แก้ว', '', 786, 65),
(6385, 'ตะโก', '', 786, 65),
(6386, 'ทุ่งตะไคร', '', 786, 65),
(6387, 'ปากตะโก', '', 786, 65),
(6388, 'เขาไชยราช', '', 787, 65),
(6389, 'ชุมโค', '', 787, 65),
(6390, 'ดอนยาง', '', 787, 65),
(6391, 'ทะเลทรัพย์', '', 787, 65),
(6392, 'บางสน', '', 787, 65),
(6393, 'ปากคลอง', '', 787, 65),
(6394, 'สะพลี', '', 787, 65),
(6395, 'ปังหวาน', '', 788, 65),
(6396, 'ปากทรง', '', 788, 65),
(6397, 'พระรักษ์', '', 788, 65),
(6398, 'พะโต๊ะ', '', 788, 65),
(6399, 'ขุนกระทิง', '', 789, 65),
(6400, 'ตากแดด', '', 789, 65),
(6401, 'ถ้ำสิงห์', '', 789, 65),
(6402, 'ท่าตะเภา', '', 789, 65),
(6403, 'ท่ายาง', '', 789, 65),
(6404, 'ทุ่งคา', '', 789, 65),
(6405, 'นาชะอัง', '', 789, 65),
(6406, 'นาทุ่ง', '', 789, 65),
(6407, 'บางลึก', '', 789, 65),
(6408, 'บางหมาก', '', 789, 65),
(6409, 'บ้านนา', '', 789, 65),
(6410, 'ปากน้ำ', '', 789, 65),
(6411, 'วังไผ่', '', 789, 65),
(6412, 'วังใหม่', '', 789, 65),
(6413, 'วิสัยเหนือ', '', 789, 65),
(6414, 'หาดทรายรี', '', 789, 65),
(6415, 'หาดพันไกร', '', 789, 65),
(6416, 'ทุ่งคาวัด', '', 790, 65),
(6417, 'ทุ่งหลวง', '', 790, 65),
(6418, 'ละแม', '', 790, 65),
(6419, 'สวนแตง', '', 790, 65),
(6420, 'เขาค่าย', '', 791, 65),
(6421, 'เขาทะลุ', '', 791, 65),
(6422, 'ครน', '', 791, 65),
(6423, 'ด่านสวี', '', 791, 65),
(6424, 'ท่าหิน', '', 791, 65),
(6425, 'ทุ่งระยะ', '', 791, 65),
(6426, 'นาโพธิ์', '', 791, 65),
(6427, 'นาสัก', '', 791, 65),
(6428, 'ปากแพรก', '', 791, 65),
(6429, 'วิสัยใต้', '', 791, 65),
(6430, 'สวี', '', 791, 65),
(6431, 'ขันเงิน', '', 792, 65),
(6432, 'ท่ามะพลา', '', 792, 65),
(6433, 'นาขา', '', 792, 65),
(6434, 'นาพญา', '', 792, 65),
(6435, 'บางน้ำจืด', '', 792, 65),
(6436, 'บางมะพร้าว', '', 792, 65),
(6437, 'บ้านควน', '', 792, 65),
(6438, 'ปากน้ำ', '', 792, 65),
(6439, 'พ้อแดง', '', 792, 65),
(6440, 'วังตะกอ', '', 792, 65),
(6441, 'หลังสวน', '', 792, 65),
(6442, 'หาดยาย', '', 792, 65),
(6443, 'แหลมทราย', '', 792, 65),
(6444, 'กันตัง', '', 793, 66),
(6445, 'กันตังใต้', '', 793, 66),
(6446, 'เกาะลิบง', '', 793, 66),
(6447, 'คลองชีล้อม', '', 793, 66),
(6448, 'คลองลุ', '', 793, 66),
(6449, 'ควนธานี', '', 793, 66),
(6450, 'โคกยาง', '', 793, 66),
(6451, 'นาเกลือ', '', 793, 66),
(6452, 'บ่อน้ำร้อน', '', 793, 66),
(6453, 'บางเป้า', '', 793, 66),
(6454, 'บางสัก', '', 793, 66),
(6455, 'บางหมาก', '', 793, 66),
(6456, 'ย่านซื่อ', '', 793, 66),
(6457, 'วังวน', '', 793, 66),
(6458, 'โคกสะบ้า', '', 794, 66),
(6459, 'ช่อง', '', 794, 66),
(6460, 'นาข้าวเสีย', '', 794, 66),
(6461, 'นาโยงเหนือ', '', 794, 66),
(6462, 'นาหมื่นศรี', '', 794, 66),
(6463, 'ละมอ', '', 794, 66),
(6464, 'เกาะสุกร', '', 795, 66),
(6465, 'ท่าข้าม', '', 795, 66),
(6466, 'ท่าพญา', '', 795, 66),
(6467, 'ทุ่งยาว', '', 795, 66),
(6468, 'บางด้วน', '', 795, 66),
(6469, 'บ้านนา', '', 795, 66),
(6470, 'ปะเหลียน', '', 795, 66),
(6471, 'ลิพัง', '', 795, 66),
(6472, 'สุโสะ', '', 795, 66),
(6473, 'แหลมสอม', '', 795, 66),
(6474, 'ควนปริง', '', 796, 66),
(6475, 'โคกหล่อ', '', 796, 66),
(6476, 'ทับเที่ยง', '', 796, 66),
(6477, 'นาตาล่วง', '', 796, 66),
(6478, 'นาโต๊ะหมิง', '', 796, 66),
(6479, 'นาท่ามใต้', '', 796, 66),
(6480, 'นาท่ามเหนือ', '', 796, 66),
(6481, 'นาบินหลา', '', 796, 66),
(6482, 'นาพละ', '', 796, 66),
(6483, 'นาโยงใต้', '', 796, 66),
(6484, 'น้ำผุด', '', 796, 66),
(6485, 'บางรัก', '', 796, 66),
(6486, 'บ้านควน', '', 796, 66),
(6487, 'บ้านโพธิ์', '', 796, 66),
(6488, 'หนองตรุด', '', 796, 66),
(6489, 'เกาะเปียะ', '', 797, 66),
(6490, 'ทุ่งกระบือ', '', 797, 66),
(6491, 'ทุ่งค่าย', '', 797, 66),
(6492, 'นาชุมเห็ด', '', 797, 66),
(6493, 'ในควน', '', 797, 66),
(6494, 'โพรงจระเข้', '', 797, 66),
(6495, 'ย่านตาขาว', '', 797, 66),
(6496, 'หนองบ่อ', '', 797, 66),
(6497, 'เขาไพร', '', 798, 66),
(6498, 'คลองปาง', '', 798, 66),
(6499, 'ควนเมา', '', 798, 66),
(6500, 'หนองบัว', '', 798, 66),
(6501, 'หนองปรือ', '', 798, 66),
(6502, 'เขาวิเศษ', '', 799, 66),
(6503, 'ท่าสะบ้า', '', 799, 66),
(6504, 'วังมะปราง', '', 799, 66),
(6505, 'วังมะปรางเหนือ', '', 799, 66),
(6506, 'อ่าวตง', '', 799, 66),
(6507, 'กะลาเส', '', 800, 66),
(6508, 'เขาไม้แก้ว', '', 800, 66),
(6509, 'นาเมืองเพชร', '', 800, 66),
(6510, 'บ่อหิน', '', 800, 66),
(6511, 'ไม้ฝาด', '', 800, 66),
(6512, 'เขากอบ', '', 801, 66),
(6513, 'เขาขาว', '', 801, 66),
(6514, 'เขาปูน', '', 801, 66),
(6515, 'ท่างิ้ว', '', 801, 66),
(6516, 'ทุ่งต่อ', '', 801, 66),
(6517, 'นาวง', '', 801, 66),
(6518, 'ในเตา', '', 801, 66),
(6519, 'บางกุ้ง', '', 801, 66),
(6520, 'บางดี', '', 801, 66),
(6521, 'ปากคม', '', 801, 66),
(6522, 'ปากแจ่ม', '', 801, 66),
(6523, 'ลำภูรา', '', 801, 66),
(6524, 'วังคีรี', '', 801, 66),
(6525, 'หนองช้างแล่น', '', 801, 66),
(6526, 'ห้วยนาง', '', 801, 66),
(6527, 'ห้วยยอด', '', 801, 66),
(6528, 'ตะเสะ', '', 802, 66),
(6529, 'บ้าสวี', '', 802, 66),
(6530, 'หาดสำราญ', '', 802, 66),
(6531, 'ขนอม', '', 803, 67),
(6532, 'ควนทอง', '', 803, 67),
(6533, 'ท้องเนียน', '', 803, 67),
(6534, 'ควนหนองคว้า', '', 804, 67),
(6535, 'ทุ่งโพธิ์', '', 804, 67),
(6536, 'นาหมอบุญ', '', 804, 67),
(6537, 'บ้านควนมุด', '', 804, 67),
(6538, 'บ้านชะอวด', '', 804, 67),
(6539, 'สามตำบล', '', 804, 67),
(6540, 'กะเปียด', '', 805, 67),
(6541, 'จันดี', '', 805, 67),
(6542, 'ฉวาง', '', 805, 67),
(6543, 'นากะชะ', '', 805, 67),
(6544, 'นาเขลียง', '', 805, 67),
(6545, 'นาแว', '', 805, 67),
(6546, 'ไม้เรียง', '', 805, 67),
(6547, 'ละอาย', '', 805, 67),
(6548, 'ไสหร้า', '', 805, 67),
(6549, 'ห้วยปริก', '', 805, 67),
(6550, 'เชียรเขา', '', 806, 67),
(6551, 'ดอนตรอ', '', 806, 67),
(6552, 'ทางพูน', '', 806, 67),
(6553, 'สวนหลวง', '', 806, 67),
(6554, 'เกาะขันธ์', '', 807, 67),
(6555, 'ขอนหาด', '', 807, 67),
(6556, 'เขาพระทอง', '', 807, 67),
(6557, 'ควนหนองหงษ์', '', 807, 67),
(6558, 'เคร็ง', '', 807, 67),
(6559, 'ชะอวด', '', 807, 67),
(6560, 'ท่าประจะ', '', 807, 67),
(6561, 'ท่าเสม็ด', '', 807, 67),
(6562, 'นางหลง', '', 807, 67),
(6563, 'บ้านตูล', '', 807, 67),
(6564, 'วังอ่าง', '', 807, 67),
(6565, 'ช้างกลาง', '', 808, 67),
(6566, 'สวนขัน', '', 808, 67),
(6567, 'หลักช้าง', '', 808, 67),
(6568, 'การะเกด', '', 809, 67),
(6569, 'เขาพระบาท', '', 809, 67),
(6570, 'เชียรใหญ่', '', 809, 67),
(6571, 'ท้องลำเจียก', '', 809, 67),
(6572, 'ท่าขนาน', '', 809, 67),
(6573, 'บ้านกลาง', '', 809, 67),
(6574, 'บ้านเนิน', '', 809, 67),
(6575, 'แม่เจ้าอยู่หัว', '', 809, 67),
(6576, 'เสือหึง', '', 809, 67),
(6577, 'ไสหมาก', '', 809, 67),
(6578, 'คลองเส', '', 810, 67),
(6579, 'ดุสิต', '', 810, 67),
(6580, 'ถ้ำพรรณรา', '', 810, 67),
(6581, 'กลาย', '', 811, 67),
(6582, 'ดอนตะโก', '', 811, 67),
(6583, 'ตลิ่งชัน', '', 811, 67),
(6584, 'ท่าขึ้น', '', 811, 67),
(6585, 'ท่าศาลา', '', 811, 67),
(6586, 'ไทยบุรี', '', 811, 67),
(6587, 'โพธิ์ทอง', '', 811, 67),
(6588, 'โมคลาน', '', 811, 67),
(6589, 'สระแก้ว', '', 811, 67),
(6590, 'หัวตะพาน', '', 811, 67),
(6591, 'กะปาง', '', 812, 67),
(6592, 'เขาขาว', '', 812, 67),
(6593, 'เขาโร', '', 812, 67),
(6594, 'ควนกรด', '', 812, 67),
(6595, 'ชะมาย', '', 812, 67),
(6596, 'ถ้ำใหญ่', '', 812, 67),
(6597, 'ที่วัง', '', 812, 67),
(6598, 'นาโพธิ์', '', 812, 67),
(6599, 'นาไม้ไผ่', '', 812, 67),
(6600, 'นาหลวงเสน', '', 812, 67),
(6601, 'น้ำตก', '', 812, 67),
(6602, 'ปากแพรก', '', 812, 67),
(6603, 'หนองหงส์', '', 812, 67),
(6604, 'กรุงหยัน', '', 813, 67),
(6605, 'กุแหระ', '', 813, 67),
(6606, 'ท่ายาง', '', 813, 67),
(6607, 'ทุ่งสัง', '', 813, 67),
(6608, 'ทุ่งใหญ่', '', 813, 67),
(6609, 'บางรูป', '', 813, 67),
(6610, 'ปริก', '', 813, 67),
(6611, 'กรุงชิง', '', 814, 67),
(6612, 'กะหรอ', '', 814, 67),
(6613, 'นบพิตำ', '', 814, 67),
(6614, 'นาเหรง', '', 814, 67),
(6615, 'แก้วแสน', '', 815, 67),
(6616, 'ทุ่งสง', '', 815, 67),
(6617, 'นาบอน', '', 815, 67),
(6618, 'บางขัน', '', 816, 67),
(6619, 'บ้านนิคม', '', 816, 67),
(6620, 'บ้านลำนาว', '', 816, 67),
(6621, 'วังหิน', '', 816, 67),
(6622, 'เกาะทวด', '', 817, 67),
(6623, 'ขนาบนาก', '', 817, 67),
(6624, 'คลองกระบือ', '', 817, 67),
(6625, 'คลองน้อย', '', 817, 67),
(6626, 'ชะเมา', '', 817, 67),
(6627, 'ท่าพยา', '', 817, 67),
(6628, 'บางตะพง', '', 817, 67),
(6629, 'บางพระ', '', 817, 67),
(6630, 'บางศาลา', '', 817, 67),
(6631, 'บ้านเพิง', '', 817, 67),
(6632, 'บ้านใหม่', '', 817, 67),
(6633, 'ปากพนังฝั่งตะวันตก', '', 817, 67),
(6634, 'ปากพนังฝั่งตะวันออก', '', 817, 67),
(6635, 'ปากแพรก', '', 817, 67),
(6636, 'ป่าระกำ', '', 817, 67),
(6637, 'หูล่อง', '', 817, 67),
(6638, 'แหลมตะลุมพุก', '', 817, 67),
(6639, 'ทอนหงส์', '', 818, 67),
(6640, 'นาเรียง', '', 818, 67),
(6641, 'บ้านเกาะ', '', 818, 67),
(6642, 'พรหมโลก', '', 818, 67),
(6643, 'อินคีรี', '', 818, 67),
(6644, 'ช้างซ้าย', '', 819, 67),
(6645, 'ท้ายสำเภา', '', 819, 67),
(6646, 'นาพรุ', '', 819, 67),
(6647, 'นาสาร', '', 819, 67),
(6648, 'กะทูน', '', 820, 67),
(6649, 'เขาพระ', '', 820, 67),
(6650, 'ควนกลาง', '', 820, 67),
(6651, 'พิปูน', '', 820, 67),
(6652, 'ยางค้อม', '', 820, 67),
(6653, 'กำแพงเซา', '', 821, 67),
(6654, 'คลัง', '', 821, 67),
(6655, 'ไชยมนตรี', '', 821, 67),
(6656, 'ท่างิ้ว', '', 821, 67),
(6657, 'ท่าซัก', '', 821, 67);
INSERT INTO `tb_sub_district` (`sd_id`, `sd_name_th`, `sd_name_eng`, `sd_district_id`, `sd_province_id`) VALUES
(6658, 'ท่าเรือ', '', 821, 67),
(6659, 'ท่าไร่', '', 821, 67),
(6660, 'ท่าวัง', '', 821, 67),
(6661, 'นาเคียน', '', 821, 67),
(6662, 'นาทราย', '', 821, 67),
(6663, 'ในเมือง', '', 821, 67),
(6664, 'บางจาก', '', 821, 67),
(6665, 'ปากนคร', '', 821, 67),
(6666, 'ปากพูน', '', 821, 67),
(6667, 'โพธิ์เสด็จ', '', 821, 67),
(6668, 'มะม่วงสองต้น', '', 821, 67),
(6669, 'ควนเกย', '', 822, 67),
(6670, 'ควนชุม', '', 822, 67),
(6671, 'ควนพัง', '', 822, 67),
(6672, 'ร่อนพิบูลย์', '', 822, 67),
(6673, 'เสาธง', '', 822, 67),
(6674, 'หินตก', '', 822, 67),
(6675, 'กำโลน', '', 823, 67),
(6676, 'ขุนทะเล', '', 823, 67),
(6677, 'เขาแก้ว', '', 823, 67),
(6678, 'ท่าดี', '', 823, 67),
(6679, 'ลานสกา', '', 823, 67),
(6680, 'เขาน้อย', '', 824, 67),
(6681, 'ฉลอง', '', 824, 67),
(6682, 'ทุ่งปรัง', '', 824, 67),
(6683, 'ทุ่งใส', '', 824, 67),
(6684, 'เทพราช', '', 824, 67),
(6685, 'เปลี่ยน', '', 824, 67),
(6686, 'สิชล', '', 824, 67),
(6687, 'สี่ขีด', '', 824, 67),
(6688, 'เสาเภา', '', 824, 67),
(6689, 'เกาะเพชร', '', 825, 67),
(6690, 'เขาพังไกร', '', 825, 67),
(6691, 'ควนชะลิก', '', 825, 67),
(6692, 'ทรายขาว', '', 825, 67),
(6693, 'ท่าซอม', '', 825, 67),
(6694, 'บางนบ', '', 825, 67),
(6695, 'บ้านราม', '', 825, 67),
(6696, 'รามแก้ว', '', 825, 67),
(6697, 'หน้าสตน', '', 825, 67),
(6698, 'หัวไทร', '', 825, 67),
(6699, 'แหลม', '', 825, 67),
(6700, 'จะแนะ', '', 826, 68),
(6701, 'ช้างเผือก', '', 826, 68),
(6702, 'ดุซงญอ', '', 826, 68),
(6703, 'ผดุงมาตร', '', 826, 68),
(6704, 'จวบ', '', 827, 68),
(6705, 'บูกิต', '', 827, 68),
(6706, 'มะรือโบออก', '', 827, 68),
(6707, 'เกาะสะท้อน', '', 828, 68),
(6708, 'โฆษิต', '', 828, 68),
(6709, 'เจ๊ะเห', '', 828, 68),
(6710, 'นานาค', '', 828, 68),
(6711, 'บางขุนทอง', '', 828, 68),
(6712, 'พร่อน', '', 828, 68),
(6713, 'ไพรวัน', '', 828, 68),
(6714, 'ศาลาใหม่', '', 828, 68),
(6715, 'กาเยาะมาตี', '', 829, 68),
(6716, 'บาเจาะ', '', 829, 68),
(6717, 'บาเระใต้', '', 829, 68),
(6718, 'บาเระเหนือ', '', 829, 68),
(6719, 'ปะลุกาสาเมาะ', '', 829, 68),
(6720, 'ลุโบะสาวอ', '', 829, 68),
(6721, 'กะลุวอ', '', 830, 68),
(6722, 'กะลุวอเหนือ', '', 830, 68),
(6723, 'โคกเคียน', '', 830, 68),
(6724, 'บางนาค', '', 830, 68),
(6725, 'บางปอ', '', 830, 68),
(6726, 'มะนังตายอ', '', 830, 68),
(6727, 'ลำภู', '', 830, 68),
(6728, 'จอเบาะ', '', 831, 68),
(6729, 'ตะปอเยาะ', '', 831, 68),
(6730, 'ยี่งอ', '', 831, 68),
(6731, 'ละหาร', '', 831, 68),
(6732, 'ลุโบะบายะ', '', 831, 68),
(6733, 'ลุโบะบือซา', '', 831, 68),
(6734, 'กาลิซา', '', 832, 68),
(6735, 'เฉลิม', '', 832, 68),
(6736, 'ตันหยงมัส', '', 832, 68),
(6737, 'ตันหยงลิมอ', '', 832, 68),
(6738, 'บองอ', '', 832, 68),
(6739, 'บาโงสะโต', '', 832, 68),
(6740, 'มะรือโบตก', '', 832, 68),
(6741, 'โคกสะตอ', '', 833, 68),
(6742, 'บาตง', '', 833, 68),
(6743, 'รือเสาะ', '', 833, 68),
(6744, 'รือเสาะออก', '', 833, 68),
(6745, 'เรียง', '', 833, 68),
(6746, 'ลาโละ', '', 833, 68),
(6747, 'สามัคคี', '', 833, 68),
(6748, 'สาวอ', '', 833, 68),
(6749, 'สุวารี', '', 833, 68),
(6750, 'กายูคละ', '', 834, 68),
(6751, 'ฆอเลาะ', '', 834, 68),
(6752, 'แม่ดง', '', 834, 68),
(6753, 'โละจูด', '', 834, 68),
(6754, 'แว้ง', '', 834, 68),
(6755, 'เอราวัณ', '', 834, 68),
(6756, 'กาหลง', '', 835, 68),
(6757, 'เชิงคีรี', '', 835, 68),
(6758, 'ซากอ', '', 835, 68),
(6759, 'ตะมะยูง', '', 835, 68),
(6760, 'ศรีบรรพต', '', 835, 68),
(6761, 'ศรีสาคร', '', 835, 68),
(6762, 'เกียร์', '', 836, 68),
(6763, 'ภูเขาทอง', '', 836, 68),
(6764, 'มาโมง', '', 836, 68),
(6765, 'ร่มไทร', '', 836, 68),
(6766, 'สุคิริน', '', 836, 68),
(6767, 'ปาเสมัส', '', 837, 68),
(6768, 'ปูโยะ', '', 837, 68),
(6769, 'มูโนะ', '', 837, 68),
(6770, 'สุไหงโก-ลก', '', 837, 68),
(6771, 'กาวะ', '', 838, 68),
(6772, 'โต๊ะเด็ง', '', 838, 68),
(6773, 'ปะลุรู', '', 838, 68),
(6774, 'ริโก๋', '', 838, 68),
(6775, 'สากอ', '', 838, 68),
(6776, 'สุไหงปาดี', '', 838, 68),
(6777, 'กะรุบี', '', 839, 69),
(6778, 'ตะโละดือรามัน', '', 839, 69),
(6779, 'ปล่องหอย', '', 839, 69),
(6780, 'ควนโนรี', '', 840, 69),
(6781, 'โคกโพธิ์', '', 840, 69),
(6782, 'ช้างให้ตก', '', 840, 69),
(6783, 'ทรายขาว', '', 840, 69),
(6784, 'ท่าเรือ', '', 840, 69),
(6785, 'ทุ่งพลา', '', 840, 69),
(6786, 'นาเกตุ', '', 840, 69),
(6787, 'นาประดู่', '', 840, 69),
(6788, 'บางโกระ', '', 840, 69),
(6789, 'ปากล่อ', '', 840, 69),
(6790, 'ป่าบอน', '', 840, 69),
(6791, 'มะกรูด', '', 840, 69),
(6792, 'ตะโละแมะนา', '', 841, 69),
(6793, 'น้ำดำ', '', 841, 69),
(6794, 'ปากู', '', 841, 69),
(6795, 'พิเทน', '', 841, 69),
(6796, 'ควน', '', 842, 69),
(6797, 'คอกกระบือ', '', 842, 69),
(6798, 'ดอน', '', 842, 69),
(6799, 'ท่าข้าม', '', 842, 69),
(6800, 'ท่าน้ำ', '', 842, 69),
(6801, 'บ้านกลาง', '', 842, 69),
(6802, 'บ้านนอก', '', 842, 69),
(6803, 'บ้านน้ำบ่อ', '', 842, 69),
(6804, 'ปะนาเระ', '', 842, 69),
(6805, 'พ่อมิ่ง', '', 842, 69),
(6806, 'กระเสาะ', '', 843, 69),
(6807, 'กระหวะ', '', 843, 69),
(6808, 'เกาะจัน', '', 843, 69),
(6809, 'ตรัง', '', 843, 69),
(6810, 'ถนน', '', 843, 69),
(6811, 'ปะโด', '', 843, 69),
(6812, 'ปานัน', '', 843, 69),
(6813, 'มายอ', '', 843, 69),
(6814, 'ลางา', '', 843, 69),
(6815, 'ลุโบะยิไร', '', 843, 69),
(6816, 'สะกำ', '', 843, 69),
(6817, 'สาคอใต้', '', 843, 69),
(6818, 'สาคอบน', '', 843, 69),
(6819, 'กะมิยอ', '', 844, 69),
(6820, 'คลองมานิง', '', 844, 69),
(6821, 'จะบังติกอ', '', 844, 69),
(6822, 'ตะลุโบะ', '', 844, 69),
(6823, 'ตันหยงลุโละ', '', 844, 69),
(6824, 'บานา', '', 844, 69),
(6825, 'บาราโหม', '', 844, 69),
(6826, 'บาราเฮาะ', '', 844, 69),
(6827, 'ปะกาฮะรัง', '', 844, 69),
(6828, 'ปุยุด', '', 844, 69),
(6829, 'รูสะมิแล', '', 844, 69),
(6830, 'สะบารัง', '', 844, 69),
(6831, 'อาเนาะรู', '', 844, 69),
(6832, 'ป่าไร่', '', 845, 69),
(6833, 'ม่วงเตี้ย', '', 845, 69),
(6834, 'แม่ลาน', '', 845, 69),
(6835, 'ดอนทราย', '', 846, 69),
(6836, 'ตะโละไกรทอง', '', 846, 69),
(6837, 'ไทรทอง', '', 846, 69),
(6838, 'ไม้แก่น', '', 846, 69),
(6839, 'กระโด', '', 847, 69),
(6840, 'กอลำ', '', 847, 69),
(6841, 'เขาตูม', '', 847, 69),
(6842, 'คลองใหม่', '', 847, 69),
(6843, 'ประจัน', '', 847, 69),
(6844, 'ปิตูมุดี', '', 847, 69),
(6845, 'เมาะมาวี', '', 847, 69),
(6846, 'ยะรัง', '', 847, 69),
(6847, 'ระแว้ง', '', 847, 69),
(6848, 'วัด', '', 847, 69),
(6849, 'สะดาวา', '', 847, 69),
(6850, 'สะนอ', '', 847, 69),
(6851, 'จะรัง', '', 848, 69),
(6852, 'ตอหลัง', '', 848, 69),
(6853, 'ตะโละ', '', 848, 69),
(6854, 'ตะโละกาโปร์', '', 848, 69),
(6855, 'ตันหยงจึงงา', '', 848, 69),
(6856, 'ตันหยงดาลอ', '', 848, 69),
(6857, 'ตาแกะ', '', 848, 69),
(6858, 'ตาลีอายร์', '', 848, 69),
(6859, 'บางปู', '', 848, 69),
(6860, 'บาโลย', '', 848, 69),
(6861, 'ปิยามุมัง', '', 848, 69),
(6862, 'ปุลากง', '', 848, 69),
(6863, 'มะนังยง', '', 848, 69),
(6864, 'ยามู', '', 848, 69),
(6865, 'ราตาปันยัง', '', 848, 69),
(6866, 'สาบัน', '', 848, 69),
(6867, 'หนองแรต', '', 848, 69),
(6868, 'แหลมโพธิ์', '', 848, 69),
(6869, 'กะดุนง', '', 849, 69),
(6870, 'ตะบิ้ง', '', 849, 69),
(6871, 'ตะลุบัน', '', 849, 69),
(6872, 'เตราะบอน', '', 849, 69),
(6873, 'ทุ่งคล้า', '', 849, 69),
(6874, 'บางเก่า', '', 849, 69),
(6875, 'บือเระ', '', 849, 69),
(6876, 'ปะเสยะวอ', '', 849, 69),
(6877, 'แป้น', '', 849, 69),
(6878, 'มะนังดาลำ', '', 849, 69),
(6879, 'ละหาร', '', 849, 69),
(6880, 'เกาะเปาะ', '', 850, 69),
(6881, 'คอลอตันหยง', '', 850, 69),
(6882, 'ดอนรัก', '', 850, 69),
(6883, 'ดาโต๊ะ', '', 850, 69),
(6884, 'ตุยง', '', 850, 69),
(6885, 'ท่ากำชำ', '', 850, 69),
(6886, 'บ่อทอง', '', 850, 69),
(6887, 'บางเขา', '', 850, 69),
(6888, 'บางตาวา', '', 850, 69),
(6889, 'ปุโละปุโย', '', 850, 69),
(6890, 'ยาบี', '', 850, 69),
(6891, 'ลิปะสะโง', '', 850, 69),
(6892, 'กะปง', '', 851, 70),
(6893, 'ท่านา', '', 851, 70),
(6894, 'รมณีย์', '', 851, 70),
(6895, 'เหมาะ', '', 851, 70),
(6896, 'เหล', '', 851, 70),
(6897, 'เกาะยาวน้อย', '', 852, 70),
(6898, 'เกาะยาวใหญ่', '', 852, 70),
(6899, 'พรุใน', '', 852, 70),
(6900, 'เกาะพระทอง', '', 853, 70),
(6901, 'คุระ', '', 853, 70),
(6902, 'บางวัน', '', 853, 70),
(6903, 'แม่นางขาว', '', 853, 70),
(6904, 'กระโสม', '', 854, 70),
(6905, 'กะไหล', '', 854, 70),
(6906, 'คลองเคียน', '', 854, 70),
(6907, 'โคกกลอย', '', 854, 70),
(6908, 'ถ้ำ', '', 854, 70),
(6909, 'ท่าอยู่', '', 854, 70),
(6910, 'หล่อยูง', '', 854, 70),
(6911, 'เกาะคอเขา', '', 855, 70),
(6912, 'คึกคัก', '', 855, 70),
(6913, 'โคกเคียน', '', 855, 70),
(6914, 'ตะกั่วป่า', '', 855, 70),
(6915, 'ตำตัว', '', 855, 70),
(6916, 'บางไทร', '', 855, 70),
(6917, 'บางนายสี', '', 855, 70),
(6918, 'โคกเจริญ', '', 856, 70),
(6919, 'ถ้ำทองหลาง', '', 856, 70),
(6920, 'ทับปุด', '', 856, 70),
(6921, 'บ่อแสน', '', 856, 70),
(6922, 'บางเหรียง', '', 856, 70),
(6923, 'มะรุ่ย', '', 856, 70),
(6924, 'ท้ายเหมือง', '', 857, 70),
(6925, 'ทุ่งมะพร้าว', '', 857, 70),
(6926, 'นาเตย', '', 857, 70),
(6927, 'บางทอง', '', 857, 70),
(6928, 'ลำแก่น', '', 857, 70),
(6929, 'ลำภี', '', 857, 70),
(6930, 'เกาะปันหยี', '', 858, 70),
(6931, 'ตากแดด', '', 858, 70),
(6932, 'ถ้ำน้ำผุด', '', 858, 70),
(6933, 'ท้ายช้าง', '', 858, 70),
(6934, 'ทุ่งคาโงก', '', 858, 70),
(6935, 'นบปริง', '', 858, 70),
(6936, 'บางเตย', '', 858, 70),
(6937, 'ป่ากอ', '', 858, 70),
(6938, 'สองแพรก', '', 858, 70),
(6939, 'กงหรา', '', 859, 71),
(6940, 'คลองเฉลิม', '', 859, 71),
(6941, 'คลองทรายขาว', '', 859, 71),
(6942, 'ชะรัด', '', 859, 71),
(6943, 'สมหวัง', '', 859, 71),
(6944, 'เขาชัยสน', '', 860, 71),
(6945, 'ควนขนุน', '', 860, 71),
(6946, 'โคกม่วง', '', 860, 71),
(6947, 'จองถนน', '', 860, 71),
(6948, 'หานโพธิ์', '', 860, 71),
(6949, 'ควนขนุน', '', 861, 71),
(6950, 'ชะมวง', '', 861, 71),
(6951, 'ดอนทราย', '', 861, 71),
(6952, 'โตนดด้วน', '', 861, 71),
(6953, 'ทะเลน้อย', '', 861, 71),
(6954, 'นาขยาด', '', 861, 71),
(6955, 'ปันแต', '', 861, 71),
(6956, 'พนมวังก์', '', 861, 71),
(6957, 'พนางตุง', '', 861, 71),
(6958, 'แพรกหา', '', 861, 71),
(6959, 'มะกอกเหนือ', '', 861, 71),
(6960, 'แหลมโตนด', '', 861, 71),
(6961, 'คลองใหญ่', '', 862, 71),
(6962, 'ตะโหมด', '', 862, 71),
(6963, 'แม่ขรี', '', 862, 71),
(6964, 'โคกสัก', '', 863, 71),
(6965, 'ท่ามะเดื่อ', '', 863, 71),
(6966, 'นาปะขอ', '', 863, 71),
(6967, 'เกาะนางคำ', '', 864, 71),
(6968, 'เกาะหมาก', '', 864, 71),
(6969, 'ดอนทราย', '', 864, 71),
(6970, 'ดอนประดู่', '', 864, 71),
(6971, 'ปากพะยูน', '', 864, 71),
(6972, 'ฝาละมี', '', 864, 71),
(6973, 'หารเทา', '', 864, 71),
(6974, 'โคกทราย', '', 865, 71),
(6975, 'ทุ่งนารี', '', 865, 71),
(6976, 'ป่าบอน', '', 865, 71),
(6977, 'วังใหม่', '', 865, 71),
(6978, 'หนองธง', '', 865, 71),
(6979, 'เกาะเต่า', '', 866, 71),
(6980, 'บ้านพร้าว', '', 866, 71),
(6981, 'ป่าพะยอม', '', 866, 71),
(6982, 'ลานข่อย', '', 866, 71),
(6983, 'เขาเจียก', '', 867, 71),
(6984, 'ควนมะพร้าว', '', 867, 71),
(6985, 'คูหาสวรรค์', '', 867, 71),
(6986, 'โคกชะงาย', '', 867, 71),
(6987, 'ชัยบุรี', '', 867, 71),
(6988, 'ตำนาน', '', 867, 71),
(6989, 'ท่าแค', '', 867, 71),
(6990, 'ท่ามิหรำ', '', 867, 71),
(6991, 'นาท่อม', '', 867, 71),
(6992, 'นาโหนด', '', 867, 71),
(6993, 'ปรางหมู่', '', 867, 71),
(6994, 'พญาขัน', '', 867, 71),
(6995, 'ร่มเมือง', '', 867, 71),
(6996, 'ลำปำ', '', 867, 71),
(6997, 'ชุมพล', '', 868, 71),
(6998, 'บ้านนา', '', 868, 71),
(6999, 'ลำสินธุ์', '', 868, 71),
(7000, 'อ่างทอง', '', 868, 71),
(7001, 'เขาปู่', '', 869, 71),
(7002, 'เขาย่า', '', 869, 71),
(7003, 'ตะแพน', '', 869, 71),
(7004, 'กมลา', '', 870, 72),
(7005, 'กะทู้', '', 870, 72),
(7006, 'ป่าตอง', '', 870, 72),
(7007, 'เชิงทะเล', '', 871, 72),
(7008, 'เทพกระษัตรี', '', 871, 72),
(7009, 'ป่าคลอก', '', 871, 72),
(7010, 'ไม้ขาว', '', 871, 72),
(7011, 'ศรีสุนทร', '', 871, 72),
(7012, 'สาคู', '', 871, 72),
(7013, 'กะรน', '', 872, 72),
(7014, 'เกาะแก้ว', '', 872, 72),
(7015, 'ฉลอง', '', 872, 72),
(7016, 'ตลาดเหนือ', '', 872, 72),
(7017, 'ตลาดใหญ่', '', 872, 72),
(7018, 'รัษฎา', '', 872, 72),
(7019, 'ราไวย์', '', 872, 72),
(7020, 'วิชิต', '', 872, 72),
(7021, 'กรงปินัง', '', 873, 73),
(7022, 'ปุโรง', '', 873, 73),
(7023, 'สะเอะ', '', 873, 73),
(7024, 'ห้วยกระทิง', '', 873, 73),
(7025, 'กาบัง', '', 874, 73),
(7026, 'บาละ', '', 874, 73),
(7027, 'คีรีเขต', '', 875, 73),
(7028, 'ธารโต', '', 875, 73),
(7029, 'บ้านแหร', '', 875, 73),
(7030, 'แม่หวาด', '', 875, 73),
(7031, 'เขื่อนบางลาง', '', 876, 73),
(7032, 'ตลิ่งชัน', '', 876, 73),
(7033, 'ตาเนาะปูเต๊ะ', '', 876, 73),
(7034, 'ถ้ำทะลุ', '', 876, 73),
(7035, 'บันนังสตา', '', 876, 73),
(7036, 'บาเจาะ', '', 876, 73),
(7037, 'ตาเนาะแมเราะ', '', 877, 73),
(7038, 'ธารน้ำทิพย์', '', 877, 73),
(7039, 'เบตง', '', 877, 73),
(7040, 'ยะรม', '', 877, 73),
(7041, 'อัยเยอร์เวง', '', 877, 73),
(7042, 'ตาเซะ', '', 878, 73),
(7043, 'ท่าสาป', '', 878, 73),
(7044, 'บันนังสาเรง', '', 878, 73),
(7045, 'บุดี', '', 878, 73),
(7046, 'เปาะเส้ง', '', 878, 73),
(7047, 'พร่อน', '', 878, 73),
(7048, 'ยะลา', '', 878, 73),
(7049, 'ยุโป', '', 878, 73),
(7050, 'ลำพะยา', '', 878, 73),
(7051, 'ลำใหม่', '', 878, 73),
(7052, 'ลิดล', '', 878, 73),
(7053, 'สะเตง', '', 878, 73),
(7054, 'สะเตงนอก', '', 878, 73),
(7055, 'หน้าถ้ำ', '', 878, 73),
(7056, 'กาตอง', '', 879, 73),
(7057, 'ตาชี', '', 879, 73),
(7058, 'บาโงยซิแน', '', 879, 73),
(7059, 'บาโร๊ะ', '', 879, 73),
(7060, 'ปะแต', '', 879, 73),
(7061, 'ยะหา', '', 879, 73),
(7062, 'ละแอ', '', 879, 73),
(7063, 'กอตอตือร๊ะ', '', 880, 73),
(7064, 'กายูบอเกาะ', '', 880, 73),
(7065, 'กาลอ', '', 880, 73),
(7066, 'กาลูปัง', '', 880, 73),
(7067, 'เกะรอ', '', 880, 73),
(7068, 'โกตาบารู', '', 880, 73),
(7069, 'จะกว๊ะ', '', 880, 73),
(7070, 'ตะโล๊ะหะลอ', '', 880, 73),
(7071, 'ท่าธง', '', 880, 73),
(7072, 'เนินงาม', '', 880, 73),
(7073, 'บาโงย', '', 880, 73),
(7074, 'บาลอ', '', 880, 73),
(7075, 'บือมัง', '', 880, 73),
(7076, 'ยะต๊ะ', '', 880, 73),
(7077, 'วังพญา', '', 880, 73),
(7078, 'อาซ่อง', '', 880, 73),
(7079, 'จ.ป.ร.', '', 881, 74),
(7080, 'น้ำจืด', '', 881, 74),
(7081, 'น้ำจืดน้อย', '', 881, 74),
(7082, 'บางใหญ่', '', 881, 74),
(7083, 'ปากจั่น', '', 881, 74),
(7084, 'มะมุ', '', 881, 74),
(7085, 'ลำเลียง', '', 881, 74),
(7086, 'กะเปอร์', '', 882, 74),
(7087, 'เชี่ยวเหลียง', '', 882, 74),
(7088, 'บางหิน', '', 882, 74),
(7089, 'บ้านนา', '', 882, 74),
(7090, 'ม่วงกลวง', '', 882, 74),
(7091, 'เกาะพยาม', '', 883, 74),
(7092, 'เขานิเวศน์', '', 883, 74),
(7093, 'ทรายแดง', '', 883, 74),
(7094, 'บางนอน', '', 883, 74),
(7095, 'บางริ้น', '', 883, 74),
(7096, 'ปากน้ำ', '', 883, 74),
(7097, 'ราชกรูด', '', 883, 74),
(7098, 'หงาว', '', 883, 74),
(7099, 'หาดส้มแป้น', '', 883, 74),
(7100, 'ในวงใต้', '', 884, 74),
(7101, 'ในวงเหนือ', '', 884, 74),
(7102, 'บางแก้ว', '', 884, 74),
(7103, 'บางพระใต้', '', 884, 74),
(7104, 'บางพระเหนือ', '', 884, 74),
(7105, 'ละอุ่นใต้', '', 884, 74),
(7106, 'ละอุ่นเหนือ', '', 884, 74),
(7107, 'กำพวน', '', 885, 74),
(7108, 'นาคา', '', 885, 74),
(7109, 'กระแสสินธุ์', '', 886, 75),
(7110, 'เกาะใหญ่', '', 886, 75),
(7111, 'เชิงแส', '', 886, 75),
(7112, 'โรง', '', 886, 75),
(7113, 'คลองหลา', '', 887, 75),
(7114, 'คลองหอยโข่ง', '', 887, 75),
(7115, 'ทุ่งลาน', '', 887, 75),
(7116, 'ควนโส', '', 888, 75),
(7117, 'บางเหรียง', '', 888, 75),
(7118, 'รัตภูมิ', '', 888, 75),
(7119, 'ห้วยลึก', '', 888, 75),
(7120, 'ขุนตัดหวาย', '', 889, 75),
(7121, 'คลองเปียะ', '', 889, 75),
(7122, 'คู', '', 889, 75),
(7123, 'แค', '', 889, 75),
(7124, 'จะโหนง', '', 889, 75),
(7125, 'ตลิ่งชัน', '', 889, 75),
(7126, 'ท่าหมอไทร', '', 889, 75),
(7127, 'นาทับ', '', 889, 75),
(7128, 'นาหว้า', '', 889, 75),
(7129, 'น้ำขาว', '', 889, 75),
(7130, 'บ้านนา', '', 889, 75),
(7131, 'ป่าชิง', '', 889, 75),
(7132, 'สะกอม', '', 889, 75),
(7133, 'สะพานไม้แก่น', '', 889, 75),
(7134, 'เกาะสะบ้า', '', 890, 75),
(7135, 'ท่าม่วง', '', 890, 75),
(7136, 'เทพา', '', 890, 75),
(7137, 'ปากบาง', '', 890, 75),
(7138, 'ลำไพล', '', 890, 75),
(7139, 'วังใหญ่', '', 890, 75),
(7140, 'สะกอม', '', 890, 75),
(7141, 'คลองกวาง', '', 891, 75),
(7142, 'คลองทราย', '', 891, 75),
(7143, 'ฉาง', '', 891, 75),
(7144, 'ทับช้าง', '', 891, 75),
(7145, 'ท่าประดู่', '', 891, 75),
(7146, 'นาทวี', '', 891, 75),
(7147, 'นาหมอศรี', '', 891, 75),
(7148, 'ประกอบ', '', 891, 75),
(7149, 'ปลักหนู', '', 891, 75),
(7150, 'สะท้อน', '', 891, 75),
(7151, 'คลองหรัง', '', 892, 75),
(7152, 'ทุ่งขมิ้น', '', 892, 75),
(7153, 'นาหม่อม', '', 892, 75),
(7154, 'พิจิตร', '', 892, 75),
(7155, 'ท่าช้าง', '', 893, 75),
(7156, 'บางกล่ำ', '', 893, 75),
(7157, 'บ้านหาร', '', 893, 75),
(7158, 'แม่ทอม', '', 893, 75),
(7159, 'เกาะแต้ว', '', 894, 75),
(7160, 'เกาะยอ', '', 894, 75),
(7161, 'เขารูปช้าง', '', 894, 75),
(7162, 'ทุ่งหวัง', '', 894, 75),
(7163, 'บ่อยาง', '', 894, 75),
(7164, 'พะวง', '', 894, 75),
(7165, 'คลองแดน', '', 895, 75),
(7166, 'แดนสงวน', '', 895, 75),
(7167, 'ตะเครียะ', '', 895, 75),
(7168, 'ท่าบอน', '', 895, 75),
(7169, 'บ่อตรุ', '', 895, 75),
(7170, 'บ้านขาว', '', 895, 75),
(7171, 'บ้านใหม่', '', 895, 75),
(7172, 'ปากแตระ', '', 895, 75),
(7173, 'พังยาง', '', 895, 75),
(7174, 'ระโนด', '', 895, 75),
(7175, 'ระวะ', '', 895, 75),
(7176, 'วัดสน', '', 895, 75),
(7177, 'กำแพงเพชร', '', 896, 75),
(7178, 'เขาพระ', '', 896, 75),
(7179, 'ควนรู', '', 896, 75),
(7180, 'คูหาใต้', '', 896, 75),
(7181, 'ท่าชะมวง', '', 896, 75),
(7182, 'กระดังงา', '', 897, 75),
(7183, 'คลองรี', '', 897, 75),
(7184, 'คูขุด', '', 897, 75),
(7185, 'จะทิ้งพระ', '', 897, 75),
(7186, 'ชุมพล', '', 897, 75),
(7187, 'ดีหลวง', '', 897, 75),
(7188, 'ท่าหิน', '', 897, 75),
(7189, 'บ่อดาน', '', 897, 75),
(7190, 'บ่อแดง', '', 897, 75),
(7191, 'วัดจันทร์', '', 897, 75),
(7192, 'สนามชัย', '', 897, 75),
(7193, 'เขามีเกียรติ', '', 898, 75),
(7194, 'ท่าโพธิ์', '', 898, 75),
(7195, 'ทุ่งหมอ', '', 898, 75),
(7196, 'ปริก', '', 898, 75),
(7197, 'ปาดังเบซาร์', '', 898, 75),
(7198, 'พังลา', '', 898, 75),
(7199, 'สะเดา', '', 898, 75),
(7200, 'สำนักขาม', '', 898, 75),
(7201, 'สำนักแต้ว', '', 898, 75),
(7202, 'เขาแดง', '', 899, 75),
(7203, 'คูหา', '', 899, 75),
(7204, 'จะแหน', '', 899, 75),
(7205, 'ทุ่งพอ', '', 899, 75),
(7206, 'ธารคีรี', '', 899, 75),
(7207, 'บ้านโหนด', '', 899, 75),
(7208, 'บาโหย', '', 899, 75),
(7209, 'เปียน', '', 899, 75),
(7210, 'สะบ้าย้อย', '', 899, 75),
(7211, 'ชะแล้', '', 900, 75),
(7212, 'ชิงโค', '', 900, 75),
(7213, 'ทำนบ', '', 900, 75),
(7214, 'บางเขียด', '', 900, 75),
(7215, 'ปากรอ', '', 900, 75),
(7216, 'ป่าขาด', '', 900, 75),
(7217, 'ม่วงงาม', '', 900, 75),
(7218, 'รำแดง', '', 900, 75),
(7219, 'วัดขนุน', '', 900, 75),
(7220, 'สทิงหม้อ', '', 900, 75),
(7221, 'หัวเขา', '', 900, 75),
(7222, 'คลองแห', '', 901, 75),
(7223, 'คลองอู่ตะเภา', '', 901, 75),
(7224, 'ควนลัง', '', 901, 75),
(7225, 'คอหงส์', '', 901, 75),
(7226, 'คูเต่า', '', 901, 75),
(7227, 'ฉลุง', '', 901, 75),
(7228, 'ท่าข้าม', '', 901, 75),
(7229, 'ทุ่งตำเสา', '', 901, 75),
(7230, 'ทุ่งใหญ่', '', 901, 75),
(7231, 'น้ำน้อย', '', 901, 75),
(7232, 'บ้านพรุ', '', 901, 75),
(7233, 'พะตง', '', 901, 75),
(7234, 'หาดใหญ่', '', 901, 75),
(7235, 'ควนกาหลง', '', 902, 76),
(7236, 'ทุ่งนุ้ย', '', 902, 76),
(7237, 'อุไดเจริญ', '', 902, 76),
(7238, 'ควนโดน', '', 903, 76),
(7239, 'ควนสตอ', '', 903, 76),
(7240, 'ย่านซื่อ', '', 903, 76),
(7241, 'วังประจัน', '', 903, 76),
(7242, 'ท่าแพ', '', 904, 76),
(7243, 'ท่าเรือ', '', 904, 76),
(7244, 'แป-ระ', '', 904, 76),
(7245, 'สาคร', '', 904, 76),
(7246, 'ขอนคลาน', '', 905, 76),
(7247, 'ทุ่งบุหลัง', '', 905, 76),
(7248, 'ทุ่งหว้า', '', 905, 76),
(7249, 'นาทอน', '', 905, 76),
(7250, 'ป่าแก่บ่อหิน', '', 905, 76),
(7251, 'นิคมพัฒนา', '', 906, 76),
(7252, 'ปาล์มพัฒนา', '', 906, 76),
(7253, 'เกตรี', '', 907, 76),
(7254, 'เกาะสาหร่าย', '', 907, 76),
(7255, 'คลองขุด', '', 907, 76),
(7256, 'ควนขัน', '', 907, 76),
(7257, 'ควนโพธิ์', '', 907, 76),
(7258, 'เจ๊ะบิลัง', '', 907, 76),
(7259, 'ฉลุง', '', 907, 76),
(7260, 'ตันหยงโป', '', 907, 76),
(7261, 'ตำมะลัง', '', 907, 76),
(7262, 'บ้านควน', '', 907, 76),
(7263, 'ปูยู', '', 907, 76),
(7264, 'พิมาน', '', 907, 76),
(7265, 'กำแพง', '', 908, 76),
(7266, 'เขาขาว', '', 908, 76),
(7267, 'น้ำผุด', '', 908, 76),
(7268, 'ปากน้ำ', '', 908, 76),
(7269, 'ละงู', '', 908, 76),
(7270, 'แหลมสน', '', 908, 76),
(7271, 'กรูด', '', 909, 77),
(7272, 'กะแดะ', '', 909, 77),
(7273, 'คลองสระ', '', 909, 77),
(7274, 'ช้างขวา', '', 909, 77),
(7275, 'ช้างซ้าย', '', 909, 77),
(7276, 'ตะเคียนทอง', '', 909, 77),
(7277, 'ท่าทอง', '', 909, 77),
(7278, 'ท่าทองใหม่', '', 909, 77),
(7279, 'ท่าอุแท', '', 909, 77),
(7280, 'ทุ่งกง', '', 909, 77),
(7281, 'ทุ่งรัง', '', 909, 77),
(7282, 'ป่าร่อน', '', 909, 77),
(7283, 'พลายวาส', '', 909, 77),
(7284, 'เกาะเต่า', '', 910, 77),
(7285, 'เกาะพะงัน', '', 910, 77),
(7286, 'บ้านใต้', '', 910, 77),
(7287, 'ตลิ่งงาม', '', 911, 77),
(7288, 'บ่อผุด', '', 911, 77),
(7289, 'มะเร็ต', '', 911, 77),
(7290, 'แม่น้ำ', '', 911, 77),
(7291, 'ลิปะน้อย', '', 911, 77),
(7292, 'หน้าเมือง', '', 911, 77),
(7293, 'กะเปา', '', 912, 77),
(7294, 'ถ้ำสิงขร', '', 912, 77),
(7295, 'ท่ากระดาน', '', 912, 77),
(7296, 'ท่าขนอน', '', 912, 77),
(7297, 'น้ำหัก', '', 912, 77),
(7298, 'บ้านทำเนียบ', '', 912, 77),
(7299, 'บ้านยาง', '', 912, 77),
(7300, 'ย่านยาว', '', 912, 77),
(7301, 'เขาตอก', '', 913, 77),
(7302, 'เคียนซา', '', 913, 77),
(7303, 'บ้านเสด็จ', '', 913, 77),
(7304, 'พ่วงพรมคร', '', 913, 77),
(7305, 'อรัญคามวารี', '', 913, 77),
(7306, 'คลองน้อย', '', 914, 77),
(7307, 'ชัยบุรี', '', 914, 77),
(7308, 'ไทรทอง', '', 914, 77),
(7309, 'สองแพรก', '', 914, 77),
(7310, 'ตลาดไชยา', '', 915, 77),
(7311, 'ตะกรบ', '', 915, 77),
(7312, 'ทุ่ง', '', 915, 77),
(7313, 'ปากหมาก', '', 915, 77),
(7314, 'ป่าเว', '', 915, 77),
(7315, 'พุมเรียง', '', 915, 77),
(7316, 'โมถ่าย', '', 915, 77),
(7317, 'เลม็ด', '', 915, 77),
(7318, 'เวียง', '', 915, 77),
(7319, 'ชลคราม', '', 916, 77),
(7320, 'ไชยคราม', '', 916, 77),
(7321, 'ดอนสัก', '', 916, 77),
(7322, 'ปากแพรก', '', 916, 77),
(7323, 'เขาถ่าน', '', 917, 77),
(7324, 'คลองไทร', '', 917, 77),
(7325, 'ท่าเคย', '', 917, 77),
(7326, 'ท่าฉาง', '', 917, 77),
(7327, 'ปากฉลุย', '', 917, 77),
(7328, 'เสวียด', '', 917, 77),
(7329, 'คลองพา', '', 918, 77),
(7330, 'คันธุลี', '', 918, 77),
(7331, 'ท่าชนะ', '', 918, 77),
(7332, 'ประสงค์', '', 918, 77),
(7333, 'วัง', '', 918, 77),
(7334, 'สมอทอง', '', 918, 77),
(7335, 'เขาพัง', '', 919, 77),
(7336, 'เขาวง', '', 919, 77),
(7337, 'พรุไทย', '', 919, 77),
(7338, 'พะแสง', '', 919, 77),
(7339, 'ทรัพย์ทวี', '', 920, 77),
(7340, 'ท่าเรือ', '', 920, 77),
(7341, 'นาใต้', '', 920, 77),
(7342, 'บ้านนา', '', 920, 77),
(7343, 'คลองปราบ', '', 921, 77),
(7344, 'ควนศรี', '', 921, 77),
(7345, 'ควนสุบรรณ', '', 921, 77),
(7346, 'ท่าชี', '', 921, 77),
(7347, 'ทุ่งเตา', '', 921, 77),
(7348, 'ทุ่งเตาใหม่', '', 921, 77),
(7349, 'นาสาร', '', 921, 77),
(7350, 'น้ำพุ', '', 921, 77),
(7351, 'พรุพี', '', 921, 77),
(7352, 'เพิ่มพูนทรัพย์', '', 921, 77),
(7353, 'ลำพูน', '', 921, 77),
(7354, 'คลองชะอุ่น', '', 922, 77),
(7355, 'คลองศก', '', 922, 77),
(7356, 'ต้นยวน', '', 922, 77),
(7357, 'พนม', '', 922, 77),
(7358, 'พลูเถื่อน', '', 922, 77),
(7359, 'พังกาญจน์', '', 922, 77),
(7360, 'ไทรขึง', '', 923, 77),
(7361, 'ไทรโสภา', '', 923, 77),
(7362, 'บางสวรรค์', '', 923, 77),
(7363, 'สาคู', '', 923, 77),
(7364, 'สินเจริญ', '', 923, 77),
(7365, 'สินปุน', '', 923, 77),
(7366, 'อิปัน', '', 923, 77),
(7367, 'กรูด', '', 924, 77),
(7368, 'เขาหัวควาย', '', 924, 77),
(7369, 'ตะปาน', '', 924, 77),
(7370, 'ท่าข้าม', '', 924, 77),
(7371, 'ท่าโรงช้าง', '', 924, 77),
(7372, 'ท่าสะท้อน', '', 924, 77),
(7373, 'น้ำรอบ', '', 924, 77),
(7374, 'บางงอน', '', 924, 77),
(7375, 'บางเดือน', '', 924, 77),
(7376, 'บางมะเดื่อ', '', 924, 77),
(7377, 'พุนพิน', '', 924, 77),
(7378, 'มะลวน', '', 924, 77),
(7379, 'ลีเล็ด', '', 924, 77),
(7380, 'ศรีวิชัย', '', 924, 77),
(7381, 'หนองไทร', '', 924, 77),
(7382, 'หัวเตย', '', 924, 77),
(7383, 'ขุนทะเล', '', 925, 77),
(7384, 'คลองฉนาก', '', 925, 77),
(7385, 'คลองน้อย', '', 925, 77),
(7386, 'ตลาด', '', 925, 77),
(7387, 'บางกุ้ง', '', 925, 77),
(7388, 'บางชนะ', '', 925, 77),
(7389, 'บางไทร', '', 925, 77),
(7390, 'บางใบไม้', '', 925, 77),
(7391, 'บางโพธิ์', '', 925, 77),
(7392, 'มะขามเตี้ย', '', 925, 77),
(7393, 'วัดประดู่', '', 925, 77),
(7394, 'ตะกุกใต้', '', 926, 77),
(7395, 'ตะกุกเหนือ', '', 926, 77),
(7396, 'เขานิพันธ์', '', 927, 77),
(7397, 'คลองฉนวน', '', 927, 77),
(7398, 'ทุ่งหลวง', '', 927, 77),
(7399, 'บ้านส้อง', '', 927, 77),
(7400, 'เวียงสระ', '', 927, 77),
(7401, '', '', 0, 0);

-- --------------------------------------------------------

--
-- Table structure for table `tb_user`
--

CREATE TABLE IF NOT EXISTS `tb_user` (
  `user_id` int(11) NOT NULL,
  `user_pers_id_ref` int(11) NOT NULL,
  `user_permission` varchar(10) NOT NULL,
  `user_username` varchar(100) NOT NULL,
  `user_password` varchar(32) NOT NULL,
  `user_sts_active` varchar(3) NOT NULL DEFAULT 'on'
) ENGINE=MyISAM AUTO_INCREMENT=38 DEFAULT CHARSET=utf8;

--
-- Dumping data for table `tb_user`
--

INSERT INTO `tb_user` (`user_id`, `user_pers_id_ref`, `user_permission`, `user_username`, `user_password`, `user_sts_active`) VALUES
(0, 0, '0', 'admin', '81dc9bdb52d04dc20036dbd8313ed055', 'on'),
(1, 1, '0', 'plus01', '81dc9bdb52d04dc20036dbd8313ed055', 'on'),
(2, 2, '3', 'plus02', '81dc9bdb52d04dc20036dbd8313ed055', 'on'),
(3, 3, '3', 'plus03', '81dc9bdb52d04dc20036dbd8313ed055', 'on'),
(4, 4, '3', 'plus04', '81dc9bdb52d04dc20036dbd8313ed055', 'on'),
(5, 5, '3', 'plus05', '81dc9bdb52d04dc20036dbd8313ed055', 'on'),
(6, 6, '3', 'plus06', '81dc9bdb52d04dc20036dbd8313ed055', 'on'),
(7, 7, '3', 'plus07', '81dc9bdb52d04dc20036dbd8313ed055', 'on'),
(8, 8, '3', 'plus08', '81dc9bdb52d04dc20036dbd8313ed055', 'on'),
(9, 9, '3', 'plus09', '81dc9bdb52d04dc20036dbd8313ed055', 'on'),
(10, 10, '3', 'plus10', '81dc9bdb52d04dc20036dbd8313ed055', 'on'),
(11, 11, '3', 'plus11', '81dc9bdb52d04dc20036dbd8313ed055', 'on'),
(12, 12, '3', 'plus12', '81dc9bdb52d04dc20036dbd8313ed055', 'on'),
(13, 13, '5', 'aumladam', '639a5cb452a3cfa8fc25ed05d281a5e5', 'on'),
(14, 14, '2', 'phakawatk', '38e32dc57e535945203545ae34b9b34f', 'on'),
(15, 15, '1', 'rawisaray', '9b8abe8a5814fe817040581f0edf0fa0', 'on'),
(16, 16, '4', 'suwimons', 'b0829269b12066b62ea46b52fb103180', 'on'),
(17, 17, '4', 'titiporns', 'ed7dead7912be11213a168f969450d6a', 'on'),
(18, 18, '4', 'kuratcharar', '05393dfa1bd92dfa7f5084dc53e75b88', 'on'),
(19, 19, '4', 'supichaw', 'b155bd981c09ee306e9b3654730b35e0', 'on'),
(20, 20, '3', 'shotirosj', '2aa42ca9e5e52d0086af28f5e0a063cb', 'on'),
(21, 21, '3', 'prapapunt', '06db923b924cbebce46fb22bfdb5bc40', 'on'),
(22, 22, '3', 'rawipornk', '0ad43123cb4997dbb6522e4f1b57bc81', 'on'),
(23, 23, '3', 'kannikare', '08875f7cc13ab843790a453c28a4e3ee', 'on'),
(24, 24, '3', 'gedsiric', '2107b5df0f3abb200f80246c7eb0ace6', 'on'),
(25, 25, '5', 'accountM', '81dc9bdb52d04dc20036dbd8313ed055', 'on'),
(26, 26, '2', 'somruethais', '7c4c3fd4e4e8c5648c078ad287726368', 'on'),
(27, 27, '3', 'pornyadar', '8046b15ade589bab3dd34e2e7814bf24', 'on'),
(28, 28, '3', 'rucharatm', '9554093caf7680a1c388f6fe9492cc1f', 'on'),
(29, 29, '3', 'natpakhalr', '71351d7588a66657c0c22fb2a51cbd8a', 'on'),
(30, 30, '0', 'roongrojc', 'ea4fc89105451c7deef7e24ac1d0dcb0', 'on'),
(31, 31, '4', 'chetniphatt', 'f5cee3b813fb1466eb4af937df47dfe4', 'on'),
(32, 32, '4', 'wanakorns', '9a6bea30de515615ad00810c66645996', 'on'),
(33, 33, '3', 'juntimaw', 'b6f0b0beb4a635878ffc8960b1bb7a3e', 'on'),
(34, 34, '3', 'chotikaj', 'ddc7192fa0e93e093f9ecc187edabf18', 'on'),
(35, 35, '3', 'phattranisw', 'da7355bfb0bf9113ef783ccbbc4646f2', 'on'),
(36, 36, '3', 'sivaporns', '6068d478ea477668048e25ee6e1a5f58', 'on'),
(37, 37, '0', 'kob1944', '81dc9bdb52d04dc20036dbd8313ed055', 'on');

-- --------------------------------------------------------

--
-- Table structure for table `tb_user_authorize`
--

CREATE TABLE IF NOT EXISTS `tb_user_authorize` (
  `user_id` int(11) NOT NULL,
  `user_bookingfee` varchar(100) NOT NULL,
  `user_contactfee` varchar(100) NOT NULL,
  `user_installmentfee` varchar(100) NOT NULL,
  `user_remark` varchar(250) NOT NULL
) ENGINE=InnoDB DEFAULT CHARSET=latin1;

-- --------------------------------------------------------

--
-- Table structure for table `tb_user_personal_info`
--

CREATE TABLE IF NOT EXISTS `tb_user_personal_info` (
  `user_pers_id` int(11) NOT NULL,
  `user_pers_fname` varchar(50) NOT NULL,
  `user_pers_lname` varchar(50) NOT NULL,
  `user_pers_fname_en` varchar(50) DEFAULT NULL,
  `user_pers_lname_en` varchar(50) DEFAULT NULL,
  `user_pers_card_id` varchar(20) NOT NULL,
  `user_pers_address` text NOT NULL,
  `user_pers_mobile` varchar(20) NOT NULL,
  `user_pers_user_id` int(11) DEFAULT NULL
) ENGINE=MyISAM AUTO_INCREMENT=38 DEFAULT CHARSET=utf8;

--
-- Dumping data for table `tb_user_personal_info`
--

INSERT INTO `tb_user_personal_info` (`user_pers_id`, `user_pers_fname`, `user_pers_lname`, `user_pers_fname_en`, `user_pers_lname_en`, `user_pers_card_id`, `user_pers_address`, `user_pers_mobile`, `user_pers_user_id`) VALUES
(0, 'admin', 'admin', NULL, NULL, '0-0000-00000-00-0', '', '000-000-0000', 0),
(1, 'จารุวรรณ ', 'แก่นสาร', NULL, NULL, '0-0000-00000-00-0', '', '000-000-0000', 1),
(2, 'กชพร', 'กาญจนพบู', NULL, NULL, '0-0000-00000-00-0', '', '000-000-0000', 2),
(3, 'จิรฐา ', 'อู่เจริญ', NULL, NULL, '0-0000-00000-00-0', '', '000-000-0000', 3),
(4, 'ภารดี ', 'หิรัญยะศาสตร์', NULL, NULL, '0-0000-00000-00-0', '', '000-000-0000', 4),
(5, 'ลักขณา ', 'สามเสน', NULL, NULL, '0-0000-00000-00-0', '', '000-000-0000', 5),
(6, 'สุภัทรา ', 'ขวัญศิริโรจน์', NULL, NULL, '0-0000-00000-00-0', '', '000-000-0000', 6),
(7, 'อภิรดี ', 'ตรีลพ', NULL, NULL, '0-0000-00000-00-0', '', '000-000-0000', 7),
(8, 'อรอุมา ', 'เกื้อกูลสงฆ์', NULL, NULL, '0-0000-00000-00-0', '', '000-000-0000', 8),
(9, 'กิตติพงษ์ ', 'พุทธศรีจารุ', NULL, NULL, '0-0000-00000-00-0', '', '000-000-0000', 9),
(10, 'มนตรีวัฒน์ ', 'มณฑนะโสภิต', NULL, NULL, '0-0000-00000-00-0', '', '000-000-0000', 10),
(11, 'วิวัฒน์ ', 'โวหาร', NULL, NULL, '0-0000-00000-00-0', '', '000-000-0000', 11),
(12, 'ศิร', 'ศิร', NULL, NULL, '0-0000-00000-00-0', '', '000-000-0000', 12),
(13, 'อัมลดา', 'มาตหลุบเลา', NULL, NULL, '0-0000-00000-00-0', '', '', 13),
(14, 'ภควัต', 'แก้วแกมทอง', NULL, NULL, '0-0000-00000-00-0', '', '', 14),
(15, 'รวิสรา', 'อยู่วรรณกุล', 'RAWISRA', 'YOOWANNAKUL', '0-0000-00000-00-0', '', '', 15),
(16, 'สุวิมล', 'สุทธรัตนกุล', 'SUWIMON', 'SUTTHARATANAKUL', '0-0000-00000-00-0', '', '', 16),
(17, 'ฐิติพร', 'ศิษย์พุทธธรรม', 'TITIPORN', 'SITPUTTHAM', '0-0000-00000-00-0', '', '', 17),
(18, 'กุลัจฉรา', 'หรั่งเทศ', 'KURATCHARA', 'RANGTES', '0-0000-00000-00-0', '', '', 18),
(19, 'สุพิชา', 'วุฒฑปุญโญ', 'SUPICHA', 'WUTTHAPUNYO', '0-0000-00000-00-0', '', '', 19),
(20, 'โชติรส', 'จันทร์กระจ่าง ', 'SHOTIROS', 'JUNKRAJANG', '0-0000-00000-00-0', '', '', 20),
(21, 'ประภาพรรณ', 'ตันเจริญ', 'PRAPAPUN', 'TUNCHAROEN', '0-0000-00000-00-0', '', '', 21),
(22, 'รวิพร', 'กิตติสิริพันธุ์', 'RAWIPORN', 'KITTISIRIPAN', '0-0000-00000-00-0', '', '', 22),
(23, 'กรรณิการ์', 'เอกดิษฐ', 'KANNIKAR', 'EAKDIT', '0-0000-00000-00-0', '', '', 23),
(24, 'เกษศิริ', 'เจริญธรรม', 'Gedsiri', 'Chareontum', '0-0000-00000-00-0', '', '', 24),
(25, 'Account', 'Manager', NULL, NULL, '0-0000-00000-00-0', '', '', 25),
(26, 'สมฤทัย', 'แสงสุรินทร์', NULL, NULL, '0-0000-00000-00-0', '', '', 26),
(27, 'พรญาดา', 'เรซัม', NULL, NULL, '0-0000-00000-00-0', '', '085-566-5012', 27),
(28, 'ฤชารัตน์', 'มีชื่น', NULL, NULL, '0-0000-00000-00-0', '', '088-942-3564', 28),
(29, 'ณัฐปคัญฬ์', 'รื่นคู่', NULL, NULL, '0-0000-00000-00-0', '', '089-411-3442', 29),
(30, 'Roongroj', 'Chokngamwong', NULL, NULL, '9-9999-99999-99-9', '', '', 30),
(31, 'เจตนิพัทธ์', 'เธียรประจักษ์', NULL, NULL, '0-0000-00000-00-0', '', '', 31),
(32, 'วรรณกร', 'สุวรรณกูฏ', NULL, NULL, '0-0000-00000-00-0', '', '', 32),
(33, 'จันทิมา', 'วัฒนาวราพิทักษ์', NULL, NULL, '0-0000-00000-00-0', '', '', 33),
(34, 'โชติกา', 'จันทร์กระจ่าง', 'chotika', 'jankrajang', '0-0000-00000-00-0', '', '', 34),
(35, 'ภัทรานิษฐ์', 'วัฒนเกียรติบำรุง', NULL, NULL, '0-0000-00000-00-0', '', '', 35),
(36, 'ศิวพร', 'ศูนย์กลาง', NULL, NULL, '0-0008-30783-68-8', '', '083-078-3688', 36),
(37, 'ทรงสิทธิ์', 'เหมืองหม้อ', 'songsit', 'muangmo', '1103100190383', '', '', 37);

-- --------------------------------------------------------

--
-- Table structure for table `tb_user_working_info`
--

CREATE TABLE IF NOT EXISTS `tb_user_working_info` (
  `user_work_id` int(11) NOT NULL,
  `user_work_company` varchar(100) NOT NULL,
  `user_work_position` varchar(100) NOT NULL,
  `user_work_emp_id` varchar(20) NOT NULL,
  `user_work_user_id` int(11) NOT NULL
) ENGINE=MyISAM AUTO_INCREMENT=40 DEFAULT CHARSET=utf8;

--
-- Dumping data for table `tb_user_working_info`
--

INSERT INTO `tb_user_working_info` (`user_work_id`, `user_work_company`, `user_work_position`, `user_work_emp_id`, `user_work_user_id`) VALUES
(0, 'admin', 'admin', '0', 0),
(1, 'siralai', 'sale', '1', 1),
(2, 'siralai', 'sale', '2', 2),
(3, 'siralai', 'sale', '3', 3),
(4, 'siralai', 'sale', '4', 4),
(5, 'siralai', 'sale', '5', 5),
(6, 'siralai', 'sale', '6', 6),
(7, 'siralai', 'sale', '7', 7),
(8, 'siralai', 'sale', '8', 8),
(9, 'siralai', 'sale', '9', 9),
(10, 'siralai', 'sale', '10', 10),
(11, 'siralai', 'sale', '11', 11),
(12, 'siralai', 'sale', '12', 12),
(14, 'siralai', '', '14', 14),
(18, 'THAN LIVING', 'Property Consultant Manager', '18', 18),
(20, 'THAN LIVING', 'Property Consultant', '20', 20),
(21, 'THAN LIVING', 'Property Consultant', '21', 21),
(22, 'THAN LIVING', 'Property Consultant', '22', 22),
(23, 'THAN LIVING', 'Property Consultant', '23', 23),
(25, 'THAN LIVING', '', '25', 25),
(26, 'โครงการรัชดา - วงศ์สว่าง', 'เจ้าหน้าที่การเงิน', '26', 26),
(27, '', '', '27', 27),
(28, '', '', '28', 28),
(29, '', '', '29', 29),
(30, '', '', '30', 30),
(31, '', '', '31', 31),
(36, 'Kitha Properties', 'Sale', '36', 36),
(33, '', '', '33', 33),
(38, 'real com.', '', '34', 34),
(35, '', '', '35', 35),
(39, '', '', '37', 37);

-- --------------------------------------------------------

--
-- Table structure for table `tb_visit_type`
--

CREATE TABLE IF NOT EXISTS `tb_visit_type` (
  `vt_id` smallint(6) unsigned NOT NULL,
  `vt_name` varchar(40) NOT NULL DEFAULT ''
) ENGINE=MyISAM AUTO_INCREMENT=4 DEFAULT CHARSET=utf8;

--
-- Dumping data for table `tb_visit_type`
--

INSERT INTO `tb_visit_type` (`vt_id`, `vt_name`) VALUES
(1, 'Walk in'),
(2, 'Call in'),
(3, 'Website');

--
-- Indexes for dumped tables
--

--
-- Indexes for table `log_customer_credit`
--
ALTER TABLE `log_customer_credit`
  ADD PRIMARY KEY (`cc_id`);

--
-- Indexes for table `log_lead_remark`
--
ALTER TABLE `log_lead_remark`
  ADD PRIMARY KEY (`lr_id`);

--
-- Indexes for table `tb_assign_project`
--
ALTER TABLE `tb_assign_project`
  ADD PRIMARY KEY (`assign_id`);

--
-- Indexes for table `tb_authorized_user`
--
ALTER TABLE `tb_authorized_user`
  ADD PRIMARY KEY (`au_id`);

--
-- Indexes for table `tb_bank`
--
ALTER TABLE `tb_bank`
  ADD PRIMARY KEY (`b_id`);

--
-- Indexes for table `tb_bank_account`
--
ALTER TABLE `tb_bank_account`
  ADD PRIMARY KEY (`ba_id`);

--
-- Indexes for table `tb_budget`
--
ALTER TABLE `tb_budget`
  ADD PRIMARY KEY (`id`);

--
-- Indexes for table `tb_countries`
--
ALTER TABLE `tb_countries`
  ADD PRIMARY KEY (`country_id`);

--
-- Indexes for table `tb_credit_type`
--
ALTER TABLE `tb_credit_type`
  ADD PRIMARY KEY (`ct_id`);

--
-- Indexes for table `tb_customer`
--
ALTER TABLE `tb_customer`
  ADD PRIMARY KEY (`cus_id`);

--
-- Indexes for table `tb_customer_address_current_info`
--
ALTER TABLE `tb_customer_address_current_info`
  ADD PRIMARY KEY (`addr_cur_id`);

--
-- Indexes for table `tb_customer_address_info`
--
ALTER TABLE `tb_customer_address_info`
  ADD PRIMARY KEY (`addr_id`);

--
-- Indexes for table `tb_customer_address_lastest`
--
ALTER TABLE `tb_customer_address_lastest`
  ADD PRIMARY KEY (`addr_lastest_id`);

--
-- Indexes for table `tb_customer_contact_info`
--
ALTER TABLE `tb_customer_contact_info`
  ADD PRIMARY KEY (`con_id`);

--
-- Indexes for table `tb_customer_personal_info`
--
ALTER TABLE `tb_customer_personal_info`
  ADD PRIMARY KEY (`pers_id`);

--
-- Indexes for table `tb_customer_project`
--
ALTER TABLE `tb_customer_project`
  ADD PRIMARY KEY (`cp_id`);

--
-- Indexes for table `tb_customer_working_info`
--
ALTER TABLE `tb_customer_working_info`
  ADD PRIMARY KEY (`work_id`);

--
-- Indexes for table `tb_district`
--
ALTER TABLE `tb_district`
  ADD PRIMARY KEY (`d_id`);

--
-- Indexes for table `tb_faq`
--
ALTER TABLE `tb_faq`
  ADD PRIMARY KEY (`fq_id`);

--
-- Indexes for table `tb_media_type`
--
ALTER TABLE `tb_media_type`
  ADD PRIMARY KEY (`mt_id`);

--
-- Indexes for table `tb_nationality`
--
ALTER TABLE `tb_nationality`
  ADD PRIMARY KEY (`nt_id`);

--
-- Indexes for table `tb_opportunity_stages`
--
ALTER TABLE `tb_opportunity_stages`
  ADD PRIMARY KEY (`op_id`);

--
-- Indexes for table `tb_permission`
--
ALTER TABLE `tb_permission`
  ADD PRIMARY KEY (`pm_id`);

--
-- Indexes for table `tb_postcode`
--
ALTER TABLE `tb_postcode`
  ADD PRIMARY KEY (`pc_id`,`pc_code`,`pc_district_id`);

--
-- Indexes for table `tb_project`
--
ALTER TABLE `tb_project`
  ADD PRIMARY KEY (`pj_id`);

--
-- Indexes for table `tb_province`
--
ALTER TABLE `tb_province`
  ADD PRIMARY KEY (`pv_id`);

--
-- Indexes for table `tb_regis_from_web`
--
ALTER TABLE `tb_regis_from_web`
  ADD PRIMARY KEY (`regis_id`);

--
-- Indexes for table `tb_room_type`
--
ALTER TABLE `tb_room_type`
  ADD PRIMARY KEY (`room_type_id`);

--
-- Indexes for table `tb_sub_district`
--
ALTER TABLE `tb_sub_district`
  ADD PRIMARY KEY (`sd_id`);

--
-- Indexes for table `tb_user`
--
ALTER TABLE `tb_user`
  ADD PRIMARY KEY (`user_id`);

--
-- Indexes for table `tb_user_personal_info`
--
ALTER TABLE `tb_user_personal_info`
  ADD PRIMARY KEY (`user_pers_id`);

--
-- Indexes for table `tb_user_working_info`
--
ALTER TABLE `tb_user_working_info`
  ADD PRIMARY KEY (`user_work_id`);

--
-- Indexes for table `tb_visit_type`
--
ALTER TABLE `tb_visit_type`
  ADD PRIMARY KEY (`vt_id`);

--
-- AUTO_INCREMENT for dumped tables
--

--
-- AUTO_INCREMENT for table `log_customer_credit`
--
ALTER TABLE `log_customer_credit`
  MODIFY `cc_id` int(11) NOT NULL AUTO_INCREMENT,AUTO_INCREMENT=2;
--
-- AUTO_INCREMENT for table `log_lead_remark`
--
ALTER TABLE `log_lead_remark`
  MODIFY `lr_id` int(11) NOT NULL AUTO_INCREMENT;
--
-- AUTO_INCREMENT for table `tb_assign_project`
--
ALTER TABLE `tb_assign_project`
  MODIFY `assign_id` int(11) NOT NULL AUTO_INCREMENT,AUTO_INCREMENT=56;
--
-- AUTO_INCREMENT for table `tb_authorized_user`
--
ALTER TABLE `tb_authorized_user`
  MODIFY `au_id` int(11) NOT NULL AUTO_INCREMENT,AUTO_INCREMENT=2;
--
-- AUTO_INCREMENT for table `tb_bank_account`
--
ALTER TABLE `tb_bank_account`
  MODIFY `ba_id` int(11) unsigned NOT NULL AUTO_INCREMENT,AUTO_INCREMENT=21;
--
-- AUTO_INCREMENT for table `tb_budget`
--
ALTER TABLE `tb_budget`
  MODIFY `id` smallint(6) NOT NULL AUTO_INCREMENT,AUTO_INCREMENT=7;
--
-- AUTO_INCREMENT for table `tb_countries`
--
ALTER TABLE `tb_countries`
  MODIFY `country_id` int(11) NOT NULL AUTO_INCREMENT,AUTO_INCREMENT=243;
--
-- AUTO_INCREMENT for table `tb_credit_type`
--
ALTER TABLE `tb_credit_type`
  MODIFY `ct_id` int(2) NOT NULL AUTO_INCREMENT,AUTO_INCREMENT=5;
--
-- AUTO_INCREMENT for table `tb_customer_contact_info`
--
ALTER TABLE `tb_customer_contact_info`
  MODIFY `con_id` int(11) NOT NULL AUTO_INCREMENT,AUTO_INCREMENT=12;
--
-- AUTO_INCREMENT for table `tb_customer_project`
--
ALTER TABLE `tb_customer_project`
  MODIFY `cp_id` int(11) unsigned NOT NULL AUTO_INCREMENT,AUTO_INCREMENT=489;
--
-- AUTO_INCREMENT for table `tb_customer_working_info`
--
ALTER TABLE `tb_customer_working_info`
  MODIFY `work_id` int(11) NOT NULL AUTO_INCREMENT,AUTO_INCREMENT=12;
--
-- AUTO_INCREMENT for table `tb_district`
--
ALTER TABLE `tb_district`
  MODIFY `d_id` int(5) NOT NULL AUTO_INCREMENT,AUTO_INCREMENT=928;
--
-- AUTO_INCREMENT for table `tb_faq`
--
ALTER TABLE `tb_faq`
  MODIFY `fq_id` int(11) NOT NULL AUTO_INCREMENT;
--
-- AUTO_INCREMENT for table `tb_media_type`
--
ALTER TABLE `tb_media_type`
  MODIFY `mt_id` smallint(6) unsigned NOT NULL AUTO_INCREMENT,AUTO_INCREMENT=10;
--
-- AUTO_INCREMENT for table `tb_nationality`
--
ALTER TABLE `tb_nationality`
  MODIFY `nt_id` int(11) NOT NULL AUTO_INCREMENT,AUTO_INCREMENT=193;
--
-- AUTO_INCREMENT for table `tb_opportunity_stages`
--
ALTER TABLE `tb_opportunity_stages`
  MODIFY `op_id` int(11) NOT NULL AUTO_INCREMENT,AUTO_INCREMENT=6;
--
-- AUTO_INCREMENT for table `tb_permission`
--
ALTER TABLE `tb_permission`
  MODIFY `pm_id` int(11) NOT NULL AUTO_INCREMENT,AUTO_INCREMENT=6;
--
-- AUTO_INCREMENT for table `tb_project`
--
ALTER TABLE `tb_project`
  MODIFY `pj_id` int(11) NOT NULL AUTO_INCREMENT,AUTO_INCREMENT=7;
--
-- AUTO_INCREMENT for table `tb_province`
--
ALTER TABLE `tb_province`
  MODIFY `pv_id` int(5) NOT NULL AUTO_INCREMENT,AUTO_INCREMENT=79;
--
-- AUTO_INCREMENT for table `tb_room_type`
--
ALTER TABLE `tb_room_type`
  MODIFY `room_type_id` int(11) NOT NULL AUTO_INCREMENT,AUTO_INCREMENT=7;
--
-- AUTO_INCREMENT for table `tb_sub_district`
--
ALTER TABLE `tb_sub_district`
  MODIFY `sd_id` int(5) NOT NULL AUTO_INCREMENT,AUTO_INCREMENT=7402;
--
-- AUTO_INCREMENT for table `tb_user`
--
ALTER TABLE `tb_user`
  MODIFY `user_id` int(11) NOT NULL AUTO_INCREMENT,AUTO_INCREMENT=38;
--
-- AUTO_INCREMENT for table `tb_user_personal_info`
--
ALTER TABLE `tb_user_personal_info`
  MODIFY `user_pers_id` int(11) NOT NULL AUTO_INCREMENT,AUTO_INCREMENT=38;
--
-- AUTO_INCREMENT for table `tb_user_working_info`
--
ALTER TABLE `tb_user_working_info`
  MODIFY `user_work_id` int(11) NOT NULL AUTO_INCREMENT,AUTO_INCREMENT=40;
--
-- AUTO_INCREMENT for table `tb_visit_type`
--
ALTER TABLE `tb_visit_type`
  MODIFY `vt_id` smallint(6) unsigned NOT NULL AUTO_INCREMENT,AUTO_INCREMENT=4;
/*!40101 SET CHARACTER_SET_CLIENT=@OLD_CHARACTER_SET_CLIENT */;
/*!40101 SET CHARACTER_SET_RESULTS=@OLD_CHARACTER_SET_RESULTS */;
/*!40101 SET COLLATION_CONNECTION=@OLD_COLLATION_CONNECTION */;
